  0
SECTION
  2
HEADER
  9
$ACADVER
  1
AC1024
  9
$ACADMAINTVER
 70
   226
  9
$DWGCODEPAGE
  3
ANSI_1252
  9
$INSBASE
 10
0.0
 20
0.0
 30
0.0
  9
$EXTMIN
 10
1.000000000000000E+20
 20
1.000000000000000E+20
 30
1.000000000000000E+20
  9
$EXTMAX
 10
-1.000000000000000E+20
 20
-1.000000000000000E+20
 30
-1.000000000000000E+20
  9
$LIMMIN
 10
0.0
 20
0.0
  9
$LIMMAX
 10
12.0
 20
9.0
  9
$ORTHOMODE
 70
     0
  9
$REGENMODE
 70
     1
  9
$FILLMODE
 70
     1
  9
$QTEXTMODE
 70
     0
  9
$MIRRTEXT
 70
     0
  9
$LTSCALE
 40
1.0
  9
$ATTMODE
 70
     1
  9
$TEXTSIZE
 40
0.2
  9
$TRACEWID
 40
0.05
  9
$TEXTSTYLE
  7
Standard
  9
$CLAYER
  8
0
  9
$CELTYPE
  6
ByLayer
  9
$CECOLOR
 62
   256
  9
$CELTSCALE
 40
1.0
  9
$DISPSILH
 70
     0
  9
$DIMSCALE
 40
1.0
  9
$DIMASZ
 40
0.18
  9
$DIMEXO
 40
0.0625
  9
$DIMDLI
 40
0.38
  9
$DIMRND
 40
0.0
  9
$DIMDLE
 40
0.0
  9
$DIMEXE
 40
0.18
  9
$DIMTP
 40
0.0
  9
$DIMTM
 40
0.0
  9
$DIMTXT
 40
0.18
  9
$DIMCEN
 40
0.09
  9
$DIMTSZ
 40
0.0
  9
$DIMTOL
 70
     0
  9
$DIMLIM
 70
     0
  9
$DIMTIH
 70
     1
  9
$DIMTOH
 70
     1
  9
$DIMSE1
 70
     0
  9
$DIMSE2
 70
     0
  9
$DIMTAD
 70
     0
  9
$DIMZIN
 70
     0
  9
$DIMBLK
  1

  9
$DIMASO
 70
     1
  9
$DIMSHO
 70
     1
  9
$DIMPOST
  1

  9
$DIMAPOST
  1

  9
$DIMALT
 70
     0
  9
$DIMALTD
 70
     2
  9
$DIMALTF
 40
25.4
  9
$DIMLFAC
 40
1.0
  9
$DIMTOFL
 70
     0
  9
$DIMTVP
 40
0.0
  9
$DIMTIX
 70
     0
  9
$DIMSOXD
 70
     0
  9
$DIMSAH
 70
     0
  9
$DIMBLK1
  1

  9
$DIMBLK2
  1

  9
$DIMSTYLE
  2
Standard
  9
$DIMCLRD
 70
     0
  9
$DIMCLRE
 70
     0
  9
$DIMCLRT
 70
     0
  9
$DIMTFAC
 40
1.0
  9
$DIMGAP
 40
0.09
  9
$DIMJUST
 70
     0
  9
$DIMSD1
 70
     0
  9
$DIMSD2
 70
     0
  9
$DIMTOLJ
 70
     1
  9
$DIMTZIN
 70
     0
  9
$DIMALTZ
 70
     0
  9
$DIMALTTZ
 70
     0
  9
$DIMUPT
 70
     0
  9
$DIMDEC
 70
     4
  9
$DIMTDEC
 70
     4
  9
$DIMALTU
 70
     2
  9
$DIMALTTD
 70
     2
  9
$DIMTXSTY
  7
Standard
  9
$DIMAUNIT
 70
     0
  9
$DIMADEC
 70
     0
  9
$DIMALTRND
 40
0.0
  9
$DIMAZIN
 70
     0
  9
$DIMDSEP
 70
    46
  9
$DIMATFIT
 70
     3
  9
$DIMFRAC
 70
     0
  9
$DIMLDRBLK
  1

  9
$DIMLUNIT
 70
     2
  9
$DIMLWD
 70
    -2
  9
$DIMLWE
 70
    -2
  9
$DIMTMOVE
 70
     0
  9
$DIMFXL
 40
1.0
  9
$DIMFXLON
 70
     0
  9
$DIMJOGANG
 40
0.7853981633974483
  9
$DIMTFILL
 70
     0
  9
$DIMTFILLCLR
 70
     0
  9
$DIMARCSYM
 70
     0
  9
$DIMLTYPE
  6

  9
$DIMLTEX1
  6

  9
$DIMLTEX2
  6

  9
$DIMTXTDIRECTION
 70
     0
  9
$LUNITS
 70
     2
  9
$LUPREC
 70
     4
  9
$SKETCHINC
 40
0.1
  9
$FILLETRAD
 40
0.0
  9
$AUNITS
 70
     0
  9
$AUPREC
 70
     0
  9
$MENU
  1
.
  9
$ELEVATION
 40
0.0
  9
$PELEVATION
 40
0.0
  9
$THICKNESS
 40
0.0
  9
$LIMCHECK
 70
     0
  9
$CHAMFERA
 40
0.0
  9
$CHAMFERB
 40
0.0
  9
$CHAMFERC
 40
0.0
  9
$CHAMFERD
 40
0.0
  9
$SKPOLY
 70
     0
  9
$TDCREATE
 40
2460089.678692130
  9
$TDUCREATE
 40
2460089.345358797
  9
$TDUPDATE
 40
2460089.678692130
  9
$TDUUPDATE
 40
2460089.345358797
  9
$TDINDWG
 40
0.0000000000
  9
$TDUSRTIMER
 40
0.0000000000
  9
$USRTIMER
 70
     1
  9
$ANGBASE
 50
0.0
  9
$ANGDIR
 70
     0
  9
$PDMODE
 70
     0
  9
$PDSIZE
 40
0.0
  9
$PLINEWID
 40
0.0
  9
$SPLFRAME
 70
     0
  9
$SPLINETYPE
 70
     6
  9
$SPLINESEGS
 70
     8
  9
$HANDSEED
  5
16F
  9
$SURFTAB1
 70
     6
  9
$SURFTAB2
 70
     6
  9
$SURFTYPE
 70
     6
  9
$SURFU
 70
     6
  9
$SURFV
 70
     6
  9
$UCSBASE
  2

  9
$UCSNAME
  2

  9
$UCSORG
 10
0.0
 20
0.0
 30
0.0
  9
$UCSXDIR
 10
1.0
 20
0.0
 30
0.0
  9
$UCSYDIR
 10
0.0
 20
1.0
 30
0.0
  9
$UCSORTHOREF
  2

  9
$UCSORTHOVIEW
 70
     0
  9
$UCSORGTOP
 10
0.0
 20
0.0
 30
0.0
  9
$UCSORGBOTTOM
 10
0.0
 20
0.0
 30
0.0
  9
$UCSORGLEFT
 10
0.0
 20
0.0
 30
0.0
  9
$UCSORGRIGHT
 10
0.0
 20
0.0
 30
0.0
  9
$UCSORGFRONT
 10
0.0
 20
0.0
 30
0.0
  9
$UCSORGBACK
 10
0.0
 20
0.0
 30
0.0
  9
$PUCSBASE
  2

  9
$PUCSNAME
  2

  9
$PUCSORG
 10
0.0
 20
0.0
 30
0.0
  9
$PUCSXDIR
 10
1.0
 20
0.0
 30
0.0
  9
$PUCSYDIR
 10
0.0
 20
1.0
 30
0.0
  9
$PUCSORTHOREF
  2

  9
$PUCSORTHOVIEW
 70
     0
  9
$PUCSORGTOP
 10
0.0
 20
0.0
 30
0.0
  9
$PUCSORGBOTTOM
 10
0.0
 20
0.0
 30
0.0
  9
$PUCSORGLEFT
 10
0.0
 20
0.0
 30
0.0
  9
$PUCSORGRIGHT
 10
0.0
 20
0.0
 30
0.0
  9
$PUCSORGFRONT
 10
0.0
 20
0.0
 30
0.0
  9
$PUCSORGBACK
 10
0.0
 20
0.0
 30
0.0
  9
$USERI1
 70
     0
  9
$USERI2
 70
     0
  9
$USERI3
 70
     0
  9
$USERI4
 70
     0
  9
$USERI5
 70
     0
  9
$USERR1
 40
0.0
  9
$USERR2
 40
0.0
  9
$USERR3
 40
0.0
  9
$USERR4
 40
0.0
  9
$USERR5
 40
0.0
  9
$WORLDVIEW
 70
     1
  9
$SHADEDGE
 70
     3
  9
$SHADEDIF
 70
    70
  9
$TILEMODE
 70
     1
  9
$MAXACTVP
 70
    64
  9
$PINSBASE
 10
0.0
 20
0.0
 30
0.0
  9
$PLIMCHECK
 70
     0
  9
$PEXTMIN
 10
1.000000000000000E+20
 20
1.000000000000000E+20
 30
1.000000000000000E+20
  9
$PEXTMAX
 10
-1.000000000000000E+20
 20
-1.000000000000000E+20
 30
-1.000000000000000E+20
  9
$PLIMMIN
 10
0.0
 20
0.0
  9
$PLIMMAX
 10
12.0
 20
9.0
  9
$UNITMODE
 70
     0
  9
$VISRETAIN
 70
     1
  9
$PLINEGEN
 70
     0
  9
$PSLTSCALE
 70
     1
  9
$TREEDEPTH
 70
  3020
  9
$CMLSTYLE
  2
Standard
  9
$CMLJUST
 70
     0
  9
$CMLSCALE
 40
1.0
  9
$PROXYGRAPHICS
 70
     1
  9
$MEASUREMENT
 70
     0
  9
$CELWEIGHT
370
    -1
  9
$ENDCAPS
280
     0
  9
$JOINSTYLE
280
     0
  9
$LWDISPLAY
290
     1
  9
$INSUNITS
 70
     4
  9
$HYPERLINKBASE
  1

  9
$STYLESHEET
  1

  9
$XEDIT
290
     1
  9
$CEPSNTYPE
380
     0
  9
$PSTYLEMODE
290
     1
  9
$FINGERPRINTGUID
  2
{603F954C-2D37-CA4D-9863-6CE569037627}
  9
$VERSIONGUID
  2
{DB0FE579-0C5C-A349-885F-AAFE0A407F5E}
  9
$EXTNAMES
290
     1
  9
$PSVPSCALE
 40
0.0
  9
$OLESTARTUP
290
     0
  9
$SORTENTS
280
   127
  9
$INDEXCTL
280
     0
  9
$HIDETEXT
280
     1
  9
$XCLIPFRAME
280
     2
  9
$HALOGAP
280
     0
  9
$OBSCOLOR
 70
   257
  9
$OBSLTYPE
280
     0
  9
$INTERSECTIONDISPLAY
280
     0
  9
$INTERSECTIONCOLOR
 70
   257
  9
$DIMASSOC
280
     2
  9
$PROJECTNAME
  1

  9
$CAMERADISPLAY
290
     0
  9
$LENSLENGTH
 40
50.0
  9
$CAMERAHEIGHT
 40
0.0
  9
$STEPSPERSEC
 40
2.0
  9
$STEPSIZE
 40
6.0
  9
$3DDWFPREC
 40
2.0
  9
$PSOLWIDTH
 40
0.25
  9
$PSOLHEIGHT
 40
4.0
  9
$LOFTANG1
 40
1.570796326794896
  9
$LOFTANG2
 40
1.570796326794896
  9
$LOFTMAG1
 40
0.0
  9
$LOFTMAG2
 40
0.0
  9
$LOFTPARAM
 70
     7
  9
$LOFTNORMALS
280
     1
  9
$LATITUDE
 40
37.795
  9
$LONGITUDE
 40
-122.394
  9
$NORTHDIRECTION
 40
0.0
  9
$TIMEZONE
 70
 -8000
  9
$LIGHTGLYPHDISPLAY
280
     1
  9
$TILEMODELIGHTSYNCH
280
     1
  9
$CMATERIAL
347
11
  9
$SOLIDHIST
280
     0
  9
$SHOWHIST
280
     1
  9
$DWFFRAME
280
     2
  9
$DGNFRAME
280
     0
  9
$REALWORLDSCALE
290
     1
  9
$INTERFERECOLOR
 62
     1
  9
$INTERFEREOBJVS
345
33
  9
$INTERFEREVPVS
346
30
  9
$CSHADOW
280
     0
  9
$SHADOWPLANELOCATION
 40
0.0
  0
ENDSEC
  0
SECTION
  2
CLASSES
  0
CLASS
  1
ACDBDICTIONARYWDFLT
  2
AcDbDictionaryWithDefault
  3
ObjectDBX Classes
 90
        0
 91
        1
280
     0
281
     0
  0
CLASS
  1
MATERIAL
  2
AcDbMaterial
  3
ObjectDBX Classes
 90
     1153
 91
        3
280
     0
281
     0
  0
CLASS
  1
VISUALSTYLE
  2
AcDbVisualStyle
  3
ObjectDBX Classes
 90
     4095
 91
       24
280
     0
281
     0
  0
CLASS
  1
SCALE
  2
AcDbScale
  3
ObjectDBX Classes
 90
     1153
 91
       17
280
     0
281
     0
  0
CLASS
  1
TABLESTYLE
  2
AcDbTableStyle
  3
ObjectDBX Classes
 90
     4095
 91
        1
280
     0
281
     0
  0
CLASS
  1
MLEADERSTYLE
  2
AcDbMLeaderStyle
  3
ACDB_MLEADERSTYLE_CLASS
 90
     4095
 91
        1
280
     0
281
     0
  0
CLASS
  1
ACDBSECTIONVIEWSTYLE
  2
AcDbSectionViewStyle
  3
ObjectDBX Classes
 90
     1025
 91
        1
280
     0
281
     0
  0
CLASS
  1
ACDBDETAILVIEWSTYLE
  2
AcDbDetailViewStyle
  3
ObjectDBX Classes
 90
     1025
 91
        1
280
     0
281
     0
  0
CLASS
  1
DICTIONARYVAR
  2
AcDbDictionaryVar
  3
ObjectDBX Classes
 90
        0
 91
        5
280
     0
281
     0
  0
CLASS
  1
CELLSTYLEMAP
  2
AcDbCellStyleMap
  3
ObjectDBX Classes
 90
     1152
 91
        1
280
     0
281
     0
  0
ENDSEC
  0
SECTION
  2
TABLES
  0
TABLE
  2
VPORT
  5
8
330
0
100
AcDbSymbolTable
 70
     1
  0
VPORT
  5
57
330
8
100
AcDbSymbolTableRecord
100
AcDbViewportTableRecord
  2
*Active
 70
     0
 10
0.0
 20
0.0
 11
1.0
 21
1.0
 12
0.0
 22
0.0
 13
0.0
 23
0.0
 14
1.0
 24
1.0
 15
0.0
 25
0.0
 16
0.0
 26
0.0
 36
1.0
 17
168.5194444023055
 27
-125.1277777464868
 37
0.0
 40
214.4606666130515
 41
1.412751677852348
 42
50.0
 43
0.0
 44
0.0
 50
0.0
 51
0.0
 71
     0
 72
   100
 73
     1
 74
     1
 75
     0
 76
     0
 77
     0
 78
     0
281
     0
 65
     1
110
0.0
120
0.0
130
0.0
111
1.0
121
0.0
131
0.0
112
0.0
122
1.0
132
0.0
 79
     0
146
0.0
 60
     3
 61
     5
292
     1
282
     1
141
0.0
142
0.0
 63
   250
421
  3355443
  0
ENDTAB
  0
TABLE
  2
LTYPE
  5
5
330
0
100
AcDbSymbolTable
 70
     1
  0
LTYPE
  5
5B
330
5
100
AcDbSymbolTableRecord
100
AcDbLinetypeTableRecord
  2
ByBlock
 70
     0
  3

 72
    65
 73
     0
 40
0.0
  0
LTYPE
  5
5C
330
5
100
AcDbSymbolTableRecord
100
AcDbLinetypeTableRecord
  2
ByLayer
 70
     0
  3

 72
    65
 73
     0
 40
0.0
  0
LTYPE
  5
5D
330
5
100
AcDbSymbolTableRecord
100
AcDbLinetypeTableRecord
  2
Continuous
 70
     0
  3
Solid line
 72
    65
 73
     0
 40
0.0
  0
ENDTAB
  0
TABLE
  2
LAYER
  5
2
330
0
100
AcDbSymbolTable
 70
     2
  0
LAYER
  5
54
330
2
100
AcDbSymbolTableRecord
100
AcDbLayerTableRecord
  2
0
 70
     0
 62
     7
  6
Continuous
370
    -3
390
F
347
21
  0
LAYER
  5
78
330
2
100
AcDbSymbolTableRecord
100
AcDbLayerTableRecord
  2
Layer 1
 70
     0
 62
     7
  6
Continuous
370
     0
390
F
347
21
  0
ENDTAB
  0
TABLE
  2
STYLE
  5
3
330
0
100
AcDbSymbolTable
 70
     2
  0
STYLE
  5
55
330
3
100
AcDbSymbolTableRecord
100
AcDbTextStyleTableRecord
  2
Standard
 70
     0
 40
0.0
 41
1.0
 50
0.0
 71
     0
 42
0.2
  3
txt
  4

  0
STYLE
  5
5A
330
3
100
AcDbSymbolTableRecord
100
AcDbTextStyleTableRecord
  2
Annotative
 70
     0
 40
0.0
 41
1.0
 50
0.0
 71
     0
 42
0.2
  3
txt
  4

1001
AcadAnnotative
1000
AnnotativeData
1002
{
1070
     1
1070
     1
1002
}
  0
ENDTAB
  0
TABLE
  2
VIEW
  5
6
330
0
100
AcDbSymbolTable
 70
     0
  0
ENDTAB
  0
TABLE
  2
UCS
  5
7
330
0
100
AcDbSymbolTable
 70
     0
  0
ENDTAB
  0
TABLE
  2
APPID
  5
9
330
0
100
AcDbSymbolTable
 70
     2
  0
APPID
  5
56
330
9
100
AcDbSymbolTableRecord
100
AcDbRegAppTableRecord
  2
ACAD
 70
     0
  0
APPID
  5
5E
330
9
100
AcDbSymbolTableRecord
100
AcDbRegAppTableRecord
  2
AcadAnnotative
 70
     0
  0
ENDTAB
  0
TABLE
  2
DIMSTYLE
  5
A
330
0
100
AcDbSymbolTable
 70
     2
100
AcDbDimStyleTable
 71
     0
  0
DIMSTYLE
105
58
330
A
100
AcDbSymbolTableRecord
100
AcDbDimStyleTableRecord
  2
Standard
 70
     0
340
55
  0
DIMSTYLE
105
59
330
A
100
AcDbSymbolTableRecord
100
AcDbDimStyleTableRecord
  2
Annotative
 70
     0
340
55
1001
AcadAnnotative
1000
AnnotativeData
1002
{
1070
     1
1070
     1
1002
}
  0
ENDTAB
  0
TABLE
  2
BLOCK_RECORD
  5
1
330
0
100
AcDbSymbolTable
 70
     7
  0
BLOCK_RECORD
  5
70
330
1
100
AcDbSymbolTableRecord
100
AcDbBlockTableRecord
  2
*Model_Space
340
73
 70
     0
280
     1
281
     0
  0
BLOCK_RECORD
  5
6C
330
1
100
AcDbSymbolTableRecord
100
AcDbBlockTableRecord
  2
*Paper_Space
340
6F
 70
     0
280
     1
281
     0
  0
BLOCK_RECORD
  5
74
330
1
100
AcDbSymbolTableRecord
100
AcDbBlockTableRecord
  2
*Paper_Space0
340
77
 70
     0
280
     1
281
     0
  0
BLOCK_RECORD
  5
79
330
1
100
AcDbSymbolTableRecord
100
AcDbBlockTableRecord
  2
Block_0
340
0
102
{BLKREFS
331
7A
102
}
 70
     0
280
     1
281
     0
  0
BLOCK_RECORD
  5
7D
330
1
100
AcDbSymbolTableRecord
100
AcDbBlockTableRecord
  2
Block_1
340
0
102
{BLKREFS
331
7E
102
}
 70
     0
280
     1
281
     0
  0
BLOCK_RECORD
  5
8A
330
1
100
AcDbSymbolTableRecord
100
AcDbBlockTableRecord
  2
Block_2
340
0
102
{BLKREFS
331
8B
102
}
 70
     0
280
     1
281
     0
  0
BLOCK_RECORD
  5
8E
330
1
100
AcDbSymbolTableRecord
100
AcDbBlockTableRecord
  2
Block_3
340
0
102
{BLKREFS
331
8F
102
}
 70
     0
280
     1
281
     0
  0
BLOCK_RECORD
  5
ED
330
1
100
AcDbSymbolTableRecord
100
AcDbBlockTableRecord
  2
Block_4
340
0
102
{BLKREFS
331
EE
102
}
 70
     0
280
     1
281
     0
  0
BLOCK_RECORD
  5
F1
330
1
100
AcDbSymbolTableRecord
100
AcDbBlockTableRecord
  2
Block_5
340
0
102
{BLKREFS
331
F2
102
}
 70
     0
280
     1
281
     0
  0
ENDTAB
  0
ENDSEC
  0
SECTION
  2
BLOCKS
  0
BLOCK
  5
71
330
70
100
AcDbEntity
  8
0
100
AcDbBlockBegin
  2
*Model_Space
 70
     0
 10
0.0
 20
0.0
 30
0.0
  3
*Model_Space
  1

  0
ENDBLK
  5
72
330
70
100
AcDbEntity
  8
0
100
AcDbBlockEnd
  0
BLOCK
  5
6D
330
6C
100
AcDbEntity
 67
     1
  8
0
100
AcDbBlockBegin
  2
*Paper_Space
 70
     0
 10
0.0
 20
0.0
 30
0.0
  3
*Paper_Space
  1

  0
ENDBLK
  5
6E
330
6C
100
AcDbEntity
 67
     1
  8
0
100
AcDbBlockEnd
  0
BLOCK
  5
75
330
74
100
AcDbEntity
 67
     1
  8
0
100
AcDbBlockBegin
  2
*Paper_Space0
 70
     0
 10
0.0
 20
0.0
 30
0.0
  3
*Paper_Space0
  1

  0
ENDBLK
  5
76
330
74
100
AcDbEntity
 67
     1
  8
0
100
AcDbBlockEnd
  0
BLOCK
  5
7B
330
79
100
AcDbEntity
  8
0
100
AcDbBlockBegin
  2
Block_0
 70
     0
 10
0.0
 20
0.0
 30
0.0
  3
Block_0
  1

  0
INSERT
  5
7E
330
79
100
AcDbEntity
  8
Layer 1
100
AcDbBlockReference
  2
Block_1
 10
0.0
 20
0.0
 30
0.0
  0
ENDBLK
  5
7C
330
79
100
AcDbEntity
  8
0
100
AcDbBlockEnd
  0
BLOCK
  5
7F
330
7D
100
AcDbEntity
  8
0
100
AcDbBlockBegin
  2
Block_1
 70
     0
 10
0.0
 20
0.0
 30
0.0
  3
Block_1
  1

  0
LINE
  5
81
330
7D
100
AcDbEntity
  8
Layer 1
 62
    18
420
        0
370
     5
100
AcDbLine
 10
202.9998978848964
 20
-121.2484064434744
 30
0.0
 11
247.0000545307974
 21
-121.2484064434744
 31
0.0
  0
LINE
  5
82
330
7D
100
AcDbEntity
  8
Layer 1
 62
    18
420
        0
370
     5
100
AcDbLine
 10
247.0000545307974
 20
-141.2483699869228
 30
0.0
 11
202.9998978848964
 21
-141.2483699869228
 31
0.0
  0
LINE
  5
83
330
7D
100
AcDbEntity
  8
Layer 1
 62
    18
420
        0
370
     5
100
AcDbLine
 10
249.0000401192188
 20
-123.2484027978193
 30
0.0
 11
249.0000401192188
 21
-139.2483736325779
 31
0.0
  0
LINE
  5
84
330
7D
100
AcDbEntity
  8
Layer 1
 62
    18
420
        0
370
     5
100
AcDbLine
 10
200.9998907646282
 20
-123.2484027978193
 30
0.0
 11
200.9998907646282
 21
-139.2483736325779
 31
0.0
  0
LWPOLYLINE
  5
85
330
7D
100
AcDbEntity
  8
Layer 1
 62
    18
420
        0
370
     5
100
AcDbPolyline
 90
       19
 70
     0
 43
0.0
 10
249.0000401192188
 20
-123.2484027978193
 10
248.9924178454577
 20
-123.0741670936527
 10
248.9695725560212
 20
-122.901191002523
 10
248.9319779515383
 20
-122.7307449033903
 10
248.8793971816948
 20
-122.5643790892229
 10
248.8126053929744
 20
-122.4030947908963
 10
248.7320762860067
 20
-122.2484100036085
 10
248.6383481569612
 20
-122.1010891079205
 10
248.5321746204751
 20
-121.9626608649538
 10
248.414309291186
 20
-121.8341265055838
 10
248.2855488474248
 20
-121.7162827081415
 10
248.1471206044581
 20
-121.6100984057321
 10
248.0000365590847
 20
-121.5163810426099
 10
247.8450933896356
 20
-121.4358627015656
 10
247.6840782393937
 20
-121.3690601469219
 10
247.517701659303
 20
-121.3164901430017
 10
247.3472555601702
 20
-121.2786371563575
 10
247.1743117668107
 20
-121.2560287172355
 10
247.0000545307974
 20
-121.2484064434744
  0
LWPOLYLINE
  5
86
330
7D
100
AcDbEntity
  8
Layer 1
 62
    18
420
        0
370
     5
100
AcDbPolyline
 90
       19
 70
     0
 43
0.0
 10
200.9998907646282
 20
-139.2483736325779
 10
201.0074915065425
 20
-139.4226201026679
 10
201.0303583278258
 20
-139.5955961937976
 10
201.0682328463168
 20
-139.7660207610835
 10
201.1205337021523
 20
-139.9323973411743
 10
201.1873470227193
 20
-140.0936816395009
 10
201.2678545978402
 20
-140.2483771927121
 10
201.3615827268858
 20
-140.3954397062387
 10
201.4680146455332
 20
-140.5338679492054
 10
201.5858584429756
 20
-140.6626445418517
 10
201.714403568269
 20
-140.780504488179
 10
201.8528318112357
 20
-140.8866672587417
 10
201.9998943247623
 20
-140.980400770749
 10
202.1548374942113
 20
-141.0609191117933
 10
202.3158526444532
 20
-141.127721666437
 10
202.482229224544
 20
-141.1802970533189
 10
202.6526753236768
 20
-141.2178916578017
 10
202.8256406488831
 20
-141.2407530961234
 10
202.9998978848964
 20
-141.2483699869228
  0
LWPOLYLINE
  5
87
330
7D
100
AcDbEntity
  8
Layer 1
 62
    18
420
        0
370
     5
100
AcDbPolyline
 90
       19
 70
     0
 43
0.0
 10
202.9998978848964
 20
-121.2484064434744
 10
202.8256406488831
 20
-121.2560287172355
 10
202.6526753236768
 20
-121.2786371563575
 10
202.482229224544
 20
-121.3164901430017
 10
202.3158526444532
 20
-121.3690601469219
 10
202.1548374942113
 20
-121.4358627015656
 10
201.9998943247623
 20
-121.5163810426099
 10
201.8528318112357
 20
-121.6100984057321
 10
201.714403568269
 20
-121.7162827081415
 10
201.5858584429756
 20
-121.8341265055838
 10
201.4680146455332
 20
-121.9626608649538
 10
201.3615827268858
 20
-122.1010891079205
 10
201.2678545978402
 20
-122.2484100036085
 10
201.1873470227193
 20
-122.4030947908963
 10
201.1205337021523
 20
-122.5643790892229
 10
201.0682328463168
 20
-122.7307449033903
 10
201.0303583278258
 20
-122.901191002523
 10
201.0074915065425
 20
-123.0741670936527
 10
200.9998907646282
 20
-123.2484027978193
  0
LWPOLYLINE
  5
88
330
7D
100
AcDbEntity
  8
Layer 1
 62
    18
420
        0
370
     5
100
AcDbPolyline
 90
       19
 70
     0
 43
0.0
 10
247.0000545307974
 20
-141.2483699869228
 10
247.1743117668107
 20
-141.2407530961234
 10
247.3472555601702
 20
-141.2178916578017
 10
247.517701659303
 20
-141.1802970533189
 10
247.6840782393937
 20
-141.127721666437
 10
247.8450933896356
 20
-141.0609191117933
 10
248.0000365590847
 20
-140.980400770749
 10
248.1471206044581
 20
-140.8866672587417
 10
248.2855488474248
 20
-140.780504488179
 10
248.414309291186
 20
-140.6626445418517
 10
248.5321746204751
 20
-140.5338679492054
 10
248.6383481569612
 20
-140.3954397062387
 10
248.7320762860067
 20
-140.2483771927121
 10
248.8126053929744
 20
-140.0936816395009
 10
248.8793971816948
 20
-139.9323973411743
 10
248.9319779515383
 20
-139.7660207610835
 10
248.9695725560212
 20
-139.5955961937976
 10
248.9924178454577
 20
-139.4226201026679
 10
249.0000401192188
 20
-139.2483736325779
  0
LWPOLYLINE
  5
89
330
7D
100
AcDbEntity
  8
Layer 1
100
AcDbPolyline
 90
        4
 70
     1
 43
0.0
 10
19.99999999499096
 20
-19.99999999499096
 10
317.0388888096201
 20
-19.99999999499096
 10
317.0388888096201
 20
-230.2555554979826
 10
19.99999999499096
 20
-230.2555554979826
  0
ENDBLK
  5
80
330
7D
100
AcDbEntity
  8
0
100
AcDbBlockEnd
  0
BLOCK
  5
8C
330
8A
100
AcDbEntity
  8
0
100
AcDbBlockBegin
  2
Block_2
 70
     0
 10
0.0
 20
0.0
 30
0.0
  3
Block_2
  1

  0
INSERT
  5
8F
330
8A
100
AcDbEntity
  8
Layer 1
100
AcDbBlockReference
  2
Block_3
 10
0.0
 20
0.0
 30
0.0
  0
ENDBLK
  5
8D
330
8A
100
AcDbEntity
  8
0
100
AcDbBlockEnd
  0
BLOCK
  5
90
330
8E
100
AcDbEntity
  8
0
100
AcDbBlockBegin
  2
Block_3
 70
     0
 10
0.0
 20
0.0
 30
0.0
  3
Block_3
  1

  0
LWPOLYLINE
  5
92
330
8E
100
AcDbEntity
  8
Layer 1
100
AcDbPolyline
 90
        4
 70
     1
 43
0.0
 10
208.1901280200463
 20
-129.7083874695983
 10
208.1901280200463
 20
-127.7083911152535
 10
210.1901136084677
 20
-127.7083911152535
 10
210.1901136084677
 20
-129.7083874695983
  0
HATCH
  5
93
330
8E
100
AcDbEntity
  8
Layer 1
 62
    18
420
        0
440
 33554687
100
AcDbHatch
 10
0.0
 20
0.0
 30
0.0
210
0.0
220
0.0
230
1.0
  2
SOLID
 70
     1
 71
     1
 91
        1
 92
        1
 93
        4
 72
     1
 10
208.1901280200463
 20
-129.7083874695983
 11
208.1901280200463
 21
-127.7083911152535
 72
     1
 10
208.1901280200463
 20
-127.7083911152535
 11
210.1901136084677
 21
-127.7083911152535
 72
     1
 10
210.1901136084677
 20
-127.7083911152535
 11
210.1901136084677
 21
-129.7083874695983
 72
     1
 10
210.1901136084677
 20
-129.7083874695983
 11
208.1901280200463
 21
-129.7083874695983
 97
        1
330
92
 75
     2
 76
     1
 98
        1
 10
0.0
 20
0.0
450
        0
451
        0
460
0.0
461
0.0
452
        0
462
0.0
453
        0
470

  0
LWPOLYLINE
  5
94
330
8E
100
AcDbEntity
  8
Layer 1
 62
    18
420
        0
370
     0
100
AcDbPolyline
 90
        4
 70
     1
 43
0.0
 10
208.1901280200463
 20
-129.7083874695983
 10
208.1901280200463
 20
-127.7083911152535
 10
210.1901136084677
 20
-127.7083911152535
 10
210.1901136084677
 20
-129.7083874695983
  0
LWPOLYLINE
  5
95
330
8E
100
AcDbEntity
  8
Layer 1
100
AcDbPolyline
 90
       28
 70
     1
 43
0.0
 10
215.8101194054026
 20
-133.2882615497852
 10
215.8215528160443
 20
-133.1810760165003
 10
215.8713344458061
 20
-133.0482245218504
 10
215.9564283042918
 20
-132.9346978596881
 10
216.0699657323776
 20
-132.8498623833638
 10
216.2025588448661
 20
-132.8000699876785
 10
216.3099812284655
 20
-132.7883997267222
 10
217.3099847885997
 20
-132.7883997267222
 10
217.4174287040459
 20
-132.8000699876785
 10
217.5500218165345
 20
-132.8498623833638
 10
217.6635592446202
 20
-132.9346978596881
 10
217.7486315712591
 20
-133.0482245218504
 10
217.7984347328678
 20
-133.1810760165003
 10
217.8101265256708
 20
-133.2882615497852
 10
217.8101265256708
 20
-134.2882651099193
 10
217.7984347328678
 20
-134.3956982594422
 10
217.7486315712591
 20
-134.5285389881687
 10
217.6635592446202
 20
-134.6418288000165
 10
217.5500218165345
 20
-134.7269226585021
 10
217.4174287040459
 20
-134.776704288264
 10
217.3099847885997
 20
-134.7883853151437
 10
216.3099812284655
 20
-134.7883853151437
 10
216.2025588448661
 20
-134.776704288264
 10
216.0699657323776
 20
-134.7269226585021
 10
215.9564283042918
 20
-134.6418288000165
 10
215.8713344458061
 20
-134.5285389881687
 10
215.8215528160443
 20
-134.3956982594422
 10
215.8101194054026
 20
-134.2882651099193
  0
HATCH
  5
96
330
8E
100
AcDbEntity
  8
Layer 1
 62
    18
420
        0
440
 33554687
100
AcDbHatch
 10
0.0
 20
0.0
 30
0.0
210
0.0
220
0.0
230
1.0
  2
SOLID
 70
     1
 71
     1
 91
        1
 92
        1
 93
       28
 72
     1
 10
215.8101194054026
 20
-133.2882615497852
 11
215.8215528160443
 21
-133.1810760165003
 72
     1
 10
215.8215528160443
 20
-133.1810760165003
 11
215.8713344458061
 21
-133.0482245218504
 72
     1
 10
215.8713344458061
 20
-133.0482245218504
 11
215.9564283042918
 21
-132.9346978596881
 72
     1
 10
215.9564283042918
 20
-132.9346978596881
 11
216.0699657323776
 21
-132.8498623833638
 72
     1
 10
216.0699657323776
 20
-132.8498623833638
 11
216.2025588448661
 21
-132.8000699876785
 72
     1
 10
216.2025588448661
 20
-132.8000699876785
 11
216.3099812284655
 21
-132.7883997267222
 72
     1
 10
216.3099812284655
 20
-132.7883997267222
 11
217.3099847885997
 21
-132.7883997267222
 72
     1
 10
217.3099847885997
 20
-132.7883997267222
 11
217.4174287040459
 21
-132.8000699876785
 72
     1
 10
217.4174287040459
 20
-132.8000699876785
 11
217.5500218165345
 21
-132.8498623833638
 72
     1
 10
217.5500218165345
 20
-132.8498623833638
 11
217.6635592446202
 21
-132.9346978596881
 72
     1
 10
217.6635592446202
 20
-132.9346978596881
 11
217.7486315712591
 21
-133.0482245218504
 72
     1
 10
217.7486315712591
 20
-133.0482245218504
 11
217.7984347328678
 21
-133.1810760165003
 72
     1
 10
217.7984347328678
 20
-133.1810760165003
 11
217.8101265256708
 21
-133.2882615497852
 72
     1
 10
217.8101265256708
 20
-133.2882615497852
 11
217.8101265256708
 21
-134.2882651099193
 72
     1
 10
217.8101265256708
 20
-134.2882651099193
 11
217.7984347328678
 21
-134.3956982594422
 72
     1
 10
217.7984347328678
 20
-134.3956982594422
 11
217.7486315712591
 21
-134.5285389881687
 72
     1
 10
217.7486315712591
 20
-134.5285389881687
 11
217.6635592446202
 21
-134.6418288000165
 72
     1
 10
217.6635592446202
 20
-134.6418288000165
 11
217.5500218165345
 21
-134.7269226585021
 72
     1
 10
217.5500218165345
 20
-134.7269226585021
 11
217.4174287040459
 21
-134.776704288264
 72
     1
 10
217.4174287040459
 20
-134.776704288264
 11
217.3099847885997
 21
-134.7883853151437
 72
     1
 10
217.3099847885997
 20
-134.7883853151437
 11
216.3099812284655
 21
-134.7883853151437
 72
     1
 10
216.3099812284655
 20
-134.7883853151437
 11
216.2025588448661
 21
-134.776704288264
 72
     1
 10
216.2025588448661
 20
-134.776704288264
 11
216.0699657323776
 21
-134.7269226585021
 72
     1
 10
216.0699657323776
 20
-134.7269226585021
 11
215.9564283042918
 21
-134.6418288000165
 72
     1
 10
215.9564283042918
 20
-134.6418288000165
 11
215.8713344458061
 21
-134.5285389881687
 72
     1
 10
215.8713344458061
 20
-134.5285389881687
 11
215.8215528160443
 21
-134.3956982594422
 72
     1
 10
215.8215528160443
 20
-134.3956982594422
 11
215.8101194054026
 21
-134.2882651099193
 72
     1
 10
215.8101194054026
 20
-134.2882651099193
 11
215.8101194054026
 21
-133.2882615497852
 97
        1
330
95
 75
     2
 76
     1
 98
        1
 10
0.0
 20
0.0
450
        0
451
        0
460
0.0
461
0.0
452
        0
462
0.0
453
        0
470

  0
LWPOLYLINE
  5
97
330
8E
100
AcDbEntity
  8
Layer 1
 62
    18
420
        0
370
     0
100
AcDbPolyline
 90
       28
 70
     1
 43
0.0
 10
215.8101194054026
 20
-133.2882615497852
 10
215.8215528160443
 20
-133.1810760165003
 10
215.8713344458061
 20
-133.0482245218504
 10
215.9564283042918
 20
-132.9346978596881
 10
216.0699657323776
 20
-132.8498623833638
 10
216.2025588448661
 20
-132.8000699876785
 10
216.3099812284655
 20
-132.7883997267222
 10
217.3099847885997
 20
-132.7883997267222
 10
217.4174287040459
 20
-132.8000699876785
 10
217.5500218165345
 20
-132.8498623833638
 10
217.6635592446202
 20
-132.9346978596881
 10
217.7486315712591
 20
-133.0482245218504
 10
217.7984347328678
 20
-133.1810760165003
 10
217.8101265256708
 20
-133.2882615497852
 10
217.8101265256708
 20
-134.2882651099193
 10
217.7984347328678
 20
-134.3956982594422
 10
217.7486315712591
 20
-134.5285389881687
 10
217.6635592446202
 20
-134.6418288000165
 10
217.5500218165345
 20
-134.7269226585021
 10
217.4174287040459
 20
-134.776704288264
 10
217.3099847885997
 20
-134.7883853151437
 10
216.3099812284655
 20
-134.7883853151437
 10
216.2025588448661
 20
-134.776704288264
 10
216.0699657323776
 20
-134.7269226585021
 10
215.9564283042918
 20
-134.6418288000165
 10
215.8713344458061
 20
-134.5285389881687
 10
215.8215528160443
 20
-134.3956982594422
 10
215.8101194054026
 20
-134.2882651099193
  0
LWPOLYLINE
  5
98
330
8E
100
AcDbEntity
  8
Layer 1
100
AcDbPolyline
 90
       28
 70
     1
 43
0.0
 10
208.1901280200463
 20
-133.2882615497852
 10
208.201561430688
 20
-133.1810760165003
 10
208.2513430604498
 20
-133.0482245218504
 10
208.3364369189355
 20
-132.9346978596881
 10
208.4499528151745
 20
-132.8498623833638
 10
208.582545927663
 20
-132.8000699876785
 10
208.6899898431092
 20
-132.7883997267222
 10
209.6899934032434
 20
-132.7883997267222
 10
209.7974373186896
 20
-132.8000699876785
 10
209.9300304311782
 20
-132.8498623833638
 10
210.0435463274171
 20
-132.9346978596881
 10
210.1286401859028
 20
-133.0482245218504
 10
210.1784218156647
 20
-133.1810760165003
 10
210.1901136084677
 20
-133.2882615497852
 10
210.1901136084677
 20
-134.2882651099193
 10
210.1784218156647
 20
-134.3956982594422
 10
210.1286401859028
 20
-134.5285389881687
 10
210.0435463274171
 20
-134.6418288000165
 10
209.9300304311782
 20
-134.7269226585021
 10
209.7974373186896
 20
-134.776704288264
 10
209.6899934032434
 20
-134.7883853151437
 10
208.6899898431092
 20
-134.7883853151437
 10
208.582545927663
 20
-134.776704288264
 10
208.4499528151745
 20
-134.7269226585021
 10
208.3364369189355
 20
-134.6418288000165
 10
208.2513430604498
 20
-134.5285389881687
 10
208.201561430688
 20
-134.3956982594422
 10
208.1901280200463
 20
-134.2882651099193
  0
HATCH
  5
99
330
8E
100
AcDbEntity
  8
Layer 1
 62
    18
420
        0
440
 33554687
100
AcDbHatch
 10
0.0
 20
0.0
 30
0.0
210
0.0
220
0.0
230
1.0
  2
SOLID
 70
     1
 71
     1
 91
        1
 92
        1
 93
       28
 72
     1
 10
208.1901280200463
 20
-133.2882615497852
 11
208.201561430688
 21
-133.1810760165003
 72
     1
 10
208.201561430688
 20
-133.1810760165003
 11
208.2513430604498
 21
-133.0482245218504
 72
     1
 10
208.2513430604498
 20
-133.0482245218504
 11
208.3364369189355
 21
-132.9346978596881
 72
     1
 10
208.3364369189355
 20
-132.9346978596881
 11
208.4499528151745
 21
-132.8498623833638
 72
     1
 10
208.4499528151745
 20
-132.8498623833638
 11
208.582545927663
 21
-132.8000699876785
 72
     1
 10
208.582545927663
 20
-132.8000699876785
 11
208.6899898431092
 21
-132.7883997267222
 72
     1
 10
208.6899898431092
 20
-132.7883997267222
 11
209.6899934032434
 21
-132.7883997267222
 72
     1
 10
209.6899934032434
 20
-132.7883997267222
 11
209.7974373186896
 21
-132.8000699876785
 72
     1
 10
209.7974373186896
 20
-132.8000699876785
 11
209.9300304311782
 21
-132.8498623833638
 72
     1
 10
209.9300304311782
 20
-132.8498623833638
 11
210.0435463274171
 21
-132.9346978596881
 72
     1
 10
210.0435463274171
 20
-132.9346978596881
 11
210.1286401859028
 21
-133.0482245218504
 72
     1
 10
210.1286401859028
 20
-133.0482245218504
 11
210.1784218156647
 21
-133.1810760165003
 72
     1
 10
210.1784218156647
 20
-133.1810760165003
 11
210.1901136084677
 21
-133.2882615497852
 72
     1
 10
210.1901136084677
 20
-133.2882615497852
 11
210.1901136084677
 21
-134.2882651099193
 72
     1
 10
210.1901136084677
 20
-134.2882651099193
 11
210.1784218156647
 21
-134.3956982594422
 72
     1
 10
210.1784218156647
 20
-134.3956982594422
 11
210.1286401859028
 21
-134.5285389881687
 72
     1
 10
210.1286401859028
 20
-134.5285389881687
 11
210.0435463274171
 21
-134.6418288000165
 72
     1
 10
210.0435463274171
 20
-134.6418288000165
 11
209.9300304311782
 21
-134.7269226585021
 72
     1
 10
209.9300304311782
 20
-134.7269226585021
 11
209.7974373186896
 21
-134.776704288264
 72
     1
 10
209.7974373186896
 20
-134.776704288264
 11
209.6899934032434
 21
-134.7883853151437
 72
     1
 10
209.6899934032434
 20
-134.7883853151437
 11
208.6899898431092
 21
-134.7883853151437
 72
     1
 10
208.6899898431092
 20
-134.7883853151437
 11
208.582545927663
 21
-134.776704288264
 72
     1
 10
208.582545927663
 20
-134.776704288264
 11
208.4499528151745
 21
-134.7269226585021
 72
     1
 10
208.4499528151745
 20
-134.7269226585021
 11
208.3364369189355
 21
-134.6418288000165
 72
     1
 10
208.3364369189355
 20
-134.6418288000165
 11
208.2513430604498
 21
-134.5285389881687
 72
     1
 10
208.2513430604498
 20
-134.5285389881687
 11
208.201561430688
 21
-134.3956982594422
 72
     1
 10
208.201561430688
 20
-134.3956982594422
 11
208.1901280200463
 21
-134.2882651099193
 72
     1
 10
208.1901280200463
 20
-134.2882651099193
 11
208.1901280200463
 21
-133.2882615497852
 97
        1
330
98
 75
     2
 76
     1
 98
        1
 10
0.0
 20
0.0
450
        0
451
        0
460
0.0
461
0.0
452
        0
462
0.0
453
        0
470

  0
LWPOLYLINE
  5
9A
330
8E
100
AcDbEntity
  8
Layer 1
 62
    18
420
        0
370
     0
100
AcDbPolyline
 90
       28
 70
     1
 43
0.0
 10
208.1901280200463
 20
-133.2882615497852
 10
208.201561430688
 20
-133.1810760165003
 10
208.2513430604498
 20
-133.0482245218504
 10
208.3364369189355
 20
-132.9346978596881
 10
208.4499528151745
 20
-132.8498623833638
 10
208.582545927663
 20
-132.8000699876785
 10
208.6899898431092
 20
-132.7883997267222
 10
209.6899934032434
 20
-132.7883997267222
 10
209.7974373186896
 20
-132.8000699876785
 10
209.9300304311782
 20
-132.8498623833638
 10
210.0435463274171
 20
-132.9346978596881
 10
210.1286401859028
 20
-133.0482245218504
 10
210.1784218156647
 20
-133.1810760165003
 10
210.1901136084677
 20
-133.2882615497852
 10
210.1901136084677
 20
-134.2882651099193
 10
210.1784218156647
 20
-134.3956982594422
 10
210.1286401859028
 20
-134.5285389881687
 10
210.0435463274171
 20
-134.6418288000165
 10
209.9300304311782
 20
-134.7269226585021
 10
209.7974373186896
 20
-134.776704288264
 10
209.6899934032434
 20
-134.7883853151437
 10
208.6899898431092
 20
-134.7883853151437
 10
208.582545927663
 20
-134.776704288264
 10
208.4499528151745
 20
-134.7269226585021
 10
208.3364369189355
 20
-134.6418288000165
 10
208.2513430604498
 20
-134.5285389881687
 10
208.201561430688
 20
-134.3956982594422
 10
208.1901280200463
 20
-134.2882651099193
  0
LWPOLYLINE
  5
9B
330
8E
100
AcDbEntity
  8
Layer 1
100
AcDbPolyline
 90
       28
 70
     1
 43
0.0
 10
215.8101194054026
 20
-128.2082637042399
 10
215.8215528160443
 20
-128.1010781709551
 10
215.8713344458061
 20
-127.9682266763051
 10
215.9564283042918
 20
-127.8546892482193
 10
216.0699657323776
 20
-127.7698645378184
 10
216.2025588448661
 20
-127.7200721421332
 10
216.3099812284655
 20
-127.7083911152535
 10
217.3099847885997
 20
-127.7083911152535
 10
217.4174287040459
 20
-127.7200721421332
 10
217.5500218165345
 20
-127.7698645378184
 10
217.6635592446202
 20
-127.8546892482193
 10
217.7486315712591
 20
-127.9682266763051
 10
217.7984347328678
 20
-128.1010781709551
 10
217.8101265256708
 20
-128.2082637042399
 10
217.8101265256708
 20
-129.208267264374
 10
217.7984347328678
 20
-129.3157004138968
 10
217.7486315712591
 20
-129.4485411426234
 10
217.6635592446202
 20
-129.5618309544711
 10
217.5500218165345
 20
-129.6469248129568
 10
217.4174287040459
 20
-129.6966956767953
 10
217.3099847885997
 20
-129.7083874695983
 10
216.3099812284655
 20
-129.7083874695983
 10
216.2025588448661
 20
-129.6966956767953
 10
216.0699657323776
 20
-129.6469248129568
 10
215.9564283042918
 20
-129.5618309544711
 10
215.8713344458061
 20
-129.4485411426234
 10
215.8215528160443
 20
-129.3157004138968
 10
215.8101194054026
 20
-129.208267264374
  0
HATCH
  5
9C
330
8E
100
AcDbEntity
  8
Layer 1
 62
    18
420
        0
440
 33554687
100
AcDbHatch
 10
0.0
 20
0.0
 30
0.0
210
0.0
220
0.0
230
1.0
  2
SOLID
 70
     1
 71
     1
 91
        1
 92
        1
 93
       28
 72
     1
 10
215.8101194054026
 20
-128.2082637042399
 11
215.8215528160443
 21
-128.1010781709551
 72
     1
 10
215.8215528160443
 20
-128.1010781709551
 11
215.8713344458061
 21
-127.9682266763051
 72
     1
 10
215.8713344458061
 20
-127.9682266763051
 11
215.9564283042918
 21
-127.8546892482193
 72
     1
 10
215.9564283042918
 20
-127.8546892482193
 11
216.0699657323776
 21
-127.7698645378184
 72
     1
 10
216.0699657323776
 20
-127.7698645378184
 11
216.2025588448661
 21
-127.7200721421332
 72
     1
 10
216.2025588448661
 20
-127.7200721421332
 11
216.3099812284655
 21
-127.7083911152535
 72
     1
 10
216.3099812284655
 20
-127.7083911152535
 11
217.3099847885997
 21
-127.7083911152535
 72
     1
 10
217.3099847885997
 20
-127.7083911152535
 11
217.4174287040459
 21
-127.7200721421332
 72
     1
 10
217.4174287040459
 20
-127.7200721421332
 11
217.5500218165345
 21
-127.7698645378184
 72
     1
 10
217.5500218165345
 20
-127.7698645378184
 11
217.6635592446202
 21
-127.8546892482193
 72
     1
 10
217.6635592446202
 20
-127.8546892482193
 11
217.7486315712591
 21
-127.9682266763051
 72
     1
 10
217.7486315712591
 20
-127.9682266763051
 11
217.7984347328678
 21
-128.1010781709551
 72
     1
 10
217.7984347328678
 20
-128.1010781709551
 11
217.8101265256708
 21
-128.2082637042399
 72
     1
 10
217.8101265256708
 20
-128.2082637042399
 11
217.8101265256708
 21
-129.208267264374
 72
     1
 10
217.8101265256708
 20
-129.208267264374
 11
217.7984347328678
 21
-129.3157004138968
 72
     1
 10
217.7984347328678
 20
-129.3157004138968
 11
217.7486315712591
 21
-129.4485411426234
 72
     1
 10
217.7486315712591
 20
-129.4485411426234
 11
217.6635592446202
 21
-129.5618309544711
 72
     1
 10
217.6635592446202
 20
-129.5618309544711
 11
217.5500218165345
 21
-129.6469248129568
 72
     1
 10
217.5500218165345
 20
-129.6469248129568
 11
217.4174287040459
 21
-129.6966956767953
 72
     1
 10
217.4174287040459
 20
-129.6966956767953
 11
217.3099847885997
 21
-129.7083874695983
 72
     1
 10
217.3099847885997
 20
-129.7083874695983
 11
216.3099812284655
 21
-129.7083874695983
 72
     1
 10
216.3099812284655
 20
-129.7083874695983
 11
216.2025588448661
 21
-129.6966956767953
 72
     1
 10
216.2025588448661
 20
-129.6966956767953
 11
216.0699657323776
 21
-129.6469248129568
 72
     1
 10
216.0699657323776
 20
-129.6469248129568
 11
215.9564283042918
 21
-129.5618309544711
 72
     1
 10
215.9564283042918
 20
-129.5618309544711
 11
215.8713344458061
 21
-129.4485411426234
 72
     1
 10
215.8713344458061
 20
-129.4485411426234
 11
215.8215528160443
 21
-129.3157004138968
 72
     1
 10
215.8215528160443
 20
-129.3157004138968
 11
215.8101194054026
 21
-129.208267264374
 72
     1
 10
215.8101194054026
 20
-129.208267264374
 11
215.8101194054026
 21
-128.2082637042399
 97
        1
330
9B
 75
     2
 76
     1
 98
        1
 10
0.0
 20
0.0
450
        0
451
        0
460
0.0
461
0.0
452
        0
462
0.0
453
        0
470

  0
LWPOLYLINE
  5
9D
330
8E
100
AcDbEntity
  8
Layer 1
 62
    18
420
        0
370
     0
100
AcDbPolyline
 90
       28
 70
     1
 43
0.0
 10
215.8101194054026
 20
-128.2082637042399
 10
215.8215528160443
 20
-128.1010781709551
 10
215.8713344458061
 20
-127.9682266763051
 10
215.9564283042918
 20
-127.8546892482193
 10
216.0699657323776
 20
-127.7698645378184
 10
216.2025588448661
 20
-127.7200721421332
 10
216.3099812284655
 20
-127.7083911152535
 10
217.3099847885997
 20
-127.7083911152535
 10
217.4174287040459
 20
-127.7200721421332
 10
217.5500218165345
 20
-127.7698645378184
 10
217.6635592446202
 20
-127.8546892482193
 10
217.7486315712591
 20
-127.9682266763051
 10
217.7984347328678
 20
-128.1010781709551
 10
217.8101265256708
 20
-128.2082637042399
 10
217.8101265256708
 20
-129.208267264374
 10
217.7984347328678
 20
-129.3157004138968
 10
217.7486315712591
 20
-129.4485411426234
 10
217.6635592446202
 20
-129.5618309544711
 10
217.5500218165345
 20
-129.6469248129568
 10
217.4174287040459
 20
-129.6966956767953
 10
217.3099847885997
 20
-129.7083874695983
 10
216.3099812284655
 20
-129.7083874695983
 10
216.2025588448661
 20
-129.6966956767953
 10
216.0699657323776
 20
-129.6469248129568
 10
215.9564283042918
 20
-129.5618309544711
 10
215.8713344458061
 20
-129.4485411426234
 10
215.8215528160443
 20
-129.3157004138968
 10
215.8101194054026
 20
-129.208267264374
  0
LWPOLYLINE
  5
9E
330
8E
100
AcDbEntity
  8
Layer 1
100
AcDbPolyline
 90
       28
 70
     1
 43
0.0
 10
208.1901280200463
 20
-130.7482572440509
 10
208.201561430688
 20
-130.641071710766
 10
208.2513430604498
 20
-130.5082309820394
 10
208.3364369189355
 20
-130.3946935539537
 10
208.4499528151745
 20
-130.3098580776294
 10
208.582545927663
 20
-130.2600764478675
 10
208.6899898431092
 20
-130.2483954209879
 10
209.6899934032434
 20
-130.2483954209879
 10
209.7974373186896
 20
-130.2600764478675
 10
209.9300304311782
 20
-130.3098580776294
 10
210.0435463274171
 20
-130.3946935539537
 10
210.1286401859028
 20
-130.5082309820394
 10
210.1784218156647
 20
-130.641071710766
 10
210.1901136084677
 20
-130.7482572440509
 10
210.1901136084677
 20
-131.748260804185
 10
210.1784218156647
 20
-131.8556939537078
 10
210.1286401859028
 20
-131.9885454483577
 10
210.0435463274171
 20
-132.1018352602055
 10
209.9300304311782
 20
-132.1869183527678
 10
209.7974373186896
 20
-132.2366999825296
 10
209.6899934032434
 20
-132.2483917753327
 10
208.6899898431092
 20
-132.2483917753327
 10
208.582545927663
 20
-132.2366999825296
 10
208.4499528151745
 20
-132.1869183527678
 10
208.3364369189355
 20
-132.1018352602055
 10
208.2513430604498
 20
-131.9885454483577
 10
208.201561430688
 20
-131.8556939537078
 10
208.1901280200463
 20
-131.748260804185
  0
HATCH
  5
9F
330
8E
100
AcDbEntity
  8
Layer 1
 62
    18
420
        0
440
 33554687
100
AcDbHatch
 10
0.0
 20
0.0
 30
0.0
210
0.0
220
0.0
230
1.0
  2
SOLID
 70
     1
 71
     1
 91
        1
 92
        1
 93
       28
 72
     1
 10
208.1901280200463
 20
-130.7482572440509
 11
208.201561430688
 21
-130.641071710766
 72
     1
 10
208.201561430688
 20
-130.641071710766
 11
208.2513430604498
 21
-130.5082309820394
 72
     1
 10
208.2513430604498
 20
-130.5082309820394
 11
208.3364369189355
 21
-130.3946935539537
 72
     1
 10
208.3364369189355
 20
-130.3946935539537
 11
208.4499528151745
 21
-130.3098580776294
 72
     1
 10
208.4499528151745
 20
-130.3098580776294
 11
208.582545927663
 21
-130.2600764478675
 72
     1
 10
208.582545927663
 20
-130.2600764478675
 11
208.6899898431092
 21
-130.2483954209879
 72
     1
 10
208.6899898431092
 20
-130.2483954209879
 11
209.6899934032434
 21
-130.2483954209879
 72
     1
 10
209.6899934032434
 20
-130.2483954209879
 11
209.7974373186896
 21
-130.2600764478675
 72
     1
 10
209.7974373186896
 20
-130.2600764478675
 11
209.9300304311782
 21
-130.3098580776294
 72
     1
 10
209.9300304311782
 20
-130.3098580776294
 11
210.0435463274171
 21
-130.3946935539537
 72
     1
 10
210.0435463274171
 20
-130.3946935539537
 11
210.1286401859028
 21
-130.5082309820394
 72
     1
 10
210.1286401859028
 20
-130.5082309820394
 11
210.1784218156647
 21
-130.641071710766
 72
     1
 10
210.1784218156647
 20
-130.641071710766
 11
210.1901136084677
 21
-130.7482572440509
 72
     1
 10
210.1901136084677
 20
-130.7482572440509
 11
210.1901136084677
 21
-131.748260804185
 72
     1
 10
210.1901136084677
 20
-131.748260804185
 11
210.1784218156647
 21
-131.8556939537078
 72
     1
 10
210.1784218156647
 20
-131.8556939537078
 11
210.1286401859028
 21
-131.9885454483577
 72
     1
 10
210.1286401859028
 20
-131.9885454483577
 11
210.0435463274171
 21
-132.1018352602055
 72
     1
 10
210.0435463274171
 20
-132.1018352602055
 11
209.9300304311782
 21
-132.1869183527678
 72
     1
 10
209.9300304311782
 20
-132.1869183527678
 11
209.7974373186896
 21
-132.2366999825296
 72
     1
 10
209.7974373186896
 20
-132.2366999825296
 11
209.6899934032434
 21
-132.2483917753327
 72
     1
 10
209.6899934032434
 20
-132.2483917753327
 11
208.6899898431092
 21
-132.2483917753327
 72
     1
 10
208.6899898431092
 20
-132.2483917753327
 11
208.582545927663
 21
-132.2366999825296
 72
     1
 10
208.582545927663
 20
-132.2366999825296
 11
208.4499528151745
 21
-132.1869183527678
 72
     1
 10
208.4499528151745
 20
-132.1869183527678
 11
208.3364369189355
 21
-132.1018352602055
 72
     1
 10
208.3364369189355
 20
-132.1018352602055
 11
208.2513430604498
 21
-131.9885454483577
 72
     1
 10
208.2513430604498
 20
-131.9885454483577
 11
208.201561430688
 21
-131.8556939537078
 72
     1
 10
208.201561430688
 20
-131.8556939537078
 11
208.1901280200463
 21
-131.748260804185
 72
     1
 10
208.1901280200463
 20
-131.748260804185
 11
208.1901280200463
 21
-130.7482572440509
 97
        1
330
9E
 75
     2
 76
     1
 98
        1
 10
0.0
 20
0.0
450
        0
451
        0
460
0.0
461
0.0
452
        0
462
0.0
453
        0
470

  0
LWPOLYLINE
  5
A0
330
8E
100
AcDbEntity
  8
Layer 1
 62
    18
420
        0
370
     0
100
AcDbPolyline
 90
       28
 70
     1
 43
0.0
 10
208.1901280200463
 20
-130.7482572440509
 10
208.201561430688
 20
-130.641071710766
 10
208.2513430604498
 20
-130.5082309820394
 10
208.3364369189355
 20
-130.3946935539537
 10
208.4499528151745
 20
-130.3098580776294
 10
208.582545927663
 20
-130.2600764478675
 10
208.6899898431092
 20
-130.2483954209879
 10
209.6899934032434
 20
-130.2483954209879
 10
209.7974373186896
 20
-130.2600764478675
 10
209.9300304311782
 20
-130.3098580776294
 10
210.0435463274171
 20
-130.3946935539537
 10
210.1286401859028
 20
-130.5082309820394
 10
210.1784218156647
 20
-130.641071710766
 10
210.1901136084677
 20
-130.7482572440509
 10
210.1901136084677
 20
-131.748260804185
 10
210.1784218156647
 20
-131.8556939537078
 10
210.1286401859028
 20
-131.9885454483577
 10
210.0435463274171
 20
-132.1018352602055
 10
209.9300304311782
 20
-132.1869183527678
 10
209.7974373186896
 20
-132.2366999825296
 10
209.6899934032434
 20
-132.2483917753327
 10
208.6899898431092
 20
-132.2483917753327
 10
208.582545927663
 20
-132.2366999825296
 10
208.4499528151745
 20
-132.1869183527678
 10
208.3364369189355
 20
-132.1018352602055
 10
208.2513430604498
 20
-131.9885454483577
 10
208.201561430688
 20
-131.8556939537078
 10
208.1901280200463
 20
-131.748260804185
  0
LWPOLYLINE
  5
A1
330
8E
100
AcDbEntity
  8
Layer 1
100
AcDbPolyline
 90
       28
 70
     1
 43
0.0
 10
215.8101194054026
 20
-130.7482572440509
 10
215.8215528160443
 20
-130.641071710766
 10
215.8713344458061
 20
-130.5082309820394
 10
215.9564283042918
 20
-130.3946935539537
 10
216.0699657323776
 20
-130.3098580776294
 10
216.2025588448661
 20
-130.2600764478675
 10
216.3099812284655
 20
-130.2483954209879
 10
217.3099847885997
 20
-130.2483954209879
 10
217.4174287040459
 20
-130.2600764478675
 10
217.5500218165345
 20
-130.3098580776294
 10
217.6635592446202
 20
-130.3946935539537
 10
217.7486315712591
 20
-130.5082309820394
 10
217.7984347328678
 20
-130.641071710766
 10
217.8101265256708
 20
-130.7482572440509
 10
217.8101265256708
 20
-131.748260804185
 10
217.7984347328678
 20
-131.8556939537078
 10
217.7486315712591
 20
-131.9885454483577
 10
217.6635592446202
 20
-132.1018352602055
 10
217.5500218165345
 20
-132.1869183527678
 10
217.4174287040459
 20
-132.2366999825296
 10
217.3099847885997
 20
-132.2483917753327
 10
216.3099812284655
 20
-132.2483917753327
 10
216.2025588448661
 20
-132.2366999825296
 10
216.0699657323776
 20
-132.1869183527678
 10
215.9564283042918
 20
-132.1018352602055
 10
215.8713344458061
 20
-131.9885454483577
 10
215.8215528160443
 20
-131.8556939537078
 10
215.8101194054026
 20
-131.748260804185
  0
HATCH
  5
A2
330
8E
100
AcDbEntity
  8
Layer 1
 62
    18
420
        0
440
 33554687
100
AcDbHatch
 10
0.0
 20
0.0
 30
0.0
210
0.0
220
0.0
230
1.0
  2
SOLID
 70
     1
 71
     1
 91
        1
 92
        1
 93
       28
 72
     1
 10
215.8101194054026
 20
-130.7482572440509
 11
215.8215528160443
 21
-130.641071710766
 72
     1
 10
215.8215528160443
 20
-130.641071710766
 11
215.8713344458061
 21
-130.5082309820394
 72
     1
 10
215.8713344458061
 20
-130.5082309820394
 11
215.9564283042918
 21
-130.3946935539537
 72
     1
 10
215.9564283042918
 20
-130.3946935539537
 11
216.0699657323776
 21
-130.3098580776294
 72
     1
 10
216.0699657323776
 20
-130.3098580776294
 11
216.2025588448661
 21
-130.2600764478675
 72
     1
 10
216.2025588448661
 20
-130.2600764478675
 11
216.3099812284655
 21
-130.2483954209879
 72
     1
 10
216.3099812284655
 20
-130.2483954209879
 11
217.3099847885997
 21
-130.2483954209879
 72
     1
 10
217.3099847885997
 20
-130.2483954209879
 11
217.4174287040459
 21
-130.2600764478675
 72
     1
 10
217.4174287040459
 20
-130.2600764478675
 11
217.5500218165345
 21
-130.3098580776294
 72
     1
 10
217.5500218165345
 20
-130.3098580776294
 11
217.6635592446202
 21
-130.3946935539537
 72
     1
 10
217.6635592446202
 20
-130.3946935539537
 11
217.7486315712591
 21
-130.5082309820394
 72
     1
 10
217.7486315712591
 20
-130.5082309820394
 11
217.7984347328678
 21
-130.641071710766
 72
     1
 10
217.7984347328678
 20
-130.641071710766
 11
217.8101265256708
 21
-130.7482572440509
 72
     1
 10
217.8101265256708
 20
-130.7482572440509
 11
217.8101265256708
 21
-131.748260804185
 72
     1
 10
217.8101265256708
 20
-131.748260804185
 11
217.7984347328678
 21
-131.8556939537078
 72
     1
 10
217.7984347328678
 20
-131.8556939537078
 11
217.7486315712591
 21
-131.9885454483577
 72
     1
 10
217.7486315712591
 20
-131.9885454483577
 11
217.6635592446202
 21
-132.1018352602055
 72
     1
 10
217.6635592446202
 20
-132.1018352602055
 11
217.5500218165345
 21
-132.1869183527678
 72
     1
 10
217.5500218165345
 20
-132.1869183527678
 11
217.4174287040459
 21
-132.2366999825296
 72
     1
 10
217.4174287040459
 20
-132.2366999825296
 11
217.3099847885997
 21
-132.2483917753327
 72
     1
 10
217.3099847885997
 20
-132.2483917753327
 11
216.3099812284655
 21
-132.2483917753327
 72
     1
 10
216.3099812284655
 20
-132.2483917753327
 11
216.2025588448661
 21
-132.2366999825296
 72
     1
 10
216.2025588448661
 20
-132.2366999825296
 11
216.0699657323776
 21
-132.1869183527678
 72
     1
 10
216.0699657323776
 20
-132.1869183527678
 11
215.9564283042918
 21
-132.1018352602055
 72
     1
 10
215.9564283042918
 20
-132.1018352602055
 11
215.8713344458061
 21
-131.9885454483577
 72
     1
 10
215.8713344458061
 20
-131.9885454483577
 11
215.8215528160443
 21
-131.8556939537078
 72
     1
 10
215.8215528160443
 20
-131.8556939537078
 11
215.8101194054026
 21
-131.748260804185
 72
     1
 10
215.8101194054026
 20
-131.748260804185
 11
215.8101194054026
 21
-130.7482572440509
 97
        1
330
A1
 75
     2
 76
     1
 98
        1
 10
0.0
 20
0.0
450
        0
451
        0
460
0.0
461
0.0
452
        0
462
0.0
453
        0
470

  0
LWPOLYLINE
  5
A3
330
8E
100
AcDbEntity
  8
Layer 1
 62
    18
420
        0
370
     0
100
AcDbPolyline
 90
       28
 70
     1
 43
0.0
 10
215.8101194054026
 20
-130.7482572440509
 10
215.8215528160443
 20
-130.641071710766
 10
215.8713344458061
 20
-130.5082309820394
 10
215.9564283042918
 20
-130.3946935539537
 10
216.0699657323776
 20
-130.3098580776294
 10
216.2025588448661
 20
-130.2600764478675
 10
216.3099812284655
 20
-130.2483954209879
 10
217.3099847885997
 20
-130.2483954209879
 10
217.4174287040459
 20
-130.2600764478675
 10
217.5500218165345
 20
-130.3098580776294
 10
217.6635592446202
 20
-130.3946935539537
 10
217.7486315712591
 20
-130.5082309820394
 10
217.7984347328678
 20
-130.641071710766
 10
217.8101265256708
 20
-130.7482572440509
 10
217.8101265256708
 20
-131.748260804185
 10
217.7984347328678
 20
-131.8556939537078
 10
217.7486315712591
 20
-131.9885454483577
 10
217.6635592446202
 20
-132.1018352602055
 10
217.5500218165345
 20
-132.1869183527678
 10
217.4174287040459
 20
-132.2366999825296
 10
217.3099847885997
 20
-132.2483917753327
 10
216.3099812284655
 20
-132.2483917753327
 10
216.2025588448661
 20
-132.2366999825296
 10
216.0699657323776
 20
-132.1869183527678
 10
215.9564283042918
 20
-132.1018352602055
 10
215.8713344458061
 20
-131.9885454483577
 10
215.8215528160443
 20
-131.8556939537078
 10
215.8101194054026
 20
-131.748260804185
  0
SPLINE
  5
A4
330
8E
100
AcDbEntity
  8
Layer 1
100
AcDbSpline
210
0.0
220
0.0
230
1.0
 70
     9
 71
     3
 72
    17
 73
    13
 74
     0
 42
0.0000000001
 43
0.0000000001
 40
0.0
 40
0.0
 40
0.0
 40
0.0
 40
1.0
 40
1.0
 40
1.0
 40
2.0
 40
2.0
 40
2.0
 40
3.0
 40
3.0
 40
3.0
 40
4.0
 40
4.0
 40
4.0
 40
4.0
 10
201.7499526473074
 20
-131.2483882151986
 30
0.0
 10
201.7499526473074
 20
-130.0068403978549
 30
0.0
 10
202.7585904780014
 20
-128.9984609493223
 30
0.0
 10
203.9998799131837
 20
-128.9984609493223
 30
0.0
 10
205.2414492623742
 20
-128.9984609493223
 30
0.0
 10
206.2500655612214
 20
-130.0068403978549
 30
0.0
 10
206.2500655612214
 20
-131.2483882151986
 30
0.0
 10
206.2500655612214
 20
-132.4899467984657
 30
0.0
 10
205.2414492623742
 20
-133.4983262469983
 30
0.0
 10
203.9998799131837
 20
-133.4983262469983
 30
0.0
 10
202.7585904780014
 20
-133.4983262469983
 30
0.0
 10
201.7499526473074
 20
-132.4899467984657
 30
0.0
 10
201.7499526473074
 20
-131.2483882151986
 30
0.0
  0
HATCH
  5
A5
330
8E
100
AcDbEntity
  8
Layer 1
 62
    18
420
        0
440
 33554687
100
AcDbHatch
 10
0.0
 20
0.0
 30
0.0
210
0.0
220
0.0
230
1.0
  2
SOLID
 70
     1
 71
     1
 91
        1
 92
        1
 93
        1
 72
     4
 94
        3
 73
     0
 74
     0
 95
       17
 96
       13
 40
0.0
 40
0.0
 40
0.0
 40
0.0
 40
1.0
 40
1.0
 40
1.0
 40
2.0
 40
2.0
 40
2.0
 40
3.0
 40
3.0
 40
3.0
 40
4.0
 40
4.0
 40
4.0
 40
4.0
 10
201.7499526473074
 20
-131.2483882151986
 10
201.7499526473074
 20
-130.0068403978549
 10
202.7585904780014
 20
-128.9984609493223
 10
203.9998799131837
 20
-128.9984609493223
 10
205.2414492623742
 20
-128.9984609493223
 10
206.2500655612214
 20
-130.0068403978549
 10
206.2500655612214
 20
-131.2483882151986
 10
206.2500655612214
 20
-132.4899467984657
 10
205.2414492623742
 20
-133.4983262469983
 10
203.9998799131837
 20
-133.4983262469983
 10
202.7585904780014
 20
-133.4983262469983
 10
201.7499526473074
 20
-132.4899467984657
 10
201.7499526473074
 20
-131.2483882151986
 97
        0
 97
        1
330
A4
 75
     2
 76
     1
 98
        1
 10
0.0
 20
0.0
450
        0
451
        0
460
0.0
461
0.0
452
        0
462
0.0
453
        0
470

  0
SPLINE
  5
A6
330
8E
100
AcDbEntity
  8
Layer 1
 62
    18
420
        0
370
     0
100
AcDbSpline
210
0.0
220
0.0
230
1.0
 70
     9
 71
     3
 72
    17
 73
    13
 74
     0
 42
0.0000000001
 43
0.0000000001
 40
0.0
 40
0.0
 40
0.0
 40
0.0
 40
1.0
 40
1.0
 40
1.0
 40
2.0
 40
2.0
 40
2.0
 40
3.0
 40
3.0
 40
3.0
 40
4.0
 40
4.0
 40
4.0
 40
4.0
 10
201.7499526473074
 20
-131.2483882151986
 30
0.0
 10
201.7499526473074
 20
-130.0068403978549
 30
0.0
 10
202.7585904780014
 20
-128.9984609493223
 30
0.0
 10
203.9998799131837
 20
-128.9984609493223
 30
0.0
 10
205.2414492623742
 20
-128.9984609493223
 30
0.0
 10
206.2500655612214
 20
-130.0068403978549
 30
0.0
 10
206.2500655612214
 20
-131.2483882151986
 30
0.0
 10
206.2500655612214
 20
-132.4899467984657
 30
0.0
 10
205.2414492623742
 20
-133.4983262469983
 30
0.0
 10
203.9998799131837
 20
-133.4983262469983
 30
0.0
 10
202.7585904780014
 20
-133.4983262469983
 30
0.0
 10
201.7499526473074
 20
-132.4899467984657
 30
0.0
 10
201.7499526473074
 20
-131.2483882151986
 30
0.0
  0
LWPOLYLINE
  5
A7
330
8E
100
AcDbEntity
  8
Layer 1
100
AcDbPolyline
 90
        4
 70
     1
 43
0.0
 10
232.1900627403376
 20
-129.7083874695983
 10
232.1900627403376
 20
-127.7083911152535
 10
234.1900698606058
 20
-127.7083911152535
 10
234.1900698606058
 20
-129.7083874695983
  0
HATCH
  5
A8
330
8E
100
AcDbEntity
  8
Layer 1
 62
    18
420
        0
440
 33554687
100
AcDbHatch
 10
0.0
 20
0.0
 30
0.0
210
0.0
220
0.0
230
1.0
  2
SOLID
 70
     1
 71
     1
 91
        1
 92
        1
 93
        4
 72
     1
 10
232.1900627403376
 20
-129.7083874695983
 11
232.1900627403376
 21
-127.7083911152535
 72
     1
 10
232.1900627403376
 20
-127.7083911152535
 11
234.1900698606058
 21
-127.7083911152535
 72
     1
 10
234.1900698606058
 20
-127.7083911152535
 11
234.1900698606058
 21
-129.7083874695983
 72
     1
 10
234.1900698606058
 20
-129.7083874695983
 11
232.1900627403376
 21
-129.7083874695983
 97
        1
330
A7
 75
     2
 76
     1
 98
        1
 10
0.0
 20
0.0
450
        0
451
        0
460
0.0
461
0.0
452
        0
462
0.0
453
        0
470

  0
LWPOLYLINE
  5
A9
330
8E
100
AcDbEntity
  8
Layer 1
 62
    18
420
        0
370
     0
100
AcDbPolyline
 90
        4
 70
     1
 43
0.0
 10
232.1900627403376
 20
-129.7083874695983
 10
232.1900627403376
 20
-127.7083911152535
 10
234.1900698606058
 20
-127.7083911152535
 10
234.1900698606058
 20
-129.7083874695983
  0
LWPOLYLINE
  5
AA
330
8E
100
AcDbEntity
  8
Layer 1
100
AcDbPolyline
 90
       28
 70
     1
 43
0.0
 10
239.8100756575406
 20
-133.2882615497852
 10
239.8217459184969
 20
-133.1810760165003
 10
239.8715490801055
 20
-133.0482245218504
 10
239.9563845564298
 20
-132.9346978596881
 10
240.0699219845156
 20
-132.8498623833638
 10
240.2024935651574
 20
-132.8000699876785
 10
240.3099590124504
 20
-132.7883997267222
 10
241.3099410407377
 20
-132.7883997267222
 10
241.4173849561839
 20
-132.8000699876785
 10
241.5502364508339
 20
-132.8498623833638
 10
241.6635154967583
 20
-132.9346978596881
 10
241.7486093552439
 20
-133.0482245218504
 10
241.7983909850058
 20
-133.1810760165003
 10
241.8100612459621
 20
-133.2882615497852
 10
241.8100612459621
 20
-134.2882651099193
 10
241.7983909850058
 20
-134.3956982594422
 10
241.7486093552439
 20
-134.5285389881687
 10
241.6635154967583
 20
-134.6418288000165
 10
241.5502364508339
 20
-134.7269226585021
 10
241.4173849561839
 20
-134.776704288264
 10
241.3099410407377
 20
-134.7883853151437
 10
240.3099590124504
 20
-134.7883853151437
 10
240.2024935651574
 20
-134.776704288264
 10
240.0699219845156
 20
-134.7269226585021
 10
239.9563845564298
 20
-134.6418288000165
 10
239.8715490801055
 20
-134.5285389881687
 10
239.8217459184969
 20
-134.3956982594422
 10
239.8100756575406
 20
-134.2882651099193
  0
HATCH
  5
AB
330
8E
100
AcDbEntity
  8
Layer 1
 62
    18
420
        0
440
 33554687
100
AcDbHatch
 10
0.0
 20
0.0
 30
0.0
210
0.0
220
0.0
230
1.0
  2
SOLID
 70
     1
 71
     1
 91
        1
 92
        1
 93
       28
 72
     1
 10
239.8100756575406
 20
-133.2882615497852
 11
239.8217459184969
 21
-133.1810760165003
 72
     1
 10
239.8217459184969
 20
-133.1810760165003
 11
239.8715490801055
 21
-133.0482245218504
 72
     1
 10
239.8715490801055
 20
-133.0482245218504
 11
239.9563845564298
 21
-132.9346978596881
 72
     1
 10
239.9563845564298
 20
-132.9346978596881
 11
240.0699219845156
 21
-132.8498623833638
 72
     1
 10
240.0699219845156
 20
-132.8498623833638
 11
240.2024935651574
 21
-132.8000699876785
 72
     1
 10
240.2024935651574
 20
-132.8000699876785
 11
240.3099590124504
 21
-132.7883997267222
 72
     1
 10
240.3099590124504
 20
-132.7883997267222
 11
241.3099410407377
 21
-132.7883997267222
 72
     1
 10
241.3099410407377
 20
-132.7883997267222
 11
241.4173849561839
 21
-132.8000699876785
 72
     1
 10
241.4173849561839
 20
-132.8000699876785
 11
241.5502364508339
 21
-132.8498623833638
 72
     1
 10
241.5502364508339
 20
-132.8498623833638
 11
241.6635154967583
 21
-132.9346978596881
 72
     1
 10
241.6635154967583
 20
-132.9346978596881
 11
241.7486093552439
 21
-133.0482245218504
 72
     1
 10
241.7486093552439
 20
-133.0482245218504
 11
241.7983909850058
 21
-133.1810760165003
 72
     1
 10
241.7983909850058
 20
-133.1810760165003
 11
241.8100612459621
 21
-133.2882615497852
 72
     1
 10
241.8100612459621
 20
-133.2882615497852
 11
241.8100612459621
 21
-134.2882651099193
 72
     1
 10
241.8100612459621
 20
-134.2882651099193
 11
241.7983909850058
 21
-134.3956982594422
 72
     1
 10
241.7983909850058
 20
-134.3956982594422
 11
241.7486093552439
 21
-134.5285389881687
 72
     1
 10
241.7486093552439
 20
-134.5285389881687
 11
241.6635154967583
 21
-134.6418288000165
 72
     1
 10
241.6635154967583
 20
-134.6418288000165
 11
241.5502364508339
 21
-134.7269226585021
 72
     1
 10
241.5502364508339
 20
-134.7269226585021
 11
241.4173849561839
 21
-134.776704288264
 72
     1
 10
241.4173849561839
 20
-134.776704288264
 11
241.3099410407377
 21
-134.7883853151437
 72
     1
 10
241.3099410407377
 20
-134.7883853151437
 11
240.3099590124504
 21
-134.7883853151437
 72
     1
 10
240.3099590124504
 20
-134.7883853151437
 11
240.2024935651574
 21
-134.776704288264
 72
     1
 10
240.2024935651574
 20
-134.776704288264
 11
240.0699219845156
 21
-134.7269226585021
 72
     1
 10
240.0699219845156
 20
-134.7269226585021
 11
239.9563845564298
 21
-134.6418288000165
 72
     1
 10
239.9563845564298
 20
-134.6418288000165
 11
239.8715490801055
 21
-134.5285389881687
 72
     1
 10
239.8715490801055
 20
-134.5285389881687
 11
239.8217459184969
 21
-134.3956982594422
 72
     1
 10
239.8217459184969
 20
-134.3956982594422
 11
239.8100756575406
 21
-134.2882651099193
 72
     1
 10
239.8100756575406
 20
-134.2882651099193
 11
239.8100756575406
 21
-133.2882615497852
 97
        1
330
AA
 75
     2
 76
     1
 98
        1
 10
0.0
 20
0.0
450
        0
451
        0
460
0.0
461
0.0
452
        0
462
0.0
453
        0
470

  0
LWPOLYLINE
  5
AC
330
8E
100
AcDbEntity
  8
Layer 1
 62
    18
420
        0
370
     0
100
AcDbPolyline
 90
       28
 70
     1
 43
0.0
 10
239.8100756575406
 20
-133.2882615497852
 10
239.8217459184969
 20
-133.1810760165003
 10
239.8715490801055
 20
-133.0482245218504
 10
239.9563845564298
 20
-132.9346978596881
 10
240.0699219845156
 20
-132.8498623833638
 10
240.2024935651574
 20
-132.8000699876785
 10
240.3099590124504
 20
-132.7883997267222
 10
241.3099410407377
 20
-132.7883997267222
 10
241.4173849561839
 20
-132.8000699876785
 10
241.5502364508339
 20
-132.8498623833638
 10
241.6635154967583
 20
-132.9346978596881
 10
241.7486093552439
 20
-133.0482245218504
 10
241.7983909850058
 20
-133.1810760165003
 10
241.8100612459621
 20
-133.2882615497852
 10
241.8100612459621
 20
-134.2882651099193
 10
241.7983909850058
 20
-134.3956982594422
 10
241.7486093552439
 20
-134.5285389881687
 10
241.6635154967583
 20
-134.6418288000165
 10
241.5502364508339
 20
-134.7269226585021
 10
241.4173849561839
 20
-134.776704288264
 10
241.3099410407377
 20
-134.7883853151437
 10
240.3099590124504
 20
-134.7883853151437
 10
240.2024935651574
 20
-134.776704288264
 10
240.0699219845156
 20
-134.7269226585021
 10
239.9563845564298
 20
-134.6418288000165
 10
239.8715490801055
 20
-134.5285389881687
 10
239.8217459184969
 20
-134.3956982594422
 10
239.8100756575406
 20
-134.2882651099193
  0
LWPOLYLINE
  5
AD
330
8E
100
AcDbEntity
  8
Layer 1
100
AcDbPolyline
 90
       28
 70
     1
 43
0.0
 10
232.1900627403376
 20
-133.2882615497852
 10
232.2017545331406
 20
-133.1810760165003
 10
232.2515361629025
 20
-133.0482245218504
 10
232.3363716392268
 20
-132.9346978596881
 10
232.4499305991593
 20
-132.8498623833638
 10
232.5825021798011
 20
-132.8000699876785
 10
232.6899460952473
 20
-132.7883997267222
 10
233.6899281235346
 20
-132.7883997267222
 10
233.7973935708276
 20
-132.8000699876785
 10
233.9302235336308
 20
-132.8498623833638
 10
234.043524111402
 20
-132.9346978596881
 10
234.1285964380408
 20
-133.0482245218504
 10
234.1783995996495
 20
-133.1810760165003
 10
234.1900698606058
 20
-133.2882615497852
 10
234.1900698606058
 20
-134.2882651099193
 10
234.1783995996495
 20
-134.3956982594422
 10
234.1285964380408
 20
-134.5285389881687
 10
234.043524111402
 20
-134.6418288000165
 10
233.9302235336308
 20
-134.7269226585021
 10
233.7973935708276
 20
-134.776704288264
 10
233.6899281235346
 20
-134.7883853151437
 10
232.6899460952473
 20
-134.7883853151437
 10
232.5825021798011
 20
-134.776704288264
 10
232.4499305991593
 20
-134.7269226585021
 10
232.3363716392268
 20
-134.6418288000165
 10
232.2515361629025
 20
-134.5285389881687
 10
232.2017545331406
 20
-134.3956982594422
 10
232.1900627403376
 20
-134.2882651099193
  0
HATCH
  5
AE
330
8E
100
AcDbEntity
  8
Layer 1
 62
    18
420
        0
440
 33554687
100
AcDbHatch
 10
0.0
 20
0.0
 30
0.0
210
0.0
220
0.0
230
1.0
  2
SOLID
 70
     1
 71
     1
 91
        1
 92
        1
 93
       28
 72
     1
 10
232.1900627403376
 20
-133.2882615497852
 11
232.2017545331406
 21
-133.1810760165003
 72
     1
 10
232.2017545331406
 20
-133.1810760165003
 11
232.2515361629025
 21
-133.0482245218504
 72
     1
 10
232.2515361629025
 20
-133.0482245218504
 11
232.3363716392268
 21
-132.9346978596881
 72
     1
 10
232.3363716392268
 20
-132.9346978596881
 11
232.4499305991593
 21
-132.8498623833638
 72
     1
 10
232.4499305991593
 20
-132.8498623833638
 11
232.5825021798011
 21
-132.8000699876785
 72
     1
 10
232.5825021798011
 20
-132.8000699876785
 11
232.6899460952473
 21
-132.7883997267222
 72
     1
 10
232.6899460952473
 20
-132.7883997267222
 11
233.6899281235346
 21
-132.7883997267222
 72
     1
 10
233.6899281235346
 20
-132.7883997267222
 11
233.7973935708276
 21
-132.8000699876785
 72
     1
 10
233.7973935708276
 20
-132.8000699876785
 11
233.9302235336308
 21
-132.8498623833638
 72
     1
 10
233.9302235336308
 20
-132.8498623833638
 11
234.043524111402
 21
-132.9346978596881
 72
     1
 10
234.043524111402
 20
-132.9346978596881
 11
234.1285964380408
 21
-133.0482245218504
 72
     1
 10
234.1285964380408
 20
-133.0482245218504
 11
234.1783995996495
 21
-133.1810760165003
 72
     1
 10
234.1783995996495
 20
-133.1810760165003
 11
234.1900698606058
 21
-133.2882615497852
 72
     1
 10
234.1900698606058
 20
-133.2882615497852
 11
234.1900698606058
 21
-134.2882651099193
 72
     1
 10
234.1900698606058
 20
-134.2882651099193
 11
234.1783995996495
 21
-134.3956982594422
 72
     1
 10
234.1783995996495
 20
-134.3956982594422
 11
234.1285964380408
 21
-134.5285389881687
 72
     1
 10
234.1285964380408
 20
-134.5285389881687
 11
234.043524111402
 21
-134.6418288000165
 72
     1
 10
234.043524111402
 20
-134.6418288000165
 11
233.9302235336308
 21
-134.7269226585021
 72
     1
 10
233.9302235336308
 20
-134.7269226585021
 11
233.7973935708276
 21
-134.776704288264
 72
     1
 10
233.7973935708276
 20
-134.776704288264
 11
233.6899281235346
 21
-134.7883853151437
 72
     1
 10
233.6899281235346
 20
-134.7883853151437
 11
232.6899460952473
 21
-134.7883853151437
 72
     1
 10
232.6899460952473
 20
-134.7883853151437
 11
232.5825021798011
 21
-134.776704288264
 72
     1
 10
232.5825021798011
 20
-134.776704288264
 11
232.4499305991593
 21
-134.7269226585021
 72
     1
 10
232.4499305991593
 20
-134.7269226585021
 11
232.3363716392268
 21
-134.6418288000165
 72
     1
 10
232.3363716392268
 20
-134.6418288000165
 11
232.2515361629025
 21
-134.5285389881687
 72
     1
 10
232.2515361629025
 20
-134.5285389881687
 11
232.2017545331406
 21
-134.3956982594422
 72
     1
 10
232.2017545331406
 20
-134.3956982594422
 11
232.1900627403376
 21
-134.2882651099193
 72
     1
 10
232.1900627403376
 20
-134.2882651099193
 11
232.1900627403376
 21
-133.2882615497852
 97
        1
330
AD
 75
     2
 76
     1
 98
        1
 10
0.0
 20
0.0
450
        0
451
        0
460
0.0
461
0.0
452
        0
462
0.0
453
        0
470

  0
LWPOLYLINE
  5
AF
330
8E
100
AcDbEntity
  8
Layer 1
 62
    18
420
        0
370
     0
100
AcDbPolyline
 90
       28
 70
     1
 43
0.0
 10
232.1900627403376
 20
-133.2882615497852
 10
232.2017545331406
 20
-133.1810760165003
 10
232.2515361629025
 20
-133.0482245218504
 10
232.3363716392268
 20
-132.9346978596881
 10
232.4499305991593
 20
-132.8498623833638
 10
232.5825021798011
 20
-132.8000699876785
 10
232.6899460952473
 20
-132.7883997267222
 10
233.6899281235346
 20
-132.7883997267222
 10
233.7973935708276
 20
-132.8000699876785
 10
233.9302235336308
 20
-132.8498623833638
 10
234.043524111402
 20
-132.9346978596881
 10
234.1285964380408
 20
-133.0482245218504
 10
234.1783995996495
 20
-133.1810760165003
 10
234.1900698606058
 20
-133.2882615497852
 10
234.1900698606058
 20
-134.2882651099193
 10
234.1783995996495
 20
-134.3956982594422
 10
234.1285964380408
 20
-134.5285389881687
 10
234.043524111402
 20
-134.6418288000165
 10
233.9302235336308
 20
-134.7269226585021
 10
233.7973935708276
 20
-134.776704288264
 10
233.6899281235346
 20
-134.7883853151437
 10
232.6899460952473
 20
-134.7883853151437
 10
232.5825021798011
 20
-134.776704288264
 10
232.4499305991593
 20
-134.7269226585021
 10
232.3363716392268
 20
-134.6418288000165
 10
232.2515361629025
 20
-134.5285389881687
 10
232.2017545331406
 20
-134.3956982594422
 10
232.1900627403376
 20
-134.2882651099193
  0
LWPOLYLINE
  5
B0
330
8E
100
AcDbEntity
  8
Layer 1
100
AcDbPolyline
 90
       28
 70
     1
 43
0.0
 10
239.8100756575406
 20
-128.2082637042399
 10
239.8217459184969
 20
-128.1010781709551
 10
239.8715490801055
 20
-127.9682266763051
 10
239.9563845564298
 20
-127.8546892482193
 10
240.0699219845156
 20
-127.7698645378184
 10
240.2024935651574
 20
-127.7200721421332
 10
240.3099590124504
 20
-127.7083911152535
 10
241.3099410407377
 20
-127.7083911152535
 10
241.4173849561839
 20
-127.7200721421332
 10
241.5502364508339
 20
-127.7698645378184
 10
241.6635154967583
 20
-127.8546892482193
 10
241.7486093552439
 20
-127.9682266763051
 10
241.7983909850058
 20
-128.1010781709551
 10
241.8100612459621
 20
-128.2082637042399
 10
241.8100612459621
 20
-129.208267264374
 10
241.7983909850058
 20
-129.3157004138968
 10
241.7486093552439
 20
-129.4485411426234
 10
241.6635154967583
 20
-129.5618309544711
 10
241.5502364508339
 20
-129.6469248129568
 10
241.4173849561839
 20
-129.6966956767953
 10
241.3099410407377
 20
-129.7083874695983
 10
240.3099590124504
 20
-129.7083874695983
 10
240.2024935651574
 20
-129.6966956767953
 10
240.0699219845156
 20
-129.6469248129568
 10
239.9563845564298
 20
-129.5618309544711
 10
239.8715490801055
 20
-129.4485411426234
 10
239.8217459184969
 20
-129.3157004138968
 10
239.8100756575406
 20
-129.208267264374
  0
HATCH
  5
B1
330
8E
100
AcDbEntity
  8
Layer 1
 62
    18
420
        0
440
 33554687
100
AcDbHatch
 10
0.0
 20
0.0
 30
0.0
210
0.0
220
0.0
230
1.0
  2
SOLID
 70
     1
 71
     1
 91
        1
 92
        1
 93
       28
 72
     1
 10
239.8100756575406
 20
-128.2082637042399
 11
239.8217459184969
 21
-128.1010781709551
 72
     1
 10
239.8217459184969
 20
-128.1010781709551
 11
239.8715490801055
 21
-127.9682266763051
 72
     1
 10
239.8715490801055
 20
-127.9682266763051
 11
239.9563845564298
 21
-127.8546892482193
 72
     1
 10
239.9563845564298
 20
-127.8546892482193
 11
240.0699219845156
 21
-127.7698645378184
 72
     1
 10
240.0699219845156
 20
-127.7698645378184
 11
240.2024935651574
 21
-127.7200721421332
 72
     1
 10
240.2024935651574
 20
-127.7200721421332
 11
240.3099590124504
 21
-127.7083911152535
 72
     1
 10
240.3099590124504
 20
-127.7083911152535
 11
241.3099410407377
 21
-127.7083911152535
 72
     1
 10
241.3099410407377
 20
-127.7083911152535
 11
241.4173849561839
 21
-127.7200721421332
 72
     1
 10
241.4173849561839
 20
-127.7200721421332
 11
241.5502364508339
 21
-127.7698645378184
 72
     1
 10
241.5502364508339
 20
-127.7698645378184
 11
241.6635154967583
 21
-127.8546892482193
 72
     1
 10
241.6635154967583
 20
-127.8546892482193
 11
241.7486093552439
 21
-127.9682266763051
 72
     1
 10
241.7486093552439
 20
-127.9682266763051
 11
241.7983909850058
 21
-128.1010781709551
 72
     1
 10
241.7983909850058
 20
-128.1010781709551
 11
241.8100612459621
 21
-128.2082637042399
 72
     1
 10
241.8100612459621
 20
-128.2082637042399
 11
241.8100612459621
 21
-129.208267264374
 72
     1
 10
241.8100612459621
 20
-129.208267264374
 11
241.7983909850058
 21
-129.3157004138968
 72
     1
 10
241.7983909850058
 20
-129.3157004138968
 11
241.7486093552439
 21
-129.4485411426234
 72
     1
 10
241.7486093552439
 20
-129.4485411426234
 11
241.6635154967583
 21
-129.5618309544711
 72
     1
 10
241.6635154967583
 20
-129.5618309544711
 11
241.5502364508339
 21
-129.6469248129568
 72
     1
 10
241.5502364508339
 20
-129.6469248129568
 11
241.4173849561839
 21
-129.6966956767953
 72
     1
 10
241.4173849561839
 20
-129.6966956767953
 11
241.3099410407377
 21
-129.7083874695983
 72
     1
 10
241.3099410407377
 20
-129.7083874695983
 11
240.3099590124504
 21
-129.7083874695983
 72
     1
 10
240.3099590124504
 20
-129.7083874695983
 11
240.2024935651574
 21
-129.6966956767953
 72
     1
 10
240.2024935651574
 20
-129.6966956767953
 11
240.0699219845156
 21
-129.6469248129568
 72
     1
 10
240.0699219845156
 20
-129.6469248129568
 11
239.9563845564298
 21
-129.5618309544711
 72
     1
 10
239.9563845564298
 20
-129.5618309544711
 11
239.8715490801055
 21
-129.4485411426234
 72
     1
 10
239.8715490801055
 20
-129.4485411426234
 11
239.8217459184969
 21
-129.3157004138968
 72
     1
 10
239.8217459184969
 20
-129.3157004138968
 11
239.8100756575406
 21
-129.208267264374
 72
     1
 10
239.8100756575406
 20
-129.208267264374
 11
239.8100756575406
 21
-128.2082637042399
 97
        1
330
B0
 75
     2
 76
     1
 98
        1
 10
0.0
 20
0.0
450
        0
451
        0
460
0.0
461
0.0
452
        0
462
0.0
453
        0
470

  0
LWPOLYLINE
  5
B2
330
8E
100
AcDbEntity
  8
Layer 1
 62
    18
420
        0
370
     0
100
AcDbPolyline
 90
       28
 70
     1
 43
0.0
 10
239.8100756575406
 20
-128.2082637042399
 10
239.8217459184969
 20
-128.1010781709551
 10
239.8715490801055
 20
-127.9682266763051
 10
239.9563845564298
 20
-127.8546892482193
 10
240.0699219845156
 20
-127.7698645378184
 10
240.2024935651574
 20
-127.7200721421332
 10
240.3099590124504
 20
-127.7083911152535
 10
241.3099410407377
 20
-127.7083911152535
 10
241.4173849561839
 20
-127.7200721421332
 10
241.5502364508339
 20
-127.7698645378184
 10
241.6635154967583
 20
-127.8546892482193
 10
241.7486093552439
 20
-127.9682266763051
 10
241.7983909850058
 20
-128.1010781709551
 10
241.8100612459621
 20
-128.2082637042399
 10
241.8100612459621
 20
-129.208267264374
 10
241.7983909850058
 20
-129.3157004138968
 10
241.7486093552439
 20
-129.4485411426234
 10
241.6635154967583
 20
-129.5618309544711
 10
241.5502364508339
 20
-129.6469248129568
 10
241.4173849561839
 20
-129.6966956767953
 10
241.3099410407377
 20
-129.7083874695983
 10
240.3099590124504
 20
-129.7083874695983
 10
240.2024935651574
 20
-129.6966956767953
 10
240.0699219845156
 20
-129.6469248129568
 10
239.9563845564298
 20
-129.5618309544711
 10
239.8715490801055
 20
-129.4485411426234
 10
239.8217459184969
 20
-129.3157004138968
 10
239.8100756575406
 20
-129.208267264374
  0
LWPOLYLINE
  5
B3
330
8E
100
AcDbEntity
  8
Layer 1
100
AcDbPolyline
 90
       28
 70
     1
 43
0.0
 10
239.8100756575406
 20
-130.7482572440509
 10
239.8217459184969
 20
-130.641071710766
 10
239.8715490801055
 20
-130.5082309820394
 10
239.9563845564298
 20
-130.3946935539537
 10
240.0699219845156
 20
-130.3098580776294
 10
240.2024935651574
 20
-130.2600764478675
 10
240.3099590124504
 20
-130.2483954209879
 10
241.3099410407377
 20
-130.2483954209879
 10
241.4173849561839
 20
-130.2600764478675
 10
241.5502364508339
 20
-130.3098580776294
 10
241.6635154967583
 20
-130.3946935539537
 10
241.7486093552439
 20
-130.5082309820394
 10
241.7983909850058
 20
-130.641071710766
 10
241.8100612459621
 20
-130.7482572440509
 10
241.8100612459621
 20
-131.748260804185
 10
241.7983909850058
 20
-131.8556939537078
 10
241.7486093552439
 20
-131.9885454483577
 10
241.6635154967583
 20
-132.1018352602055
 10
241.5502364508339
 20
-132.1869183527678
 10
241.4173849561839
 20
-132.2366999825296
 10
241.3099410407377
 20
-132.2483917753327
 10
240.3099590124504
 20
-132.2483917753327
 10
240.2024935651574
 20
-132.2366999825296
 10
240.0699219845156
 20
-132.1869183527678
 10
239.9563845564298
 20
-132.1018352602055
 10
239.8715490801055
 20
-131.9885454483577
 10
239.8217459184969
 20
-131.8556939537078
 10
239.8100756575406
 20
-131.748260804185
  0
HATCH
  5
B4
330
8E
100
AcDbEntity
  8
Layer 1
 62
    18
420
        0
440
 33554687
100
AcDbHatch
 10
0.0
 20
0.0
 30
0.0
210
0.0
220
0.0
230
1.0
  2
SOLID
 70
     1
 71
     1
 91
        1
 92
        1
 93
       28
 72
     1
 10
239.8100756575406
 20
-130.7482572440509
 11
239.8217459184969
 21
-130.641071710766
 72
     1
 10
239.8217459184969
 20
-130.641071710766
 11
239.8715490801055
 21
-130.5082309820394
 72
     1
 10
239.8715490801055
 20
-130.5082309820394
 11
239.9563845564298
 21
-130.3946935539537
 72
     1
 10
239.9563845564298
 20
-130.3946935539537
 11
240.0699219845156
 21
-130.3098580776294
 72
     1
 10
240.0699219845156
 20
-130.3098580776294
 11
240.2024935651574
 21
-130.2600764478675
 72
     1
 10
240.2024935651574
 20
-130.2600764478675
 11
240.3099590124504
 21
-130.2483954209879
 72
     1
 10
240.3099590124504
 20
-130.2483954209879
 11
241.3099410407377
 21
-130.2483954209879
 72
     1
 10
241.3099410407377
 20
-130.2483954209879
 11
241.4173849561839
 21
-130.2600764478675
 72
     1
 10
241.4173849561839
 20
-130.2600764478675
 11
241.5502364508339
 21
-130.3098580776294
 72
     1
 10
241.5502364508339
 20
-130.3098580776294
 11
241.6635154967583
 21
-130.3946935539537
 72
     1
 10
241.6635154967583
 20
-130.3946935539537
 11
241.7486093552439
 21
-130.5082309820394
 72
     1
 10
241.7486093552439
 20
-130.5082309820394
 11
241.7983909850058
 21
-130.641071710766
 72
     1
 10
241.7983909850058
 20
-130.641071710766
 11
241.8100612459621
 21
-130.7482572440509
 72
     1
 10
241.8100612459621
 20
-130.7482572440509
 11
241.8100612459621
 21
-131.748260804185
 72
     1
 10
241.8100612459621
 20
-131.748260804185
 11
241.7983909850058
 21
-131.8556939537078
 72
     1
 10
241.7983909850058
 20
-131.8556939537078
 11
241.7486093552439
 21
-131.9885454483577
 72
     1
 10
241.7486093552439
 20
-131.9885454483577
 11
241.6635154967583
 21
-132.1018352602055
 72
     1
 10
241.6635154967583
 20
-132.1018352602055
 11
241.5502364508339
 21
-132.1869183527678
 72
     1
 10
241.5502364508339
 20
-132.1869183527678
 11
241.4173849561839
 21
-132.2366999825296
 72
     1
 10
241.4173849561839
 20
-132.2366999825296
 11
241.3099410407377
 21
-132.2483917753327
 72
     1
 10
241.3099410407377
 20
-132.2483917753327
 11
240.3099590124504
 21
-132.2483917753327
 72
     1
 10
240.3099590124504
 20
-132.2483917753327
 11
240.2024935651574
 21
-132.2366999825296
 72
     1
 10
240.2024935651574
 20
-132.2366999825296
 11
240.0699219845156
 21
-132.1869183527678
 72
     1
 10
240.0699219845156
 20
-132.1869183527678
 11
239.9563845564298
 21
-132.1018352602055
 72
     1
 10
239.9563845564298
 20
-132.1018352602055
 11
239.8715490801055
 21
-131.9885454483577
 72
     1
 10
239.8715490801055
 20
-131.9885454483577
 11
239.8217459184969
 21
-131.8556939537078
 72
     1
 10
239.8217459184969
 20
-131.8556939537078
 11
239.8100756575406
 21
-131.748260804185
 72
     1
 10
239.8100756575406
 20
-131.748260804185
 11
239.8100756575406
 21
-130.7482572440509
 97
        1
330
B3
 75
     2
 76
     1
 98
        1
 10
0.0
 20
0.0
450
        0
451
        0
460
0.0
461
0.0
452
        0
462
0.0
453
        0
470

  0
LWPOLYLINE
  5
B5
330
8E
100
AcDbEntity
  8
Layer 1
 62
    18
420
        0
370
     0
100
AcDbPolyline
 90
       28
 70
     1
 43
0.0
 10
239.8100756575406
 20
-130.7482572440509
 10
239.8217459184969
 20
-130.641071710766
 10
239.8715490801055
 20
-130.5082309820394
 10
239.9563845564298
 20
-130.3946935539537
 10
240.0699219845156
 20
-130.3098580776294
 10
240.2024935651574
 20
-130.2600764478675
 10
240.3099590124504
 20
-130.2483954209879
 10
241.3099410407377
 20
-130.2483954209879
 10
241.4173849561839
 20
-130.2600764478675
 10
241.5502364508339
 20
-130.3098580776294
 10
241.6635154967583
 20
-130.3946935539537
 10
241.7486093552439
 20
-130.5082309820394
 10
241.7983909850058
 20
-130.641071710766
 10
241.8100612459621
 20
-130.7482572440509
 10
241.8100612459621
 20
-131.748260804185
 10
241.7983909850058
 20
-131.8556939537078
 10
241.7486093552439
 20
-131.9885454483577
 10
241.6635154967583
 20
-132.1018352602055
 10
241.5502364508339
 20
-132.1869183527678
 10
241.4173849561839
 20
-132.2366999825296
 10
241.3099410407377
 20
-132.2483917753327
 10
240.3099590124504
 20
-132.2483917753327
 10
240.2024935651574
 20
-132.2366999825296
 10
240.0699219845156
 20
-132.1869183527678
 10
239.9563845564298
 20
-132.1018352602055
 10
239.8715490801055
 20
-131.9885454483577
 10
239.8217459184969
 20
-131.8556939537078
 10
239.8100756575406
 20
-131.748260804185
  0
LWPOLYLINE
  5
B6
330
8E
100
AcDbEntity
  8
Layer 1
100
AcDbPolyline
 90
       28
 70
     1
 43
0.0
 10
232.1900627403376
 20
-130.7482572440509
 10
232.2017545331406
 20
-130.641071710766
 10
232.2515361629025
 20
-130.5082309820394
 10
232.3363716392268
 20
-130.3946935539537
 10
232.4499305991593
 20
-130.3098580776294
 10
232.5825021798011
 20
-130.2600764478675
 10
232.6899460952473
 20
-130.2483954209879
 10
233.6899281235346
 20
-130.2483954209879
 10
233.7973935708276
 20
-130.2600764478675
 10
233.9302235336308
 20
-130.3098580776294
 10
234.043524111402
 20
-130.3946935539537
 10
234.1285964380408
 20
-130.5082309820394
 10
234.1783995996495
 20
-130.641071710766
 10
234.1900698606058
 20
-130.7482572440509
 10
234.1900698606058
 20
-131.748260804185
 10
234.1783995996495
 20
-131.8556939537078
 10
234.1285964380408
 20
-131.9885454483577
 10
234.043524111402
 20
-132.1018352602055
 10
233.9302235336308
 20
-132.1869183527678
 10
233.7973935708276
 20
-132.2366999825296
 10
233.6899281235346
 20
-132.2483917753327
 10
232.6899460952473
 20
-132.2483917753327
 10
232.5825021798011
 20
-132.2366999825296
 10
232.4499305991593
 20
-132.1869183527678
 10
232.3363716392268
 20
-132.1018352602055
 10
232.2515361629025
 20
-131.9885454483577
 10
232.2017545331406
 20
-131.8556939537078
 10
232.1900627403376
 20
-131.748260804185
  0
HATCH
  5
B7
330
8E
100
AcDbEntity
  8
Layer 1
 62
    18
420
        0
440
 33554687
100
AcDbHatch
 10
0.0
 20
0.0
 30
0.0
210
0.0
220
0.0
230
1.0
  2
SOLID
 70
     1
 71
     1
 91
        1
 92
        1
 93
       28
 72
     1
 10
232.1900627403376
 20
-130.7482572440509
 11
232.2017545331406
 21
-130.641071710766
 72
     1
 10
232.2017545331406
 20
-130.641071710766
 11
232.2515361629025
 21
-130.5082309820394
 72
     1
 10
232.2515361629025
 20
-130.5082309820394
 11
232.3363716392268
 21
-130.3946935539537
 72
     1
 10
232.3363716392268
 20
-130.3946935539537
 11
232.4499305991593
 21
-130.3098580776294
 72
     1
 10
232.4499305991593
 20
-130.3098580776294
 11
232.5825021798011
 21
-130.2600764478675
 72
     1
 10
232.5825021798011
 20
-130.2600764478675
 11
232.6899460952473
 21
-130.2483954209879
 72
     1
 10
232.6899460952473
 20
-130.2483954209879
 11
233.6899281235346
 21
-130.2483954209879
 72
     1
 10
233.6899281235346
 20
-130.2483954209879
 11
233.7973935708276
 21
-130.2600764478675
 72
     1
 10
233.7973935708276
 20
-130.2600764478675
 11
233.9302235336308
 21
-130.3098580776294
 72
     1
 10
233.9302235336308
 20
-130.3098580776294
 11
234.043524111402
 21
-130.3946935539537
 72
     1
 10
234.043524111402
 20
-130.3946935539537
 11
234.1285964380408
 21
-130.5082309820394
 72
     1
 10
234.1285964380408
 20
-130.5082309820394
 11
234.1783995996495
 21
-130.641071710766
 72
     1
 10
234.1783995996495
 20
-130.641071710766
 11
234.1900698606058
 21
-130.7482572440509
 72
     1
 10
234.1900698606058
 20
-130.7482572440509
 11
234.1900698606058
 21
-131.748260804185
 72
     1
 10
234.1900698606058
 20
-131.748260804185
 11
234.1783995996495
 21
-131.8556939537078
 72
     1
 10
234.1783995996495
 20
-131.8556939537078
 11
234.1285964380408
 21
-131.9885454483577
 72
     1
 10
234.1285964380408
 20
-131.9885454483577
 11
234.043524111402
 21
-132.1018352602055
 72
     1
 10
234.043524111402
 20
-132.1018352602055
 11
233.9302235336308
 21
-132.1869183527678
 72
     1
 10
233.9302235336308
 20
-132.1869183527678
 11
233.7973935708276
 21
-132.2366999825296
 72
     1
 10
233.7973935708276
 20
-132.2366999825296
 11
233.6899281235346
 21
-132.2483917753327
 72
     1
 10
233.6899281235346
 20
-132.2483917753327
 11
232.6899460952473
 21
-132.2483917753327
 72
     1
 10
232.6899460952473
 20
-132.2483917753327
 11
232.5825021798011
 21
-132.2366999825296
 72
     1
 10
232.5825021798011
 20
-132.2366999825296
 11
232.4499305991593
 21
-132.1869183527678
 72
     1
 10
232.4499305991593
 20
-132.1869183527678
 11
232.3363716392268
 21
-132.1018352602055
 72
     1
 10
232.3363716392268
 20
-132.1018352602055
 11
232.2515361629025
 21
-131.9885454483577
 72
     1
 10
232.2515361629025
 20
-131.9885454483577
 11
232.2017545331406
 21
-131.8556939537078
 72
     1
 10
232.2017545331406
 20
-131.8556939537078
 11
232.1900627403376
 21
-131.748260804185
 72
     1
 10
232.1900627403376
 20
-131.748260804185
 11
232.1900627403376
 21
-130.7482572440509
 97
        1
330
B6
 75
     2
 76
     1
 98
        1
 10
0.0
 20
0.0
450
        0
451
        0
460
0.0
461
0.0
452
        0
462
0.0
453
        0
470

  0
LWPOLYLINE
  5
B8
330
8E
100
AcDbEntity
  8
Layer 1
 62
    18
420
        0
370
     0
100
AcDbPolyline
 90
       28
 70
     1
 43
0.0
 10
232.1900627403376
 20
-130.7482572440509
 10
232.2017545331406
 20
-130.641071710766
 10
232.2515361629025
 20
-130.5082309820394
 10
232.3363716392268
 20
-130.3946935539537
 10
232.4499305991593
 20
-130.3098580776294
 10
232.5825021798011
 20
-130.2600764478675
 10
232.6899460952473
 20
-130.2483954209879
 10
233.6899281235346
 20
-130.2483954209879
 10
233.7973935708276
 20
-130.2600764478675
 10
233.9302235336308
 20
-130.3098580776294
 10
234.043524111402
 20
-130.3946935539537
 10
234.1285964380408
 20
-130.5082309820394
 10
234.1783995996495
 20
-130.641071710766
 10
234.1900698606058
 20
-130.7482572440509
 10
234.1900698606058
 20
-131.748260804185
 10
234.1783995996495
 20
-131.8556939537078
 10
234.1285964380408
 20
-131.9885454483577
 10
234.043524111402
 20
-132.1018352602055
 10
233.9302235336308
 20
-132.1869183527678
 10
233.7973935708276
 20
-132.2366999825296
 10
233.6899281235346
 20
-132.2483917753327
 10
232.6899460952473
 20
-132.2483917753327
 10
232.5825021798011
 20
-132.2366999825296
 10
232.4499305991593
 20
-132.1869183527678
 10
232.3363716392268
 20
-132.1018352602055
 10
232.2515361629025
 20
-131.9885454483577
 10
232.2017545331406
 20
-131.8556939537078
 10
232.1900627403376
 20
-131.748260804185
  0
ELLIPSE
  5
B9
330
8E
100
AcDbEntity
  8
Layer 1
100
AcDbEllipse
 10
246.000056353625
 20
-131.2483909066795
 30
0.0
 11
-2.238993649652377
 21
0.2217056745128672
 31
0.0
210
0.0
220
0.0
230
0.9999999999999998
 40
0.9999939003259809
 41
0.0
 42
6.283185307179586
  0
HATCH
  5
BA
330
8E
100
AcDbEntity
  8
Layer 1
 62
    18
420
        0
440
 33554687
100
AcDbHatch
 10
0.0
 20
0.0
 30
0.0
210
0.0
220
0.0
230
1.0
  2
SOLID
 70
     1
 71
     1
 91
        1
 92
        1
 93
        1
 72
     3
 10
246.000056353625
 20
-131.2483909066795
 11
-2.238993649652378
 21
0.2217056745128673
 40
0.9999939003259809
 50
0.0
 51
360.0
 73
     1
 97
        1
330
B9
 75
     2
 76
     1
 98
        1
 10
0.0
 20
0.0
450
        0
451
        0
460
0.0
461
0.0
452
        0
462
0.0
453
        0
470

  0
ELLIPSE
  5
BB
330
8E
100
AcDbEntity
  8
Layer 1
 62
    18
420
        0
370
     0
100
AcDbEllipse
 10
246.000056353625
 20
-131.2483909066795
 30
0.0
 11
-2.238993649652377
 21
0.2217056745128672
 31
0.0
210
0.0
220
0.0
230
0.9999999999999998
 40
0.9999939003259809
 41
0.0
 42
6.283185307179586
  0
LWPOLYLINE
  5
BC
330
8E
100
AcDbEntity
  8
Layer 1
100
AcDbPolyline
 90
       24
 70
     1
 43
0.0
 10
226.8499709515793
 20
-132.9232644490464
 10
226.8611459800595
 20
-132.8391933532829
 10
226.9086452340624
 20
-132.7368309536774
 10
226.9886575767074
 20
-132.6570662272705
 10
227.0907615941514
 20
-132.609330122953
 10
227.1751018379997
 20
-132.5984027107107
 10
227.8250836968325
 20
-132.5984027107107
 10
227.9091655585193
 20
-132.609330122953
 10
228.011506426278
 20
-132.6570662272705
 10
228.0912819186083
 20
-132.7368309536774
 10
228.1390180229258
 20
-132.8391933532829
 10
228.1499346692447
 20
-132.9232644490464
 10
228.1499346692447
 20
-133.5732570738025
 10
228.1390180229258
 20
-133.657575785804
 10
228.0912819186083
 20
-133.7596905691714
 10
228.011506426278
 20
-133.839692145893
 10
227.9091655585193
 20
-133.8871913998959
 10
227.8250836968325
 20
-133.8983771942996
 10
227.1751018379997
 20
-133.8983771942996
 10
227.0907615941514
 20
-133.8871913998959
 10
226.9886575767074
 20
-133.839692145893
 10
226.9086452340624
 20
-133.7596905691714
 10
226.8611459800595
 20
-133.657575785804
 10
226.8499709515793
 20
-133.5732570738025
  0
HATCH
  5
BD
330
8E
100
AcDbEntity
  8
Layer 1
 62
    18
420
        0
440
 33554687
100
AcDbHatch
 10
0.0
 20
0.0
 30
0.0
210
0.0
220
0.0
230
1.0
  2
SOLID
 70
     1
 71
     1
 91
        1
 92
        1
 93
       24
 72
     1
 10
226.8499709515793
 20
-132.9232644490464
 11
226.8611459800595
 21
-132.8391933532829
 72
     1
 10
226.8611459800595
 20
-132.8391933532829
 11
226.9086452340624
 21
-132.7368309536774
 72
     1
 10
226.9086452340624
 20
-132.7368309536774
 11
226.9886575767074
 21
-132.6570662272705
 72
     1
 10
226.9886575767074
 20
-132.6570662272705
 11
227.0907615941514
 21
-132.609330122953
 72
     1
 10
227.0907615941514
 20
-132.609330122953
 11
227.1751018379997
 21
-132.5984027107107
 72
     1
 10
227.1751018379997
 20
-132.5984027107107
 11
227.8250836968325
 21
-132.5984027107107
 72
     1
 10
227.8250836968325
 20
-132.5984027107107
 11
227.9091655585193
 21
-132.609330122953
 72
     1
 10
227.9091655585193
 20
-132.609330122953
 11
228.011506426278
 21
-132.6570662272705
 72
     1
 10
228.011506426278
 20
-132.6570662272705
 11
228.0912819186083
 21
-132.7368309536774
 72
     1
 10
228.0912819186083
 20
-132.7368309536774
 11
228.1390180229258
 21
-132.8391933532829
 72
     1
 10
228.1390180229258
 20
-132.8391933532829
 11
228.1499346692447
 21
-132.9232644490464
 72
     1
 10
228.1499346692447
 20
-132.9232644490464
 11
228.1499346692447
 21
-133.5732570738025
 72
     1
 10
228.1499346692447
 20
-133.5732570738025
 11
228.1390180229258
 21
-133.657575785804
 72
     1
 10
228.1390180229258
 20
-133.657575785804
 11
228.0912819186083
 21
-133.7596905691714
 72
     1
 10
228.0912819186083
 20
-133.7596905691714
 11
228.011506426278
 21
-133.839692145893
 72
     1
 10
228.011506426278
 20
-133.839692145893
 11
227.9091655585193
 21
-133.8871913998959
 72
     1
 10
227.9091655585193
 20
-133.8871913998959
 11
227.8250836968325
 21
-133.8983771942996
 72
     1
 10
227.8250836968325
 20
-133.8983771942996
 11
227.1751018379997
 21
-133.8983771942996
 72
     1
 10
227.1751018379997
 20
-133.8983771942996
 11
227.0907615941514
 21
-133.8871913998959
 72
     1
 10
227.0907615941514
 20
-133.8871913998959
 11
226.9886575767074
 21
-133.839692145893
 72
     1
 10
226.9886575767074
 20
-133.839692145893
 11
226.9086452340624
 21
-133.7596905691714
 72
     1
 10
226.9086452340624
 20
-133.7596905691714
 11
226.8611459800595
 21
-133.657575785804
 72
     1
 10
226.8611459800595
 20
-133.657575785804
 11
226.8499709515793
 21
-133.5732570738025
 72
     1
 10
226.8499709515793
 20
-133.5732570738025
 11
226.8499709515793
 21
-132.9232644490464
 97
        1
330
BC
 75
     2
 76
     1
 98
        1
 10
0.0
 20
0.0
450
        0
451
        0
460
0.0
461
0.0
452
        0
462
0.0
453
        0
470

  0
LWPOLYLINE
  5
BE
330
8E
100
AcDbEntity
  8
Layer 1
 62
    18
420
        0
370
     0
100
AcDbPolyline
 90
       24
 70
     1
 43
0.0
 10
226.8499709515793
 20
-132.9232644490464
 10
226.8611459800595
 20
-132.8391933532829
 10
226.9086452340624
 20
-132.7368309536774
 10
226.9886575767074
 20
-132.6570662272705
 10
227.0907615941514
 20
-132.609330122953
 10
227.1751018379997
 20
-132.5984027107107
 10
227.8250836968325
 20
-132.5984027107107
 10
227.9091655585193
 20
-132.609330122953
 10
228.011506426278
 20
-132.6570662272705
 10
228.0912819186083
 20
-132.7368309536774
 10
228.1390180229258
 20
-132.8391933532829
 10
228.1499346692447
 20
-132.9232644490464
 10
228.1499346692447
 20
-133.5732570738025
 10
228.1390180229258
 20
-133.657575785804
 10
228.0912819186083
 20
-133.7596905691714
 10
228.011506426278
 20
-133.839692145893
 10
227.9091655585193
 20
-133.8871913998959
 10
227.8250836968325
 20
-133.8983771942996
 10
227.1751018379997
 20
-133.8983771942996
 10
227.0907615941514
 20
-133.8871913998959
 10
226.9886575767074
 20
-133.839692145893
 10
226.9086452340624
 20
-133.7596905691714
 10
226.8611459800595
 20
-133.657575785804
 10
226.8499709515793
 20
-133.5732570738025
  0
LWPOLYLINE
  5
BF
330
8E
100
AcDbEntity
  8
Layer 1
100
AcDbPolyline
 90
       24
 70
     1
 43
0.0
 10
226.8499709515793
 20
-130.9232680947015
 10
226.8611459800595
 20
-130.839196998938
 10
226.9086452340624
 20
-130.7368345993326
 10
226.9886575767074
 20
-130.657080638849
 10
227.0907615941514
 20
-130.6093230026847
 10
227.1751018379997
 20
-130.5983955904425
 10
227.8250836968325
 20
-130.5983955904425
 10
227.9091655585193
 20
-130.6093230026847
 10
228.011506426278
 20
-130.657080638849
 10
228.0912819186083
 20
-130.7368345993326
 10
228.1390180229258
 20
-130.839196998938
 10
228.1499346692447
 20
-130.9232680947015
 10
228.1499346692447
 20
-131.5732499535343
 10
228.1390180229258
 20
-131.6575794314591
 10
228.0912819186083
 20
-131.7596942148266
 10
228.011506426278
 20
-131.8397065574715
 10
227.9091655585193
 20
-131.8872058114745
 10
227.8250836968325
 20
-131.8983700740313
 10
227.1751018379997
 20
-131.8983700740313
 10
227.0907615941514
 20
-131.8872058114745
 10
226.9886575767074
 20
-131.8397065574715
 10
226.9086452340624
 20
-131.7596942148266
 10
226.8611459800595
 20
-131.6575794314591
 10
226.8499709515793
 20
-131.5732499535343
  0
HATCH
  5
C0
330
8E
100
AcDbEntity
  8
Layer 1
 62
    18
420
        0
440
 33554687
100
AcDbHatch
 10
0.0
 20
0.0
 30
0.0
210
0.0
220
0.0
230
1.0
  2
SOLID
 70
     1
 71
     1
 91
        1
 92
        1
 93
       24
 72
     1
 10
226.8499709515793
 20
-130.9232680947015
 11
226.8611459800595
 21
-130.839196998938
 72
     1
 10
226.8611459800595
 20
-130.839196998938
 11
226.9086452340624
 21
-130.7368345993326
 72
     1
 10
226.9086452340624
 20
-130.7368345993326
 11
226.9886575767074
 21
-130.657080638849
 72
     1
 10
226.9886575767074
 20
-130.657080638849
 11
227.0907615941514
 21
-130.6093230026847
 72
     1
 10
227.0907615941514
 20
-130.6093230026847
 11
227.1751018379997
 21
-130.5983955904425
 72
     1
 10
227.1751018379997
 20
-130.5983955904425
 11
227.8250836968325
 21
-130.5983955904425
 72
     1
 10
227.8250836968325
 20
-130.5983955904425
 11
227.9091655585193
 21
-130.6093230026847
 72
     1
 10
227.9091655585193
 20
-130.6093230026847
 11
228.011506426278
 21
-130.657080638849
 72
     1
 10
228.011506426278
 20
-130.657080638849
 11
228.0912819186083
 21
-130.7368345993326
 72
     1
 10
228.0912819186083
 20
-130.7368345993326
 11
228.1390180229258
 21
-130.839196998938
 72
     1
 10
228.1390180229258
 20
-130.839196998938
 11
228.1499346692447
 21
-130.9232680947015
 72
     1
 10
228.1499346692447
 20
-130.9232680947015
 11
228.1499346692447
 21
-131.5732499535343
 72
     1
 10
228.1499346692447
 20
-131.5732499535343
 11
228.1390180229258
 21
-131.6575794314591
 72
     1
 10
228.1390180229258
 20
-131.6575794314591
 11
228.0912819186083
 21
-131.7596942148266
 72
     1
 10
228.0912819186083
 20
-131.7596942148266
 11
228.011506426278
 21
-131.8397065574715
 72
     1
 10
228.011506426278
 20
-131.8397065574715
 11
227.9091655585193
 21
-131.8872058114745
 72
     1
 10
227.9091655585193
 20
-131.8872058114745
 11
227.8250836968325
 21
-131.8983700740313
 72
     1
 10
227.8250836968325
 20
-131.8983700740313
 11
227.1751018379997
 21
-131.8983700740313
 72
     1
 10
227.1751018379997
 20
-131.8983700740313
 11
227.0907615941514
 21
-131.8872058114745
 72
     1
 10
227.0907615941514
 20
-131.8872058114745
 11
226.9886575767074
 21
-131.8397065574715
 72
     1
 10
226.9886575767074
 20
-131.8397065574715
 11
226.9086452340624
 21
-131.7596942148266
 72
     1
 10
226.9086452340624
 20
-131.7596942148266
 11
226.8611459800595
 21
-131.6575794314591
 72
     1
 10
226.8611459800595
 20
-131.6575794314591
 11
226.8499709515793
 21
-131.5732499535343
 72
     1
 10
226.8499709515793
 20
-131.5732499535343
 11
226.8499709515793
 21
-130.9232680947015
 97
        1
330
BF
 75
     2
 76
     1
 98
        1
 10
0.0
 20
0.0
450
        0
451
        0
460
0.0
461
0.0
452
        0
462
0.0
453
        0
470

  0
LWPOLYLINE
  5
C1
330
8E
100
AcDbEntity
  8
Layer 1
 62
    18
420
        0
370
     0
100
AcDbPolyline
 90
       24
 70
     1
 43
0.0
 10
226.8499709515793
 20
-130.9232680947015
 10
226.8611459800595
 20
-130.839196998938
 10
226.9086452340624
 20
-130.7368345993326
 10
226.9886575767074
 20
-130.657080638849
 10
227.0907615941514
 20
-130.6093230026847
 10
227.1751018379997
 20
-130.5983955904425
 10
227.8250836968325
 20
-130.5983955904425
 10
227.9091655585193
 20
-130.6093230026847
 10
228.011506426278
 20
-130.657080638849
 10
228.0912819186083
 20
-130.7368345993326
 10
228.1390180229258
 20
-130.839196998938
 10
228.1499346692447
 20
-130.9232680947015
 10
228.1499346692447
 20
-131.5732499535343
 10
228.1390180229258
 20
-131.6575794314591
 10
228.0912819186083
 20
-131.7596942148266
 10
228.011506426278
 20
-131.8397065574715
 10
227.9091655585193
 20
-131.8872058114745
 10
227.8250836968325
 20
-131.8983700740313
 10
227.1751018379997
 20
-131.8983700740313
 10
227.0907615941514
 20
-131.8872058114745
 10
226.9886575767074
 20
-131.8397065574715
 10
226.9086452340624
 20
-131.7596942148266
 10
226.8611459800595
 20
-131.6575794314591
 10
226.8499709515793
 20
-131.5732499535343
  0
LWPOLYLINE
  5
C2
330
8E
100
AcDbEntity
  8
Layer 1
100
AcDbPolyline
 90
       24
 70
     1
 43
0.0
 10
226.8499709515793
 20
-128.9232717403567
 10
226.8611459800595
 20
-128.8392006445932
 10
226.9086452340624
 20
-128.7368382449877
 10
226.9886575767074
 20
-128.6570842845042
 10
227.0907615941514
 20
-128.6093266483399
 10
227.1751018379997
 20
-128.598410002021
 10
227.8250836968325
 20
-128.598410002021
 10
227.9091655585193
 20
-128.6093266483399
 10
228.011506426278
 20
-128.6570842845042
 10
228.0912819186083
 20
-128.7368382449877
 10
228.1390180229258
 20
-128.8392006445932
 10
228.1499346692447
 20
-128.9232717403567
 10
228.1499346692447
 20
-129.5732643651128
 10
228.1390180229258
 20
-129.6575830771143
 10
228.0912819186083
 20
-129.7596978604818
 10
228.011506426278
 20
-129.8396994372033
 10
227.9091655585193
 20
-129.8871986912062
 10
227.8250836968325
 20
-129.8983844856099
 10
227.1751018379997
 20
-129.8983844856099
 10
227.0907615941514
 20
-129.8871986912062
 10
226.9886575767074
 20
-129.8396994372033
 10
226.9086452340624
 20
-129.7596978604818
 10
226.8611459800595
 20
-129.6575830771143
 10
226.8499709515793
 20
-129.5732643651128
  0
HATCH
  5
C3
330
8E
100
AcDbEntity
  8
Layer 1
 62
    18
420
        0
440
 33554687
100
AcDbHatch
 10
0.0
 20
0.0
 30
0.0
210
0.0
220
0.0
230
1.0
  2
SOLID
 70
     1
 71
     1
 91
        1
 92
        1
 93
       24
 72
     1
 10
226.8499709515793
 20
-128.9232717403567
 11
226.8611459800595
 21
-128.8392006445932
 72
     1
 10
226.8611459800595
 20
-128.8392006445932
 11
226.9086452340624
 21
-128.7368382449877
 72
     1
 10
226.9086452340624
 20
-128.7368382449877
 11
226.9886575767074
 21
-128.6570842845042
 72
     1
 10
226.9886575767074
 20
-128.6570842845042
 11
227.0907615941514
 21
-128.6093266483399
 72
     1
 10
227.0907615941514
 20
-128.6093266483399
 11
227.1751018379997
 21
-128.598410002021
 72
     1
 10
227.1751018379997
 20
-128.598410002021
 11
227.8250836968325
 21
-128.598410002021
 72
     1
 10
227.8250836968325
 20
-128.598410002021
 11
227.9091655585193
 21
-128.6093266483399
 72
     1
 10
227.9091655585193
 20
-128.6093266483399
 11
228.011506426278
 21
-128.6570842845042
 72
     1
 10
228.011506426278
 20
-128.6570842845042
 11
228.0912819186083
 21
-128.7368382449877
 72
     1
 10
228.0912819186083
 20
-128.7368382449877
 11
228.1390180229258
 21
-128.8392006445932
 72
     1
 10
228.1390180229258
 20
-128.8392006445932
 11
228.1499346692447
 21
-128.9232717403567
 72
     1
 10
228.1499346692447
 20
-128.9232717403567
 11
228.1499346692447
 21
-129.5732643651128
 72
     1
 10
228.1499346692447
 20
-129.5732643651128
 11
228.1390180229258
 21
-129.6575830771143
 72
     1
 10
228.1390180229258
 20
-129.6575830771143
 11
228.0912819186083
 21
-129.7596978604818
 72
     1
 10
228.0912819186083
 20
-129.7596978604818
 11
228.011506426278
 21
-129.8396994372033
 72
     1
 10
228.011506426278
 20
-129.8396994372033
 11
227.9091655585193
 21
-129.8871986912062
 72
     1
 10
227.9091655585193
 20
-129.8871986912062
 11
227.8250836968325
 21
-129.8983844856099
 72
     1
 10
227.8250836968325
 20
-129.8983844856099
 11
227.1751018379997
 21
-129.8983844856099
 72
     1
 10
227.1751018379997
 20
-129.8983844856099
 11
227.0907615941514
 21
-129.8871986912062
 72
     1
 10
227.0907615941514
 20
-129.8871986912062
 11
226.9886575767074
 21
-129.8396994372033
 72
     1
 10
226.9886575767074
 20
-129.8396994372033
 11
226.9086452340624
 21
-129.7596978604818
 72
     1
 10
226.9086452340624
 20
-129.7596978604818
 11
226.8611459800595
 21
-129.6575830771143
 72
     1
 10
226.8611459800595
 20
-129.6575830771143
 11
226.8499709515793
 21
-129.5732643651128
 72
     1
 10
226.8499709515793
 20
-129.5732643651128
 11
226.8499709515793
 21
-128.9232717403567
 97
        1
330
C2
 75
     2
 76
     1
 98
        1
 10
0.0
 20
0.0
450
        0
451
        0
460
0.0
461
0.0
452
        0
462
0.0
453
        0
470

  0
LWPOLYLINE
  5
C4
330
8E
100
AcDbEntity
  8
Layer 1
 62
    18
420
        0
370
     0
100
AcDbPolyline
 90
       24
 70
     1
 43
0.0
 10
226.8499709515793
 20
-128.9232717403567
 10
226.8611459800595
 20
-128.8392006445932
 10
226.9086452340624
 20
-128.7368382449877
 10
226.9886575767074
 20
-128.6570842845042
 10
227.0907615941514
 20
-128.6093266483399
 10
227.1751018379997
 20
-128.598410002021
 10
227.8250836968325
 20
-128.598410002021
 10
227.9091655585193
 20
-128.6093266483399
 10
228.011506426278
 20
-128.6570842845042
 10
228.0912819186083
 20
-128.7368382449877
 10
228.1390180229258
 20
-128.8392006445932
 10
228.1499346692447
 20
-128.9232717403567
 10
228.1499346692447
 20
-129.5732643651128
 10
228.1390180229258
 20
-129.6575830771143
 10
228.0912819186083
 20
-129.7596978604818
 10
228.011506426278
 20
-129.8396994372033
 10
227.9091655585193
 20
-129.8871986912062
 10
227.8250836968325
 20
-129.8983844856099
 10
227.1751018379997
 20
-129.8983844856099
 10
227.0907615941514
 20
-129.8871986912062
 10
226.9886575767074
 20
-129.8396994372033
 10
226.9086452340624
 20
-129.7596978604818
 10
226.8611459800595
 20
-129.6575830771143
 10
226.8499709515793
 20
-129.5732643651128
  0
LWPOLYLINE
  5
C5
330
8E
100
AcDbEntity
  8
Layer 1
100
AcDbPolyline
 90
       24
 70
     1
 43
0.0
 10
222.3501164198266
 20
-132.9232644490464
 10
222.3610330661455
 20
-132.8391933532829
 10
222.4087907023098
 20
-132.7368309536774
 10
222.4885446627933
 20
-132.6570662272705
 10
222.5909070623988
 20
-132.609330122953
 10
222.6749673922389
 20
-132.5984027107107
 10
223.3249707829184
 20
-132.5984027107107
 10
223.4090311127585
 20
-132.609330122953
 10
223.5114150442107
 20
-132.6570662272705
 10
223.5911474728475
 20
-132.7368309536774
 10
223.6389051090118
 20
-132.8391933532829
 10
223.6501016693388
 20
-132.9232644490464
 10
223.6501016693388
 20
-133.5732570738025
 10
223.6389051090118
 20
-133.657575785804
 10
223.5911474728475
 20
-133.7596905691714
 10
223.5114150442107
 20
-133.839692145893
 10
223.4090311127585
 20
-133.8871913998959
 10
223.3249707829184
 20
-133.8983771942996
 10
222.6749673922389
 20
-133.8983771942996
 10
222.5909070623988
 20
-133.8871913998959
 10
222.4885446627933
 20
-133.839692145893
 10
222.4087907023098
 20
-133.7596905691714
 10
222.3610330661455
 20
-133.657575785804
 10
222.3501164198266
 20
-133.5732570738025
  0
HATCH
  5
C6
330
8E
100
AcDbEntity
  8
Layer 1
 62
    18
420
        0
440
 33554687
100
AcDbHatch
 10
0.0
 20
0.0
 30
0.0
210
0.0
220
0.0
230
1.0
  2
SOLID
 70
     1
 71
     1
 91
        1
 92
        1
 93
       24
 72
     1
 10
222.3501164198266
 20
-132.9232644490464
 11
222.3610330661455
 21
-132.8391933532829
 72
     1
 10
222.3610330661455
 20
-132.8391933532829
 11
222.4087907023098
 21
-132.7368309536774
 72
     1
 10
222.4087907023098
 20
-132.7368309536774
 11
222.4885446627933
 21
-132.6570662272705
 72
     1
 10
222.4885446627933
 20
-132.6570662272705
 11
222.5909070623988
 21
-132.609330122953
 72
     1
 10
222.5909070623988
 20
-132.609330122953
 11
222.6749673922389
 21
-132.5984027107107
 72
     1
 10
222.6749673922389
 20
-132.5984027107107
 11
223.3249707829184
 21
-132.5984027107107
 72
     1
 10
223.3249707829184
 20
-132.5984027107107
 11
223.4090311127585
 21
-132.609330122953
 72
     1
 10
223.4090311127585
 20
-132.609330122953
 11
223.5114150442107
 21
-132.6570662272705
 72
     1
 10
223.5114150442107
 20
-132.6570662272705
 11
223.5911474728475
 21
-132.7368309536774
 72
     1
 10
223.5911474728475
 20
-132.7368309536774
 11
223.6389051090118
 21
-132.8391933532829
 72
     1
 10
223.6389051090118
 20
-132.8391933532829
 11
223.6501016693388
 21
-132.9232644490464
 72
     1
 10
223.6501016693388
 20
-132.9232644490464
 11
223.6501016693388
 21
-133.5732570738025
 72
     1
 10
223.6501016693388
 20
-133.5732570738025
 11
223.6389051090118
 21
-133.657575785804
 72
     1
 10
223.6389051090118
 20
-133.657575785804
 11
223.5911474728475
 21
-133.7596905691714
 72
     1
 10
223.5911474728475
 20
-133.7596905691714
 11
223.5114150442107
 21
-133.839692145893
 72
     1
 10
223.5114150442107
 20
-133.839692145893
 11
223.4090311127585
 21
-133.8871913998959
 72
     1
 10
223.4090311127585
 20
-133.8871913998959
 11
223.3249707829184
 21
-133.8983771942996
 72
     1
 10
223.3249707829184
 20
-133.8983771942996
 11
222.6749673922389
 21
-133.8983771942996
 72
     1
 10
222.6749673922389
 20
-133.8983771942996
 11
222.5909070623988
 21
-133.8871913998959
 72
     1
 10
222.5909070623988
 20
-133.8871913998959
 11
222.4885446627933
 21
-133.839692145893
 72
     1
 10
222.4885446627933
 20
-133.839692145893
 11
222.4087907023098
 21
-133.7596905691714
 72
     1
 10
222.4087907023098
 20
-133.7596905691714
 11
222.3610330661455
 21
-133.657575785804
 72
     1
 10
222.3610330661455
 20
-133.657575785804
 11
222.3501164198266
 21
-133.5732570738025
 72
     1
 10
222.3501164198266
 20
-133.5732570738025
 11
222.3501164198266
 21
-132.9232644490464
 97
        1
330
C5
 75
     2
 76
     1
 98
        1
 10
0.0
 20
0.0
450
        0
451
        0
460
0.0
461
0.0
452
        0
462
0.0
453
        0
470

  0
LWPOLYLINE
  5
C7
330
8E
100
AcDbEntity
  8
Layer 1
 62
    18
420
        0
370
     0
100
AcDbPolyline
 90
       24
 70
     1
 43
0.0
 10
222.3501164198266
 20
-132.9232644490464
 10
222.3610330661455
 20
-132.8391933532829
 10
222.4087907023098
 20
-132.7368309536774
 10
222.4885446627933
 20
-132.6570662272705
 10
222.5909070623988
 20
-132.609330122953
 10
222.6749673922389
 20
-132.5984027107107
 10
223.3249707829184
 20
-132.5984027107107
 10
223.4090311127585
 20
-132.609330122953
 10
223.5114150442107
 20
-132.6570662272705
 10
223.5911474728475
 20
-132.7368309536774
 10
223.6389051090118
 20
-132.8391933532829
 10
223.6501016693388
 20
-132.9232644490464
 10
223.6501016693388
 20
-133.5732570738025
 10
223.6389051090118
 20
-133.657575785804
 10
223.5911474728475
 20
-133.7596905691714
 10
223.5114150442107
 20
-133.839692145893
 10
223.4090311127585
 20
-133.8871913998959
 10
223.3249707829184
 20
-133.8983771942996
 10
222.6749673922389
 20
-133.8983771942996
 10
222.5909070623988
 20
-133.8871913998959
 10
222.4885446627933
 20
-133.839692145893
 10
222.4087907023098
 20
-133.7596905691714
 10
222.3610330661455
 20
-133.657575785804
 10
222.3501164198266
 20
-133.5732570738025
  0
LWPOLYLINE
  5
C8
330
8E
100
AcDbEntity
  8
Layer 1
100
AcDbPolyline
 90
       24
 70
     1
 43
0.0
 10
222.3501164198266
 20
-130.9232680947015
 10
222.3610330661455
 20
-130.839196998938
 10
222.4087907023098
 20
-130.7368345993326
 10
222.4885446627933
 20
-130.657080638849
 10
222.5909070623988
 20
-130.6093230026847
 10
222.6749673922389
 20
-130.5983955904425
 10
223.3249707829184
 20
-130.5983955904425
 10
223.4090311127585
 20
-130.6093230026847
 10
223.5114150442107
 20
-130.657080638849
 10
223.5911474728475
 20
-130.7368345993326
 10
223.6389051090118
 20
-130.839196998938
 10
223.6501016693388
 20
-130.9232680947015
 10
223.6501016693388
 20
-131.5732499535343
 10
223.6389051090118
 20
-131.6575794314591
 10
223.5911474728475
 20
-131.7596942148266
 10
223.5114150442107
 20
-131.8397065574715
 10
223.4090311127585
 20
-131.8872058114745
 10
223.3249707829184
 20
-131.8983700740313
 10
222.6749673922389
 20
-131.8983700740313
 10
222.5909070623988
 20
-131.8872058114745
 10
222.4885446627933
 20
-131.8397065574715
 10
222.4087907023098
 20
-131.7596942148266
 10
222.3610330661455
 20
-131.6575794314591
 10
222.3501164198266
 20
-131.5732499535343
  0
HATCH
  5
C9
330
8E
100
AcDbEntity
  8
Layer 1
 62
    18
420
        0
440
 33554687
100
AcDbHatch
 10
0.0
 20
0.0
 30
0.0
210
0.0
220
0.0
230
1.0
  2
SOLID
 70
     1
 71
     1
 91
        1
 92
        1
 93
       24
 72
     1
 10
222.3501164198266
 20
-130.9232680947015
 11
222.3610330661455
 21
-130.839196998938
 72
     1
 10
222.3610330661455
 20
-130.839196998938
 11
222.4087907023098
 21
-130.7368345993326
 72
     1
 10
222.4087907023098
 20
-130.7368345993326
 11
222.4885446627933
 21
-130.657080638849
 72
     1
 10
222.4885446627933
 20
-130.657080638849
 11
222.5909070623988
 21
-130.6093230026847
 72
     1
 10
222.5909070623988
 20
-130.6093230026847
 11
222.6749673922389
 21
-130.5983955904425
 72
     1
 10
222.6749673922389
 20
-130.5983955904425
 11
223.3249707829184
 21
-130.5983955904425
 72
     1
 10
223.3249707829184
 20
-130.5983955904425
 11
223.4090311127585
 21
-130.6093230026847
 72
     1
 10
223.4090311127585
 20
-130.6093230026847
 11
223.5114150442107
 21
-130.657080638849
 72
     1
 10
223.5114150442107
 20
-130.657080638849
 11
223.5911474728475
 21
-130.7368345993326
 72
     1
 10
223.5911474728475
 20
-130.7368345993326
 11
223.6389051090118
 21
-130.839196998938
 72
     1
 10
223.6389051090118
 20
-130.839196998938
 11
223.6501016693388
 21
-130.9232680947015
 72
     1
 10
223.6501016693388
 20
-130.9232680947015
 11
223.6501016693388
 21
-131.5732499535343
 72
     1
 10
223.6501016693388
 20
-131.5732499535343
 11
223.6389051090118
 21
-131.6575794314591
 72
     1
 10
223.6389051090118
 20
-131.6575794314591
 11
223.5911474728475
 21
-131.7596942148266
 72
     1
 10
223.5911474728475
 20
-131.7596942148266
 11
223.5114150442107
 21
-131.8397065574715
 72
     1
 10
223.5114150442107
 20
-131.8397065574715
 11
223.4090311127585
 21
-131.8872058114745
 72
     1
 10
223.4090311127585
 20
-131.8872058114745
 11
223.3249707829184
 21
-131.8983700740313
 72
     1
 10
223.3249707829184
 20
-131.8983700740313
 11
222.6749673922389
 21
-131.8983700740313
 72
     1
 10
222.6749673922389
 20
-131.8983700740313
 11
222.5909070623988
 21
-131.8872058114745
 72
     1
 10
222.5909070623988
 20
-131.8872058114745
 11
222.4885446627933
 21
-131.8397065574715
 72
     1
 10
222.4885446627933
 20
-131.8397065574715
 11
222.4087907023098
 21
-131.7596942148266
 72
     1
 10
222.4087907023098
 20
-131.7596942148266
 11
222.3610330661455
 21
-131.6575794314591
 72
     1
 10
222.3610330661455
 20
-131.6575794314591
 11
222.3501164198266
 21
-131.5732499535343
 72
     1
 10
222.3501164198266
 20
-131.5732499535343
 11
222.3501164198266
 21
-130.9232680947015
 97
        1
330
C8
 75
     2
 76
     1
 98
        1
 10
0.0
 20
0.0
450
        0
451
        0
460
0.0
461
0.0
452
        0
462
0.0
453
        0
470

  0
LWPOLYLINE
  5
CA
330
8E
100
AcDbEntity
  8
Layer 1
 62
    18
420
        0
370
     0
100
AcDbPolyline
 90
       24
 70
     1
 43
0.0
 10
222.3501164198266
 20
-130.9232680947015
 10
222.3610330661455
 20
-130.839196998938
 10
222.4087907023098
 20
-130.7368345993326
 10
222.4885446627933
 20
-130.657080638849
 10
222.5909070623988
 20
-130.6093230026847
 10
222.6749673922389
 20
-130.5983955904425
 10
223.3249707829184
 20
-130.5983955904425
 10
223.4090311127585
 20
-130.6093230026847
 10
223.5114150442107
 20
-130.657080638849
 10
223.5911474728475
 20
-130.7368345993326
 10
223.6389051090118
 20
-130.839196998938
 10
223.6501016693388
 20
-130.9232680947015
 10
223.6501016693388
 20
-131.5732499535343
 10
223.6389051090118
 20
-131.6575794314591
 10
223.5911474728475
 20
-131.7596942148266
 10
223.5114150442107
 20
-131.8397065574715
 10
223.4090311127585
 20
-131.8872058114745
 10
223.3249707829184
 20
-131.8983700740313
 10
222.6749673922389
 20
-131.8983700740313
 10
222.5909070623988
 20
-131.8872058114745
 10
222.4885446627933
 20
-131.8397065574715
 10
222.4087907023098
 20
-131.7596942148266
 10
222.3610330661455
 20
-131.6575794314591
 10
222.3501164198266
 20
-131.5732499535343
  0
LWPOLYLINE
  5
CB
330
8E
100
AcDbEntity
  8
Layer 1
100
AcDbPolyline
 90
       24
 70
     1
 43
0.0
 10
222.3501164198266
 20
-128.9232717403567
 10
222.3610330661455
 20
-128.8392006445932
 10
222.4087907023098
 20
-128.7368382449877
 10
222.4885446627933
 20
-128.6570842845042
 10
222.5909070623988
 20
-128.6093266483399
 10
222.6749673922389
 20
-128.598410002021
 10
223.3249707829184
 20
-128.598410002021
 10
223.4090311127585
 20
-128.6093266483399
 10
223.5114150442107
 20
-128.6570842845042
 10
223.5911474728475
 20
-128.7368382449877
 10
223.6389051090118
 20
-128.8392006445932
 10
223.6501016693388
 20
-128.9232717403567
 10
223.6501016693388
 20
-129.5732643651128
 10
223.6389051090118
 20
-129.6575830771143
 10
223.5911474728475
 20
-129.7596978604818
 10
223.5114150442107
 20
-129.8396994372033
 10
223.4090311127585
 20
-129.8871986912062
 10
223.3249707829184
 20
-129.8983844856099
 10
222.6749673922389
 20
-129.8983844856099
 10
222.5909070623988
 20
-129.8871986912062
 10
222.4885446627933
 20
-129.8396994372033
 10
222.4087907023098
 20
-129.7596978604818
 10
222.3610330661455
 20
-129.6575830771143
 10
222.3501164198266
 20
-129.5732643651128
  0
HATCH
  5
CC
330
8E
100
AcDbEntity
  8
Layer 1
 62
    18
420
        0
440
 33554687
100
AcDbHatch
 10
0.0
 20
0.0
 30
0.0
210
0.0
220
0.0
230
1.0
  2
SOLID
 70
     1
 71
     1
 91
        1
 92
        1
 93
       24
 72
     1
 10
222.3501164198266
 20
-128.9232717403567
 11
222.3610330661455
 21
-128.8392006445932
 72
     1
 10
222.3610330661455
 20
-128.8392006445932
 11
222.4087907023098
 21
-128.7368382449877
 72
     1
 10
222.4087907023098
 20
-128.7368382449877
 11
222.4885446627933
 21
-128.6570842845042
 72
     1
 10
222.4885446627933
 20
-128.6570842845042
 11
222.5909070623988
 21
-128.6093266483399
 72
     1
 10
222.5909070623988
 20
-128.6093266483399
 11
222.6749673922389
 21
-128.598410002021
 72
     1
 10
222.6749673922389
 20
-128.598410002021
 11
223.3249707829184
 21
-128.598410002021
 72
     1
 10
223.3249707829184
 20
-128.598410002021
 11
223.4090311127585
 21
-128.6093266483399
 72
     1
 10
223.4090311127585
 20
-128.6093266483399
 11
223.5114150442107
 21
-128.6570842845042
 72
     1
 10
223.5114150442107
 20
-128.6570842845042
 11
223.5911474728475
 21
-128.7368382449877
 72
     1
 10
223.5911474728475
 20
-128.7368382449877
 11
223.6389051090118
 21
-128.8392006445932
 72
     1
 10
223.6389051090118
 20
-128.8392006445932
 11
223.6501016693388
 21
-128.9232717403567
 72
     1
 10
223.6501016693388
 20
-128.9232717403567
 11
223.6501016693388
 21
-129.5732643651128
 72
     1
 10
223.6501016693388
 20
-129.5732643651128
 11
223.6389051090118
 21
-129.6575830771143
 72
     1
 10
223.6389051090118
 20
-129.6575830771143
 11
223.5911474728475
 21
-129.7596978604818
 72
     1
 10
223.5911474728475
 20
-129.7596978604818
 11
223.5114150442107
 21
-129.8396994372033
 72
     1
 10
223.5114150442107
 20
-129.8396994372033
 11
223.4090311127585
 21
-129.8871986912062
 72
     1
 10
223.4090311127585
 20
-129.8871986912062
 11
223.3249707829184
 21
-129.8983844856099
 72
     1
 10
223.3249707829184
 20
-129.8983844856099
 11
222.6749673922389
 21
-129.8983844856099
 72
     1
 10
222.6749673922389
 20
-129.8983844856099
 11
222.5909070623988
 21
-129.8871986912062
 72
     1
 10
222.5909070623988
 20
-129.8871986912062
 11
222.4885446627933
 21
-129.8396994372033
 72
     1
 10
222.4885446627933
 20
-129.8396994372033
 11
222.4087907023098
 21
-129.7596978604818
 72
     1
 10
222.4087907023098
 20
-129.7596978604818
 11
222.3610330661455
 21
-129.6575830771143
 72
     1
 10
222.3610330661455
 20
-129.6575830771143
 11
222.3501164198266
 21
-129.5732643651128
 72
     1
 10
222.3501164198266
 20
-129.5732643651128
 11
222.3501164198266
 21
-128.9232717403567
 97
        1
330
CB
 75
     2
 76
     1
 98
        1
 10
0.0
 20
0.0
450
        0
451
        0
460
0.0
461
0.0
452
        0
462
0.0
453
        0
470

  0
LWPOLYLINE
  5
CD
330
8E
100
AcDbEntity
  8
Layer 1
 62
    18
420
        0
370
     0
100
AcDbPolyline
 90
       24
 70
     1
 43
0.0
 10
222.3501164198266
 20
-128.9232717403567
 10
222.3610330661455
 20
-128.8392006445932
 10
222.4087907023098
 20
-128.7368382449877
 10
222.4885446627933
 20
-128.6570842845042
 10
222.5909070623988
 20
-128.6093266483399
 10
222.6749673922389
 20
-128.598410002021
 10
223.3249707829184
 20
-128.598410002021
 10
223.4090311127585
 20
-128.6093266483399
 10
223.5114150442107
 20
-128.6570842845042
 10
223.5911474728475
 20
-128.7368382449877
 10
223.6389051090118
 20
-128.8392006445932
 10
223.6501016693388
 20
-128.9232717403567
 10
223.6501016693388
 20
-129.5732643651128
 10
223.6389051090118
 20
-129.6575830771143
 10
223.5911474728475
 20
-129.7596978604818
 10
223.5114150442107
 20
-129.8396994372033
 10
223.4090311127585
 20
-129.8871986912062
 10
223.3249707829184
 20
-129.8983844856099
 10
222.6749673922389
 20
-129.8983844856099
 10
222.5909070623988
 20
-129.8871986912062
 10
222.4885446627933
 20
-129.8396994372033
 10
222.4087907023098
 20
-129.7596978604818
 10
222.3610330661455
 20
-129.6575830771143
 10
222.3501164198266
 20
-129.5732643651128
  0
SPLINE
  5
CE
330
8E
100
AcDbEntity
  8
Layer 1
100
AcDbSpline
210
0.0
220
0.0
230
1.0
 70
     9
 71
     3
 72
    17
 73
    13
 74
     0
 42
0.0000000001
 43
0.0000000001
 40
0.0
 40
0.0
 40
0.0
 40
0.0
 40
1.0
 40
1.0
 40
1.0
 40
2.0
 40
2.0
 40
2.0
 40
3.0
 40
3.0
 40
3.0
 40
4.0
 40
4.0
 40
4.0
 40
4.0
 10
221.7499161907558
 20
-126.7482753012846
 30
0.0
 10
221.7499161907558
 20
-126.196575557092
 30
0.0
 10
222.1982307726207
 20
-125.7482717411505
 30
0.0
 10
222.7498982190431
 20
-125.7482717411505
 30
0.0
 10
223.3018455794737
 20
-125.7482717411505
 30
0.0
 10
223.7499017791772
 20
-126.196575557092
 30
0.0
 10
223.7499017791772
 20
-126.7482753012846
 30
0.0
 10
223.7499017791772
 20
-127.3002118957917
 30
0.0
 10
223.3018455794737
 20
-127.7482680954953
 30
0.0
 10
222.7498982190431
 20
-127.7482680954953
 30
0.0
 10
222.1982307726207
 20
-127.7482680954953
 30
0.0
 10
221.7499161907558
 20
-127.3002118957917
 30
0.0
 10
221.7499161907558
 20
-126.7482753012846
 30
0.0
  0
HATCH
  5
CF
330
8E
100
AcDbEntity
  8
Layer 1
 62
    18
420
        0
440
 33554687
100
AcDbHatch
 10
0.0
 20
0.0
 30
0.0
210
0.0
220
0.0
230
1.0
  2
SOLID
 70
     1
 71
     1
 91
        1
 92
        1
 93
        1
 72
     4
 94
        3
 73
     0
 74
     0
 95
       17
 96
       13
 40
0.0
 40
0.0
 40
0.0
 40
0.0
 40
1.0
 40
1.0
 40
1.0
 40
2.0
 40
2.0
 40
2.0
 40
3.0
 40
3.0
 40
3.0
 40
4.0
 40
4.0
 40
4.0
 40
4.0
 10
221.7499161907558
 20
-126.7482753012846
 10
221.7499161907558
 20
-126.196575557092
 10
222.1982307726207
 20
-125.7482717411505
 10
222.7498982190431
 20
-125.7482717411505
 10
223.3018455794737
 20
-125.7482717411505
 10
223.7499017791772
 20
-126.196575557092
 10
223.7499017791772
 20
-126.7482753012846
 10
223.7499017791772
 20
-127.3002118957917
 10
223.3018455794737
 20
-127.7482680954953
 10
222.7498982190431
 20
-127.7482680954953
 10
222.1982307726207
 20
-127.7482680954953
 10
221.7499161907558
 20
-127.3002118957917
 10
221.7499161907558
 20
-126.7482753012846
 97
        0
 97
        1
330
CE
 75
     2
 76
     1
 98
        1
 10
0.0
 20
0.0
450
        0
451
        0
460
0.0
461
0.0
452
        0
462
0.0
453
        0
470

  0
SPLINE
  5
D0
330
8E
100
AcDbEntity
  8
Layer 1
 62
    18
420
        0
370
     0
100
AcDbSpline
210
0.0
220
0.0
230
1.0
 70
     9
 71
     3
 72
    17
 73
    13
 74
     0
 42
0.0000000001
 43
0.0000000001
 40
0.0
 40
0.0
 40
0.0
 40
0.0
 40
1.0
 40
1.0
 40
1.0
 40
2.0
 40
2.0
 40
2.0
 40
3.0
 40
3.0
 40
3.0
 40
4.0
 40
4.0
 40
4.0
 40
4.0
 10
221.7499161907558
 20
-126.7482753012846
 30
0.0
 10
221.7499161907558
 20
-126.196575557092
 30
0.0
 10
222.1982307726207
 20
-125.7482717411505
 30
0.0
 10
222.7498982190431
 20
-125.7482717411505
 30
0.0
 10
223.3018455794737
 20
-125.7482717411505
 30
0.0
 10
223.7499017791772
 20
-126.196575557092
 30
0.0
 10
223.7499017791772
 20
-126.7482753012846
 30
0.0
 10
223.7499017791772
 20
-127.3002118957917
 30
0.0
 10
223.3018455794737
 20
-127.7482680954953
 30
0.0
 10
222.7498982190431
 20
-127.7482680954953
 30
0.0
 10
222.1982307726207
 20
-127.7482680954953
 30
0.0
 10
221.7499161907558
 20
-127.3002118957917
 30
0.0
 10
221.7499161907558
 20
-126.7482753012846
 30
0.0
  0
SPLINE
  5
D1
330
8E
100
AcDbEntity
  8
Layer 1
100
AcDbSpline
210
0.0
220
0.0
230
1.0
 70
     9
 71
     3
 72
    17
 73
    13
 74
     0
 42
0.0000000001
 43
0.0000000001
 40
0.0
 40
0.0
 40
0.0
 40
0.0
 40
1.0
 40
1.0
 40
1.0
 40
2.0
 40
2.0
 40
2.0
 40
3.0
 40
3.0
 40
3.0
 40
4.0
 40
4.0
 40
4.0
 40
4.0
 10
226.7499124595795
 20
-126.7482753012846
 30
0.0
 10
226.7499124595795
 20
-126.196575557092
 30
0.0
 10
227.1982055095977
 20
-125.7482717411505
 30
0.0
 10
227.7498944878669
 20
-125.7482717411505
 30
0.0
 10
228.3018418482974
 20
-125.7482717411505
 30
0.0
 10
228.749898048001
 20
-126.196575557092
 30
0.0
 10
228.749898048001
 20
-126.7482753012846
 30
0.0
 10
228.749898048001
 20
-127.3002118957917
 30
0.0
 10
228.3018418482974
 20
-127.7482680954953
 30
0.0
 10
227.7498944878669
 20
-127.7482680954953
 30
0.0
 10
227.1982055095977
 20
-127.7482680954953
 30
0.0
 10
226.7499124595795
 20
-127.3002118957917
 30
0.0
 10
226.7499124595795
 20
-126.7482753012846
 30
0.0
  0
HATCH
  5
D2
330
8E
100
AcDbEntity
  8
Layer 1
 62
    18
420
        0
440
 33554687
100
AcDbHatch
 10
0.0
 20
0.0
 30
0.0
210
0.0
220
0.0
230
1.0
  2
SOLID
 70
     1
 71
     1
 91
        1
 92
        1
 93
        1
 72
     4
 94
        3
 73
     0
 74
     0
 95
       17
 96
       13
 40
0.0
 40
0.0
 40
0.0
 40
0.0
 40
1.0
 40
1.0
 40
1.0
 40
2.0
 40
2.0
 40
2.0
 40
3.0
 40
3.0
 40
3.0
 40
4.0
 40
4.0
 40
4.0
 40
4.0
 10
226.7499124595795
 20
-126.7482753012846
 10
226.7499124595795
 20
-126.196575557092
 10
227.1982055095977
 20
-125.7482717411505
 10
227.7498944878669
 20
-125.7482717411505
 10
228.3018418482974
 20
-125.7482717411505
 10
228.749898048001
 20
-126.196575557092
 10
228.749898048001
 20
-126.7482753012846
 10
228.749898048001
 20
-127.3002118957917
 10
228.3018418482974
 20
-127.7482680954953
 10
227.7498944878669
 20
-127.7482680954953
 10
227.1982055095977
 20
-127.7482680954953
 10
226.7499124595795
 20
-127.3002118957917
 10
226.7499124595795
 20
-126.7482753012846
 97
        0
 97
        1
330
D1
 75
     2
 76
     1
 98
        1
 10
0.0
 20
0.0
450
        0
451
        0
460
0.0
461
0.0
452
        0
462
0.0
453
        0
470

  0
SPLINE
  5
D3
330
8E
100
AcDbEntity
  8
Layer 1
 62
    18
420
        0
370
     0
100
AcDbSpline
210
0.0
220
0.0
230
1.0
 70
     9
 71
     3
 72
    17
 73
    13
 74
     0
 42
0.0000000001
 43
0.0000000001
 40
0.0
 40
0.0
 40
0.0
 40
0.0
 40
1.0
 40
1.0
 40
1.0
 40
2.0
 40
2.0
 40
2.0
 40
3.0
 40
3.0
 40
3.0
 40
4.0
 40
4.0
 40
4.0
 40
4.0
 10
226.7499124595795
 20
-126.7482753012846
 30
0.0
 10
226.7499124595795
 20
-126.196575557092
 30
0.0
 10
227.1982055095977
 20
-125.7482717411505
 30
0.0
 10
227.7498944878669
 20
-125.7482717411505
 30
0.0
 10
228.3018418482974
 20
-125.7482717411505
 30
0.0
 10
228.749898048001
 20
-126.196575557092
 30
0.0
 10
228.749898048001
 20
-126.7482753012846
 30
0.0
 10
228.749898048001
 20
-127.3002118957917
 30
0.0
 10
228.3018418482974
 20
-127.7482680954953
 30
0.0
 10
227.7498944878669
 20
-127.7482680954953
 30
0.0
 10
227.1982055095977
 20
-127.7482680954953
 30
0.0
 10
226.7499124595795
 20
-127.3002118957917
 30
0.0
 10
226.7499124595795
 20
-126.7482753012846
 30
0.0
  0
LWPOLYLINE
  5
D4
330
8E
100
AcDbEntity
  8
Layer 1
100
AcDbPolyline
 90
        4
 70
     1
 43
0.0
 10
226.6099554554912
 20
-137.8983591370658
 10
228.3099593545346
 20
-137.8983591370658
 10
228.3099593545346
 20
-139.5983845679559
 10
226.6099554554912
 20
-139.5983845679559
  0
HATCH
  5
D5
330
8E
100
AcDbEntity
  8
Layer 1
 62
    18
420
        0
440
 33554687
100
AcDbHatch
 10
0.0
 20
0.0
 30
0.0
210
0.0
220
0.0
230
1.0
  2
SOLID
 70
     1
 71
     1
 91
        1
 92
        1
 93
        4
 72
     1
 10
226.6099554554912
 20
-137.8983591370658
 11
228.3099593545346
 21
-137.8983591370658
 72
     1
 10
228.3099593545346
 20
-137.8983591370658
 11
228.3099593545346
 21
-139.5983845679559
 72
     1
 10
228.3099593545346
 20
-139.5983845679559
 11
226.6099554554912
 21
-139.5983845679559
 72
     1
 10
226.6099554554912
 20
-139.5983845679559
 11
226.6099554554912
 21
-137.8983591370658
 97
        1
330
D4
 75
     2
 76
     1
 98
        1
 10
0.0
 20
0.0
450
        0
451
        0
460
0.0
461
0.0
452
        0
462
0.0
453
        0
470

  0
LWPOLYLINE
  5
D6
330
8E
100
AcDbEntity
  8
Layer 1
 62
    18
420
        0
370
     0
100
AcDbPolyline
 90
        4
 70
     1
 43
0.0
 10
226.6099554554912
 20
-137.8983591370658
 10
228.3099593545346
 20
-137.8983591370658
 10
228.3099593545346
 20
-139.5983845679559
 10
226.6099554554912
 20
-139.5983845679559
  0
SPLINE
  5
D7
330
8E
100
AcDbEntity
  8
Layer 1
100
AcDbSpline
210
0.0
220
0.0
230
1.0
 70
     9
 71
     3
 72
    17
 73
    13
 74
     0
 42
0.0000000001
 43
0.0000000001
 40
0.0
 40
0.0
 40
0.0
 40
0.0
 40
1.0
 40
1.0
 40
1.0
 40
2.0
 40
2.0
 40
2.0
 40
3.0
 40
3.0
 40
3.0
 40
4.0
 40
4.0
 40
4.0
 40
4.0
 10
229.1499382293789
 20
-138.7482426614302
 30
0.0
 10
229.1499382293789
 20
-138.2793543999643
 30
0.0
 10
229.5309442582007
 20
-137.8983591370658
 30
0.0
 10
230.0001016677513
 20
-137.8983591370658
 30
0.0
 10
230.4689576314471
 20
-137.8983591370658
 30
0.0
 10
230.8499636602689
 20
-138.2793543999643
 30
0.0
 10
230.8499636602689
 20
-138.7482426614302
 30
0.0
 10
230.8499636602689
 20
-139.2173785391341
 30
0.0
 10
230.4689576314471
 20
-139.5983845679559
 30
0.0
 10
230.0001016677513
 20
-139.5983845679559
 30
0.0
 10
229.5309442582007
 20
-139.5983845679559
 30
0.0
 10
229.1499382293789
 20
-139.2173785391341
 30
0.0
 10
229.1499382293789
 20
-138.7482426614302
 30
0.0
  0
HATCH
  5
D8
330
8E
100
AcDbEntity
  8
Layer 1
 62
    18
420
        0
440
 33554687
100
AcDbHatch
 10
0.0
 20
0.0
 30
0.0
210
0.0
220
0.0
230
1.0
  2
SOLID
 70
     1
 71
     1
 91
        1
 92
        1
 93
        1
 72
     4
 94
        3
 73
     0
 74
     0
 95
       17
 96
       13
 40
0.0
 40
0.0
 40
0.0
 40
0.0
 40
1.0
 40
1.0
 40
1.0
 40
2.0
 40
2.0
 40
2.0
 40
3.0
 40
3.0
 40
3.0
 40
4.0
 40
4.0
 40
4.0
 40
4.0
 10
229.1499382293789
 20
-138.7482426614302
 10
229.1499382293789
 20
-138.2793543999643
 10
229.5309442582007
 20
-137.8983591370658
 10
230.0001016677513
 20
-137.8983591370658
 10
230.4689576314471
 20
-137.8983591370658
 10
230.8499636602689
 20
-138.2793543999643
 10
230.8499636602689
 20
-138.7482426614302
 10
230.8499636602689
 20
-139.2173785391341
 10
230.4689576314471
 20
-139.5983845679559
 10
230.0001016677513
 20
-139.5983845679559
 10
229.5309442582007
 20
-139.5983845679559
 10
229.1499382293789
 20
-139.2173785391341
 10
229.1499382293789
 20
-138.7482426614302
 97
        0
 97
        1
330
D7
 75
     2
 76
     1
 98
        1
 10
0.0
 20
0.0
450
        0
451
        0
460
0.0
461
0.0
452
        0
462
0.0
453
        0
470

  0
SPLINE
  5
D9
330
8E
100
AcDbEntity
  8
Layer 1
 62
    18
420
        0
370
     0
100
AcDbSpline
210
0.0
220
0.0
230
1.0
 70
     9
 71
     3
 72
    17
 73
    13
 74
     0
 42
0.0000000001
 43
0.0000000001
 40
0.0
 40
0.0
 40
0.0
 40
0.0
 40
1.0
 40
1.0
 40
1.0
 40
2.0
 40
2.0
 40
2.0
 40
3.0
 40
3.0
 40
3.0
 40
4.0
 40
4.0
 40
4.0
 40
4.0
 10
229.1499382293789
 20
-138.7482426614302
 30
0.0
 10
229.1499382293789
 20
-138.2793543999643
 30
0.0
 10
229.5309442582007
 20
-137.8983591370658
 30
0.0
 10
230.0001016677513
 20
-137.8983591370658
 30
0.0
 10
230.4689576314471
 20
-137.8983591370658
 30
0.0
 10
230.8499636602689
 20
-138.2793543999643
 30
0.0
 10
230.8499636602689
 20
-138.7482426614302
 30
0.0
 10
230.8499636602689
 20
-139.2173785391341
 30
0.0
 10
230.4689576314471
 20
-139.5983845679559
 30
0.0
 10
230.0001016677513
 20
-139.5983845679559
 30
0.0
 10
229.5309442582007
 20
-139.5983845679559
 30
0.0
 10
229.1499382293789
 20
-139.2173785391341
 30
0.0
 10
229.1499382293789
 20
-138.7482426614302
 30
0.0
  0
SPLINE
  5
DA
330
8E
100
AcDbEntity
  8
Layer 1
100
AcDbSpline
210
0.0
220
0.0
230
1.0
 70
     9
 71
     3
 72
    17
 73
    13
 74
     0
 42
0.0000000001
 43
0.0000000001
 40
0.0
 40
0.0
 40
0.0
 40
0.0
 40
1.0
 40
1.0
 40
1.0
 40
2.0
 40
2.0
 40
2.0
 40
3.0
 40
3.0
 40
3.0
 40
4.0
 40
4.0
 40
4.0
 40
4.0
 10
231.6899425351132
 20
-138.7482426614302
 30
0.0
 10
231.6899425351132
 20
-138.2793543999643
 30
0.0
 10
232.070948563935
 20
-137.8983591370658
 30
0.0
 10
232.5400844416389
 20
-137.8983591370658
 30
0.0
 10
233.0089619371814
 20
-137.8983591370658
 30
0.0
 10
233.3899679660033
 20
-138.2793543999643
 30
0.0
 10
233.3899679660033
 20
-138.7482426614302
 30
0.0
 10
233.3899679660033
 20
-139.2173785391341
 30
0.0
 10
233.0089619371814
 20
-139.5983845679559
 30
0.0
 10
232.5400844416389
 20
-139.5983845679559
 30
0.0
 10
232.070948563935
 20
-139.5983845679559
 30
0.0
 10
231.6899425351132
 20
-139.2173785391341
 30
0.0
 10
231.6899425351132
 20
-138.7482426614302
 30
0.0
  0
HATCH
  5
DB
330
8E
100
AcDbEntity
  8
Layer 1
 62
    18
420
        0
440
 33554687
100
AcDbHatch
 10
0.0
 20
0.0
 30
0.0
210
0.0
220
0.0
230
1.0
  2
SOLID
 70
     1
 71
     1
 91
        1
 92
        1
 93
        1
 72
     4
 94
        3
 73
     0
 74
     0
 95
       17
 96
       13
 40
0.0
 40
0.0
 40
0.0
 40
0.0
 40
1.0
 40
1.0
 40
1.0
 40
2.0
 40
2.0
 40
2.0
 40
3.0
 40
3.0
 40
3.0
 40
4.0
 40
4.0
 40
4.0
 40
4.0
 10
231.6899425351132
 20
-138.7482426614302
 10
231.6899425351132
 20
-138.2793543999643
 10
232.070948563935
 20
-137.8983591370658
 10
232.5400844416389
 20
-137.8983591370658
 10
233.0089619371814
 20
-137.8983591370658
 10
233.3899679660033
 20
-138.2793543999643
 10
233.3899679660033
 20
-138.7482426614302
 10
233.3899679660033
 20
-139.2173785391341
 10
233.0089619371814
 20
-139.5983845679559
 10
232.5400844416389
 20
-139.5983845679559
 10
232.070948563935
 20
-139.5983845679559
 10
231.6899425351132
 20
-139.2173785391341
 10
231.6899425351132
 20
-138.7482426614302
 97
        0
 97
        1
330
DA
 75
     2
 76
     1
 98
        1
 10
0.0
 20
0.0
450
        0
451
        0
460
0.0
461
0.0
452
        0
462
0.0
453
        0
470

  0
SPLINE
  5
DC
330
8E
100
AcDbEntity
  8
Layer 1
 62
    18
420
        0
370
     0
100
AcDbSpline
210
0.0
220
0.0
230
1.0
 70
     9
 71
     3
 72
    17
 73
    13
 74
     0
 42
0.0000000001
 43
0.0000000001
 40
0.0
 40
0.0
 40
0.0
 40
0.0
 40
1.0
 40
1.0
 40
1.0
 40
2.0
 40
2.0
 40
2.0
 40
3.0
 40
3.0
 40
3.0
 40
4.0
 40
4.0
 40
4.0
 40
4.0
 10
231.6899425351132
 20
-138.7482426614302
 30
0.0
 10
231.6899425351132
 20
-138.2793543999643
 30
0.0
 10
232.070948563935
 20
-137.8983591370658
 30
0.0
 10
232.5400844416389
 20
-137.8983591370658
 30
0.0
 10
233.0089619371814
 20
-137.8983591370658
 30
0.0
 10
233.3899679660033
 20
-138.2793543999643
 30
0.0
 10
233.3899679660033
 20
-138.7482426614302
 30
0.0
 10
233.3899679660033
 20
-139.2173785391341
 30
0.0
 10
233.0089619371814
 20
-139.5983845679559
 30
0.0
 10
232.5400844416389
 20
-139.5983845679559
 30
0.0
 10
232.070948563935
 20
-139.5983845679559
 30
0.0
 10
231.6899425351132
 20
-139.2173785391341
 30
0.0
 10
231.6899425351132
 20
-138.7482426614302
 30
0.0
  0
LWPOLYLINE
  5
DD
330
8E
100
AcDbEntity
  8
Layer 1
100
AcDbPolyline
 90
        4
 70
     1
 43
0.0
 10
216.6099629178437
 20
-137.8983591370658
 10
218.3099883487338
 20
-137.8983591370658
 10
218.3099883487338
 20
-139.5983845679559
 10
216.6099629178437
 20
-139.5983845679559
  0
HATCH
  5
DE
330
8E
100
AcDbEntity
  8
Layer 1
 62
    18
420
        0
440
 33554687
100
AcDbHatch
 10
0.0
 20
0.0
 30
0.0
210
0.0
220
0.0
230
1.0
  2
SOLID
 70
     1
 71
     1
 91
        1
 92
        1
 93
        4
 72
     1
 10
216.6099629178437
 20
-137.8983591370658
 11
218.3099883487338
 21
-137.8983591370658
 72
     1
 10
218.3099883487338
 20
-137.8983591370658
 11
218.3099883487338
 21
-139.5983845679559
 72
     1
 10
218.3099883487338
 20
-139.5983845679559
 11
216.6099629178437
 21
-139.5983845679559
 72
     1
 10
216.6099629178437
 20
-139.5983845679559
 11
216.6099629178437
 21
-137.8983591370658
 97
        1
330
DD
 75
     2
 76
     1
 98
        1
 10
0.0
 20
0.0
450
        0
451
        0
460
0.0
461
0.0
452
        0
462
0.0
453
        0
470

  0
LWPOLYLINE
  5
DF
330
8E
100
AcDbEntity
  8
Layer 1
 62
    18
420
        0
370
     0
100
AcDbPolyline
 90
        4
 70
     1
 43
0.0
 10
216.6099629178437
 20
-137.8983591370658
 10
218.3099883487338
 20
-137.8983591370658
 10
218.3099883487338
 20
-139.5983845679559
 10
216.6099629178437
 20
-139.5983845679559
  0
SPLINE
  5
E0
330
8E
100
AcDbEntity
  8
Layer 1
100
AcDbSpline
210
0.0
220
0.0
230
1.0
 70
     9
 71
     3
 72
    17
 73
    13
 74
     0
 42
0.0000000001
 43
0.0000000001
 40
0.0
 40
0.0
 40
0.0
 40
0.0
 40
1.0
 40
1.0
 40
1.0
 40
2.0
 40
2.0
 40
2.0
 40
3.0
 40
3.0
 40
3.0
 40
4.0
 40
4.0
 40
4.0
 40
4.0
 10
219.1499672235781
 20
-138.7482426614302
 30
0.0
 10
219.1499672235781
 20
-138.2793543999643
 30
0.0
 10
219.5309732523999
 20
-137.8983591370658
 30
0.0
 10
220.0001091301038
 20
-137.8983591370658
 30
0.0
 10
220.4689866256463
 20
-137.8983591370658
 30
0.0
 10
220.8499711226214
 20
-138.2793543999643
 30
0.0
 10
220.8499711226214
 20
-138.7482426614302
 30
0.0
 10
220.8499711226214
 20
-139.2173785391341
 30
0.0
 10
220.4689866256463
 20
-139.5983845679559
 30
0.0
 10
220.0001091301038
 20
-139.5983845679559
 30
0.0
 10
219.5309732523999
 20
-139.5983845679559
 30
0.0
 10
219.1499672235781
 20
-139.2173785391341
 30
0.0
 10
219.1499672235781
 20
-138.7482426614302
 30
0.0
  0
HATCH
  5
E1
330
8E
100
AcDbEntity
  8
Layer 1
 62
    18
420
        0
440
 33554687
100
AcDbHatch
 10
0.0
 20
0.0
 30
0.0
210
0.0
220
0.0
230
1.0
  2
SOLID
 70
     1
 71
     1
 91
        1
 92
        1
 93
        1
 72
     4
 94
        3
 73
     0
 74
     0
 95
       17
 96
       13
 40
0.0
 40
0.0
 40
0.0
 40
0.0
 40
1.0
 40
1.0
 40
1.0
 40
2.0
 40
2.0
 40
2.0
 40
3.0
 40
3.0
 40
3.0
 40
4.0
 40
4.0
 40
4.0
 40
4.0
 10
219.1499672235781
 20
-138.7482426614302
 10
219.1499672235781
 20
-138.2793543999643
 10
219.5309732523999
 20
-137.8983591370658
 10
220.0001091301038
 20
-137.8983591370658
 10
220.4689866256463
 20
-137.8983591370658
 10
220.8499711226214
 20
-138.2793543999643
 10
220.8499711226214
 20
-138.7482426614302
 10
220.8499711226214
 20
-139.2173785391341
 10
220.4689866256463
 20
-139.5983845679559
 10
220.0001091301038
 20
-139.5983845679559
 10
219.5309732523999
 20
-139.5983845679559
 10
219.1499672235781
 20
-139.2173785391341
 10
219.1499672235781
 20
-138.7482426614302
 97
        0
 97
        1
330
E0
 75
     2
 76
     1
 98
        1
 10
0.0
 20
0.0
450
        0
451
        0
460
0.0
461
0.0
452
        0
462
0.0
453
        0
470

  0
SPLINE
  5
E2
330
8E
100
AcDbEntity
  8
Layer 1
 62
    18
420
        0
370
     0
100
AcDbSpline
210
0.0
220
0.0
230
1.0
 70
     9
 71
     3
 72
    17
 73
    13
 74
     0
 42
0.0000000001
 43
0.0000000001
 40
0.0
 40
0.0
 40
0.0
 40
0.0
 40
1.0
 40
1.0
 40
1.0
 40
2.0
 40
2.0
 40
2.0
 40
3.0
 40
3.0
 40
3.0
 40
4.0
 40
4.0
 40
4.0
 40
4.0
 10
219.1499672235781
 20
-138.7482426614302
 30
0.0
 10
219.1499672235781
 20
-138.2793543999643
 30
0.0
 10
219.5309732523999
 20
-137.8983591370658
 30
0.0
 10
220.0001091301038
 20
-137.8983591370658
 30
0.0
 10
220.4689866256463
 20
-137.8983591370658
 30
0.0
 10
220.8499711226214
 20
-138.2793543999643
 30
0.0
 10
220.8499711226214
 20
-138.7482426614302
 30
0.0
 10
220.8499711226214
 20
-139.2173785391341
 30
0.0
 10
220.4689866256463
 20
-139.5983845679559
 30
0.0
 10
220.0001091301038
 20
-139.5983845679559
 30
0.0
 10
219.5309732523999
 20
-139.5983845679559
 30
0.0
 10
219.1499672235781
 20
-139.2173785391341
 30
0.0
 10
219.1499672235781
 20
-138.7482426614302
 30
0.0
  0
SPLINE
  5
E3
330
8E
100
AcDbEntity
  8
Layer 1
100
AcDbSpline
210
0.0
220
0.0
230
1.0
 70
     9
 71
     3
 72
    17
 73
    13
 74
     0
 42
0.0000000001
 43
0.0000000001
 40
0.0
 40
0.0
 40
0.0
 40
0.0
 40
1.0
 40
1.0
 40
1.0
 40
2.0
 40
2.0
 40
2.0
 40
3.0
 40
3.0
 40
3.0
 40
4.0
 40
4.0
 40
4.0
 40
4.0
 10
221.6899715293124
 20
-138.7482426614302
 30
0.0
 10
221.6899715293124
 20
-138.2793543999643
 30
0.0
 10
222.0709560262875
 20
-137.8983591370658
 30
0.0
 10
222.5401134358381
 20
-137.8983591370658
 30
0.0
 10
223.0089909313806
 20
-137.8983591370658
 30
0.0
 10
223.3899754283557
 20
-138.2793543999643
 30
0.0
 10
223.3899754283557
 20
-138.7482426614302
 30
0.0
 10
223.3899754283557
 20
-139.2173785391341
 30
0.0
 10
223.0089909313806
 20
-139.5983845679559
 30
0.0
 10
222.5401134358381
 20
-139.5983845679559
 30
0.0
 10
222.0709560262875
 20
-139.5983845679559
 30
0.0
 10
221.6899715293124
 20
-139.2173785391341
 30
0.0
 10
221.6899715293124
 20
-138.7482426614302
 30
0.0
  0
HATCH
  5
E4
330
8E
100
AcDbEntity
  8
Layer 1
 62
    18
420
        0
440
 33554687
100
AcDbHatch
 10
0.0
 20
0.0
 30
0.0
210
0.0
220
0.0
230
1.0
  2
SOLID
 70
     1
 71
     1
 91
        1
 92
        1
 93
        1
 72
     4
 94
        3
 73
     0
 74
     0
 95
       17
 96
       13
 40
0.0
 40
0.0
 40
0.0
 40
0.0
 40
1.0
 40
1.0
 40
1.0
 40
2.0
 40
2.0
 40
2.0
 40
3.0
 40
3.0
 40
3.0
 40
4.0
 40
4.0
 40
4.0
 40
4.0
 10
221.6899715293124
 20
-138.7482426614302
 10
221.6899715293124
 20
-138.2793543999643
 10
222.0709560262875
 20
-137.8983591370658
 10
222.5401134358381
 20
-137.8983591370658
 10
223.0089909313806
 20
-137.8983591370658
 10
223.3899754283557
 20
-138.2793543999643
 10
223.3899754283557
 20
-138.7482426614302
 10
223.3899754283557
 20
-139.2173785391341
 10
223.0089909313806
 20
-139.5983845679559
 10
222.5401134358381
 20
-139.5983845679559
 10
222.0709560262875
 20
-139.5983845679559
 10
221.6899715293124
 20
-139.2173785391341
 10
221.6899715293124
 20
-138.7482426614302
 97
        0
 97
        1
330
E3
 75
     2
 76
     1
 98
        1
 10
0.0
 20
0.0
450
        0
451
        0
460
0.0
461
0.0
452
        0
462
0.0
453
        0
470

  0
SPLINE
  5
E5
330
8E
100
AcDbEntity
  8
Layer 1
 62
    18
420
        0
370
     0
100
AcDbSpline
210
0.0
220
0.0
230
1.0
 70
     9
 71
     3
 72
    17
 73
    13
 74
     0
 42
0.0000000001
 43
0.0000000001
 40
0.0
 40
0.0
 40
0.0
 40
0.0
 40
1.0
 40
1.0
 40
1.0
 40
2.0
 40
2.0
 40
2.0
 40
3.0
 40
3.0
 40
3.0
 40
4.0
 40
4.0
 40
4.0
 40
4.0
 10
221.6899715293124
 20
-138.7482426614302
 30
0.0
 10
221.6899715293124
 20
-138.2793543999643
 30
0.0
 10
222.0709560262875
 20
-137.8983591370658
 30
0.0
 10
222.5401134358381
 20
-137.8983591370658
 30
0.0
 10
223.0089909313806
 20
-137.8983591370658
 30
0.0
 10
223.3899754283557
 20
-138.2793543999643
 30
0.0
 10
223.3899754283557
 20
-138.7482426614302
 30
0.0
 10
223.3899754283557
 20
-139.2173785391341
 30
0.0
 10
223.0089909313806
 20
-139.5983845679559
 30
0.0
 10
222.5401134358381
 20
-139.5983845679559
 30
0.0
 10
222.0709560262875
 20
-139.5983845679559
 30
0.0
 10
221.6899715293124
 20
-139.2173785391341
 30
0.0
 10
221.6899715293124
 20
-138.7482426614302
 30
0.0
  0
LWPOLYLINE
  5
E6
330
8E
100
AcDbEntity
  8
Layer 1
100
AcDbPolyline
 90
        4
 70
     1
 43
0.0
 10
241.6299688794706
 20
-137.8983591370658
 10
243.3300158422075
 20
-137.8983591370658
 10
243.3300158422075
 20
-139.5983845679559
 10
241.6299688794706
 20
-139.5983845679559
  0
HATCH
  5
E7
330
8E
100
AcDbEntity
  8
Layer 1
 62
    18
420
        0
440
 33554687
100
AcDbHatch
 10
0.0
 20
0.0
 30
0.0
210
0.0
220
0.0
230
1.0
  2
SOLID
 70
     1
 71
     1
 91
        1
 92
        1
 93
        4
 72
     1
 10
241.6299688794706
 20
-137.8983591370658
 11
243.3300158422075
 21
-137.8983591370658
 72
     1
 10
243.3300158422075
 20
-137.8983591370658
 11
243.3300158422075
 21
-139.5983845679559
 72
     1
 10
243.3300158422075
 20
-139.5983845679559
 11
241.6299688794706
 21
-139.5983845679559
 72
     1
 10
241.6299688794706
 20
-139.5983845679559
 11
241.6299688794706
 21
-137.8983591370658
 97
        1
330
E6
 75
     2
 76
     1
 98
        1
 10
0.0
 20
0.0
450
        0
451
        0
460
0.0
461
0.0
452
        0
462
0.0
453
        0
470

  0
LWPOLYLINE
  5
E8
330
8E
100
AcDbEntity
  8
Layer 1
 62
    18
420
        0
370
     0
100
AcDbPolyline
 90
        4
 70
     1
 43
0.0
 10
241.6299688794706
 20
-137.8983591370658
 10
243.3300158422075
 20
-137.8983591370658
 10
243.3300158422075
 20
-139.5983845679559
 10
241.6299688794706
 20
-139.5983845679559
  0
SPLINE
  5
E9
330
8E
100
AcDbEntity
  8
Layer 1
100
AcDbSpline
210
0.0
220
0.0
230
1.0
 70
     9
 71
     3
 72
    17
 73
    13
 74
     0
 42
0.0000000001
 43
0.0000000001
 40
0.0
 40
0.0
 40
0.0
 40
0.0
 40
1.0
 40
1.0
 40
1.0
 40
2.0
 40
2.0
 40
2.0
 40
3.0
 40
3.0
 40
3.0
 40
4.0
 40
4.0
 40
4.0
 40
4.0
 10
244.169973185205
 20
-138.7482426614302
 30
0.0
 10
244.169973185205
 20
-138.2793543999643
 30
0.0
 10
244.5509792140268
 20
-137.8983591370658
 30
0.0
 10
245.0201150917307
 20
-137.8983591370658
 30
0.0
 10
245.48901411912
 20
-137.8983591370658
 30
0.0
 10
245.8700201479419
 20
-138.2793543999643
 30
0.0
 10
245.8700201479419
 20
-138.7482426614302
 30
0.0
 10
245.8700201479419
 20
-139.2173785391341
 30
0.0
 10
245.48901411912
 20
-139.5983845679559
 30
0.0
 10
245.0201150917307
 20
-139.5983845679559
 30
0.0
 10
244.5509792140268
 20
-139.5983845679559
 30
0.0
 10
244.169973185205
 20
-139.2173785391341
 30
0.0
 10
244.169973185205
 20
-138.7482426614302
 30
0.0
  0
HATCH
  5
EA
330
8E
100
AcDbEntity
  8
Layer 1
 62
    18
420
        0
440
 33554687
100
AcDbHatch
 10
0.0
 20
0.0
 30
0.0
210
0.0
220
0.0
230
1.0
  2
SOLID
 70
     1
 71
     1
 91
        1
 92
        1
 93
        1
 72
     4
 94
        3
 73
     0
 74
     0
 95
       17
 96
       13
 40
0.0
 40
0.0
 40
0.0
 40
0.0
 40
1.0
 40
1.0
 40
1.0
 40
2.0
 40
2.0
 40
2.0
 40
3.0
 40
3.0
 40
3.0
 40
4.0
 40
4.0
 40
4.0
 40
4.0
 10
244.169973185205
 20
-138.7482426614302
 10
244.169973185205
 20
-138.2793543999643
 10
244.5509792140268
 20
-137.8983591370658
 10
245.0201150917307
 20
-137.8983591370658
 10
245.48901411912
 20
-137.8983591370658
 10
245.8700201479419
 20
-138.2793543999643
 10
245.8700201479419
 20
-138.7482426614302
 10
245.8700201479419
 20
-139.2173785391341
 10
245.48901411912
 20
-139.5983845679559
 10
245.0201150917307
 20
-139.5983845679559
 10
244.5509792140268
 20
-139.5983845679559
 10
244.169973185205
 20
-139.2173785391341
 10
244.169973185205
 20
-138.7482426614302
 97
        0
 97
        1
330
E9
 75
     2
 76
     1
 98
        1
 10
0.0
 20
0.0
450
        0
451
        0
460
0.0
461
0.0
452
        0
462
0.0
453
        0
470

  0
SPLINE
  5
EB
330
8E
100
AcDbEntity
  8
Layer 1
 62
    18
420
        0
370
     0
100
AcDbSpline
210
0.0
220
0.0
230
1.0
 70
     9
 71
     3
 72
    17
 73
    13
 74
     0
 42
0.0000000001
 43
0.0000000001
 40
0.0
 40
0.0
 40
0.0
 40
0.0
 40
1.0
 40
1.0
 40
1.0
 40
2.0
 40
2.0
 40
2.0
 40
3.0
 40
3.0
 40
3.0
 40
4.0
 40
4.0
 40
4.0
 40
4.0
 10
244.169973185205
 20
-138.7482426614302
 30
0.0
 10
244.169973185205
 20
-138.2793543999643
 30
0.0
 10
244.5509792140268
 20
-137.8983591370658
 30
0.0
 10
245.0201150917307
 20
-137.8983591370658
 30
0.0
 10
245.48901411912
 20
-137.8983591370658
 30
0.0
 10
245.8700201479419
 20
-138.2793543999643
 30
0.0
 10
245.8700201479419
 20
-138.7482426614302
 30
0.0
 10
245.8700201479419
 20
-139.2173785391341
 30
0.0
 10
245.48901411912
 20
-139.5983845679559
 30
0.0
 10
245.0201150917307
 20
-139.5983845679559
 30
0.0
 10
244.5509792140268
 20
-139.5983845679559
 30
0.0
 10
244.169973185205
 20
-139.2173785391341
 30
0.0
 10
244.169973185205
 20
-138.7482426614302
 30
0.0
  0
LWPOLYLINE
  5
EC
330
8E
100
AcDbEntity
  8
Layer 1
100
AcDbPolyline
 90
        4
 70
     1
 43
0.0
 10
19.99999999499096
 20
-19.99999999499096
 10
317.0388888096201
 20
-19.99999999499096
 10
317.0388888096201
 20
-230.2555554979826
 10
19.99999999499096
 20
-230.2555554979826
  0
ENDBLK
  5
91
330
8E
100
AcDbEntity
  8
0
100
AcDbBlockEnd
  0
BLOCK
  5
EF
330
ED
100
AcDbEntity
  8
0
100
AcDbBlockBegin
  2
Block_4
 70
     0
 10
0.0
 20
0.0
 30
0.0
  3
Block_4
  1

  0
INSERT
  5
F2
330
ED
100
AcDbEntity
  8
Layer 1
100
AcDbBlockReference
  2
Block_5
 10
0.0
 20
0.0
 30
0.0
  0
ENDBLK
  5
F0
330
ED
100
AcDbEntity
  8
0
100
AcDbBlockEnd
  0
BLOCK
  5
F3
330
F1
100
AcDbEntity
  8
0
100
AcDbBlockBegin
  2
Block_5
 70
     0
 10
0.0
 20
0.0
 30
0.0
  3
Block_5
  1

  0
LINE
  5
F5
330
F1
100
AcDbEntity
  8
Layer 1
 62
    18
420
        0
370
    15
100
AcDbLine
 10
236.3571856437554
 20
-138.2006232022029
 30
0.0
 11
236.0237004007832
 21
-137.7246294312987
 31
0.0
  0
LWPOLYLINE
  5
F6
330
F1
100
AcDbEntity
  8
Layer 1
 62
    18
420
        0
370
    15
100
AcDbPolyline
 90
       11
 70
     0
 43
0.0
 10
235.785687366446
 20
-138.2006232022029
 10
235.785687366446
 20
-137.2006196420688
 10
236.1666933952679
 20
-137.2006196420688
 10
236.261950285435
 20
-137.2483772782331
 10
236.3094495394379
 20
-137.295876532236
 10
236.3571856437554
 20
-137.3911226564798
 10
236.3571856437554
 20
-137.5341264168878
 10
236.3094495394379
 20
-137.6293725411315
 10
236.261950285435
 20
-137.6768717951345
 10
236.1666933952679
 20
-137.7246294312987
 10
235.785687366446
 20
-137.7246294312987
  0
LINE
  5
F7
330
F1
100
AcDbEntity
  8
Layer 1
 62
    18
420
        0
370
    15
100
AcDbLine
 10
236.7857124584269
 20
-137.6768717951345
 30
0.0
 11
237.1189393192377
 21
-137.6768717951345
 31
0.0
  0
LWPOLYLINE
  5
F8
330
F1
100
AcDbEntity
  8
Layer 1
 62
    18
420
        0
370
    15
100
AcDbPolyline
 90
        4
 70
     0
 43
0.0
 10
237.2619538455691
 20
-138.2006232022029
 10
236.7857124584269
 20
-138.2006232022029
 10
236.7857124584269
 20
-137.2006196420688
 10
237.2619538455691
 20
-137.2006196420688
  0
LWPOLYLINE
  5
F9
330
F1
100
AcDbEntity
  8
Layer 1
 62
    18
420
        0
370
    15
100
AcDbPolyline
 90
       20
 70
     0
 43
0.0
 10
237.642959874391
 20
-138.1531239482001
 10
237.7856944867143
 20
-138.2006232022029
 10
238.0236859892047
 20
-138.2006232022029
 10
238.1189428793718
 20
-138.1531239482001
 10
238.1666789836893
 20
-138.1053663120358
 10
238.214199769539
 20
-138.0103785699534
 10
238.214199769539
 20
-137.9151324457096
 10
238.1666789836893
 20
-137.8198755555425
 10
238.1189428793718
 20
-137.7721179193782
 10
238.0236859892047
 20
-137.7246294312987
 10
237.8334521228785
 20
-137.6768717951345
 10
237.7381952327114
 20
-137.6293725411315
 10
237.6904375965471
 20
-137.5816256708907
 10
237.642959874391
 20
-137.4863687807235
 10
237.642959874391
 20
-137.3911226564798
 10
237.6904375965471
 20
-137.295876532236
 10
237.7381952327114
 20
-137.2483772782331
 10
237.8334521228785
 20
-137.2006196420688
 10
238.0714436253689
 20
-137.2006196420688
 10
238.214199769539
 20
-137.2483772782331
  0
LWPOLYLINE
  5
FA
330
F1
100
AcDbEntity
  8
Layer 1
 62
    18
420
        0
370
    15
100
AcDbPolyline
 90
       17
 70
     0
 43
0.0
 10
238.8334341511658
 20
-137.2006196420688
 10
239.0236895493388
 20
-137.2006196420688
 10
239.1189249076592
 20
-137.2483772782331
 10
239.2141817978263
 20
-137.3436234024768
 10
239.2619394339906
 20
-137.5341264168878
 10
239.2619394339906
 20
-137.8673748095454
 10
239.2141817978263
 20
-138.0578778239563
 10
239.1189249076592
 20
-138.1531239482001
 10
239.0236895493388
 20
-138.2006232022029
 10
238.8334341511658
 20
-138.2006232022029
 10
238.7381987928455
 20
-138.1531239482001
 10
238.6429419026783
 20
-138.0578778239563
 10
238.5951842665141
 20
-137.8673748095454
 10
238.5951842665141
 20
-137.5341264168878
 10
238.6429419026783
 20
-137.3436234024768
 10
238.7381987928455
 20
-137.2483772782331
 10
238.8334341511658
 20
-137.2006196420688
  0
LINE
  5
FB
330
F1
100
AcDbEntity
  8
Layer 1
 62
    18
420
        0
370
    13
100
AcDbLine
 10
209.9998797421416
 20
-124.4744584514027
 30
0.0
 11
210.2856288807963
 21
-124.4744584514027
 31
0.0
  0
LINE
  5
FC
330
F1
100
AcDbEntity
  8
Layer 1
 62
    18
420
        0
370
    13
100
AcDbLine
 10
210.1428727366263
 20
-124.9745894225505
 30
0.0
 11
210.1428727366263
 21
-124.4744584514027
 31
0.0
  0
LWPOLYLINE
  5
FD
330
F1
100
AcDbEntity
  8
Layer 1
 62
    18
420
        0
370
    13
100
AcDbPolyline
 90
       17
 70
     0
 43
0.0
 10
210.5238787654481
 20
-124.9745894225505
 10
210.4761211292838
 20
-124.9507106044683
 10
210.4525006933631
 20
-124.9268425523096
 10
210.428621875281
 20
-124.8793432983067
 10
210.428621875281
 20
-124.7363395378986
 10
210.4525006933631
 20
-124.6888402838958
 10
210.4761211292838
 20
-124.6649614658136
 10
210.5238787654481
 20
-124.6413410298929
 10
210.5952568375331
 20
-124.6413410298929
 10
210.642756091536
 20
-124.6649614658136
 10
210.6666349096181
 20
-124.6888402838958
 10
210.6904921958535
 20
-124.7363395378986
 10
210.6904921958535
 20
-124.8793432983067
 10
210.6666349096181
 20
-124.9268425523096
 10
210.642756091536
 20
-124.9507106044683
 10
210.5952568375331
 20
-124.9745894225505
 10
210.5238787654481
 20
-124.9745894225505
  0
LINE
  5
FE
330
F1
100
AcDbEntity
  8
Layer 1
 62
    18
420
        0
370
    13
100
AcDbLine
 10
210.9048632624232
 20
-124.6413410298929
 30
0.0
 11
210.9048632624232
 21
-124.9745894225505
 31
0.0
  0
LWPOLYLINE
  5
FF
330
F1
100
AcDbEntity
  8
Layer 1
 62
    18
420
        0
370
    13
100
AcDbPolyline
 90
        7
 70
     0
 43
0.0
 10
210.9048632624232
 20
-124.6888402838958
 10
210.9285052301907
 20
-124.6649614658136
 10
210.9762413345082
 20
-124.6413410298929
 10
211.0476194065932
 20
-124.6413410298929
 10
211.0951186605961
 20
-124.6649614658136
 10
211.1189974786782
 20
-124.7127083360545
 10
211.1189974786782
 20
-124.9745894225505
  0
LWPOLYLINE
  5
100
330
F1
100
AcDbEntity
  8
Layer 1
 62
    18
420
        0
370
    13
100
AcDbPolyline
 90
       13
 70
     0
 43
0.0
 10
211.5474812296562
 20
-124.9507106044683
 10
211.5000035075001
 20
-124.9745894225505
 10
211.4047466173329
 20
-124.9745894225505
 10
211.35724736333
 20
-124.9507106044683
 10
211.3333685452479
 20
-124.9032113504654
 10
211.3333685452479
 20
-124.7127083360545
 10
211.35724736333
 20
-124.6649614658136
 10
211.4047466173329
 20
-124.6413410298929
 10
211.5000035075001
 20
-124.6413410298929
 10
211.5474812296562
 20
-124.6649614658136
 10
211.5713600477383
 20
-124.7127083360545
 10
211.5713600477383
 20
-124.7602075900574
 10
211.3333685452479
 20
-124.8079652262217
  0
LWPOLYLINE
  5
101
330
F1
100
AcDbEntity
  8
Layer 1
 62
    18
420
        0
370
    13
100
AcDbPolyline
 90
       19
 70
     0
 43
0.0
 10
212.3333505735352
 20
-124.7127083360545
 10
212.4047286456203
 20
-124.7363395378986
 10
212.4286074637024
 20
-124.7602075900574
 10
212.4525078136313
 20
-124.8079652262217
 10
212.4525078136313
 20
-124.8793432983067
 10
212.4286074637024
 20
-124.9268425523096
 10
212.4047286456203
 20
-124.9507106044683
 10
212.3572509234642
 20
-124.9745894225505
 10
212.1667586749766
 20
-124.9745894225505
 10
212.1667586749766
 20
-124.4744584514027
 10
212.3333505735352
 20
-124.4744584514027
 10
212.3808713593849
 20
-124.4983372694848
 10
212.4047286456203
 20
-124.522216087567
 10
212.4286074637024
 20
-124.5697045756465
 10
212.4286074637024
 20
-124.6174622118108
 10
212.4047286456203
 20
-124.6649614658136
 10
212.3808713593849
 20
-124.6888402838958
 10
212.3333505735352
 20
-124.7127083360545
 10
212.1667586749766
 20
-124.7127083360545
  0
LWPOLYLINE
  5
102
330
F1
100
AcDbEntity
  8
Layer 1
 62
    18
420
        0
370
    13
100
AcDbPolyline
 90
        4
 70
     0
 43
0.0
 10
212.7379985701246
 20
-124.9745894225505
 10
212.6904993161217
 20
-124.9507106044683
 10
212.6666204980396
 20
-124.9032113504654
 10
212.6666204980396
 20
-124.4744584514027
  0
LWPOLYLINE
  5
103
330
F1
100
AcDbEntity
  8
Layer 1
 62
    18
420
        0
370
    13
100
AcDbPolyline
 90
       17
 70
     0
 43
0.0
 10
213.0001057410118
 20
-124.9745894225505
 10
212.9523696366943
 20
-124.9507106044683
 10
212.9284908186122
 20
-124.9268425523096
 10
212.9048703826914
 20
-124.8793432983067
 10
212.9048703826914
 20
-124.7363395378986
 10
212.9284908186122
 20
-124.6888402838958
 10
212.9523696366943
 20
-124.6649614658136
 10
213.0001057410118
 20
-124.6413410298929
 10
213.0714838130968
 20
-124.6413410298929
 10
213.1190045989465
 20
-124.6649614658136
 10
213.1428618851818
 20
-124.6888402838958
 10
213.166740703264
 20
-124.7363395378986
 10
213.166740703264
 20
-124.8793432983067
 10
213.1428618851818
 20
-124.9268425523096
 10
213.1190045989465
 20
-124.9507106044683
 10
213.0714838130968
 20
-124.9745894225505
 10
213.0001057410118
 20
-124.9745894225505
  0
LWPOLYLINE
  5
104
330
F1
100
AcDbEntity
  8
Layer 1
 62
    18
420
        0
370
    13
100
AcDbPolyline
 90
       12
 70
     0
 43
0.0
 10
213.5952459860887
 20
-124.9507106044683
 10
213.5477467320858
 20
-124.9745894225505
 10
213.4524898419186
 20
-124.9745894225505
 10
213.4047537376011
 20
-124.9507106044683
 10
213.380874919519
 20
-124.9268425523096
 10
213.3572329517515
 20
-124.8793432983067
 10
213.3572329517515
 20
-124.7363395378986
 10
213.380874919519
 20
-124.6888402838958
 10
213.4047537376011
 20
-124.6649614658136
 10
213.4524898419186
 20
-124.6413410298929
 10
213.5477467320858
 20
-124.6413410298929
 10
213.5952459860887
 20
-124.6649614658136
  0
LINE
  5
105
330
F1
100
AcDbEntity
  8
Layer 1
 62
    18
420
        0
370
    13
100
AcDbLine
 10
213.8096170526583
 20
-124.9745894225505
 30
0.0
 11
213.8096170526583
 21
-124.4744584514027
 31
0.0
  0
LINE
  5
106
330
F1
100
AcDbEntity
  8
Layer 1
 62
    18
420
        0
370
    13
100
AcDbLine
 10
213.8571163066612
 20
-124.7840864081395
 30
0.0
 11
214.0001093011459
 21
-124.9745894225505
 31
0.0
  0
LINE
  5
107
330
F1
100
AcDbEntity
  8
Layer 1
 62
    18
420
        0
370
    13
100
AcDbLine
 10
214.0001093011459
 20
-124.6413410298929
 30
0.0
 11
213.8096170526583
 21
-124.8315856621424
 31
0.0
  0
LWPOLYLINE
  5
108
330
F1
100
AcDbEntity
  8
Layer 1
 62
    18
420
        0
370
    13
100
AcDbPolyline
 90
        3
 70
     0
 43
0.0
 10
214.5477502922199
 20
-124.6413410298929
 10
214.666606086461
 20
-124.9745894225505
 10
214.7857202628635
 20
-124.6413410298929
  0
LWPOLYLINE
  5
109
330
F1
100
AcDbEntity
  8
Layer 1
 62
    18
420
        0
370
    13
100
AcDbPolyline
 90
       11
 70
     0
 43
0.0
 10
214.9523552251157
 20
-124.522216087567
 10
214.9762340431979
 20
-124.4983372694848
 10
215.0237332972007
 20
-124.4744584514027
 10
215.1428690054501
 20
-124.4744584514027
 10
215.1903682594529
 20
-124.4983372694848
 10
215.2142470775351
 20
-124.522216087567
 10
215.2381043637704
 20
-124.5697045756465
 10
215.2381043637704
 20
-124.6174622118108
 10
215.2142470775351
 20
-124.6888402838958
 10
214.9284764070336
 20
-124.9745894225505
 10
215.2381043637704
 20
-124.9745894225505
  0
LWPOLYLINE
  5
10A
330
F1
100
AcDbEntity
  8
Layer 1
 62
    18
420
        0
370
    13
100
AcDbPolyline
 90
        6
 70
     0
 43
0.0
 10
215.4524754303401
 20
-124.9268425523096
 10
215.4761173981076
 20
-124.9507106044683
 10
215.4524754303401
 20
-124.9745894225505
 10
215.4286181441047
 20
-124.9507106044683
 10
215.4524754303401
 20
-124.9268425523096
 10
215.4524754303401
 20
-124.9745894225505
  0
LWPOLYLINE
  5
10B
330
F1
100
AcDbEntity
  8
Layer 1
 62
    18
420
        0
370
    13
100
AcDbPolyline
 90
       21
 70
     0
 43
0.0
 10
215.7857453548444
 20
-124.4744584514027
 10
215.8332446088473
 20
-124.4744584514027
 10
215.8809807131648
 20
-124.4983372694848
 10
215.9048595312469
 20
-124.522216087567
 10
215.9285014990145
 20
-124.5697045756465
 10
215.9523587852499
 20
-124.6649614658136
 10
215.9523587852499
 20
-124.7840864081395
 10
215.9285014990145
 20
-124.8793432983067
 10
215.9048595312469
 20
-124.9268425523096
 10
215.8809807131648
 20
-124.9507106044683
 10
215.8332446088473
 20
-124.9745894225505
 10
215.7857453548444
 20
-124.9745894225505
 10
215.7379877186802
 20
-124.9507106044683
 10
215.7143672827595
 20
-124.9268425523096
 10
215.6904884646773
 20
-124.8793432983067
 10
215.6666096465952
 20
-124.7840864081395
 10
215.6666096465952
 20
-124.6649614658136
 10
215.6904884646773
 20
-124.5697045756465
 10
215.7143672827595
 20
-124.522216087567
 10
215.7379877186802
 20
-124.4983372694848
 10
215.7857453548444
 20
-124.4744584514027
  0
LINE
  5
10C
330
F1
100
AcDbEntity
  8
Layer 1
 62
    18
420
        0
370
    15
100
AcDbLine
 10
211.6666169379055
 20
-137.6768717951345
 30
0.0
 11
211.3333685452479
 21
-137.6768717951345
 31
0.0
  0
LWPOLYLINE
  5
10D
330
F1
100
AcDbEntity
  8
Layer 1
 62
    18
420
        0
370
    15
100
AcDbPolyline
 90
        3
 70
     0
 43
0.0
 10
211.3333685452479
 20
-138.2006232022029
 10
211.3333685452479
 20
-137.2006196420688
 10
211.8096314642369
 20
-137.2006196420688
  0
LINE
  5
10E
330
F1
100
AcDbEntity
  8
Layer 1
 62
    18
420
        0
370
    15
100
AcDbLine
 10
212.7618773882068
 20
-138.2006232022029
 30
0.0
 11
212.4286074637024
 21
-137.7246294312987
 31
0.0
  0
LWPOLYLINE
  5
10F
330
F1
100
AcDbEntity
  8
Layer 1
 62
    18
420
        0
370
    15
100
AcDbPolyline
 90
       11
 70
     0
 43
0.0
 10
212.1903575790506
 20
-138.2006232022029
 10
212.1903575790506
 20
-137.2006196420688
 10
212.5713636078724
 20
-137.2006196420688
 10
212.6666204980396
 20
-137.2483772782331
 10
212.7143566023571
 20
-137.295876532236
 10
212.7618773882068
 20
-137.3911226564798
 10
212.7618773882068
 20
-137.5341264168878
 10
212.7143566023571
 20
-137.6293725411315
 10
212.6666204980396
 20
-137.6768717951345
 10
212.5713636078724
 20
-137.7246294312987
 10
212.1903575790506
 20
-137.7246294312987
  0
LINE
  5
110
330
F1
100
AcDbEntity
  8
Layer 1
 62
    18
420
        0
370
    15
100
AcDbLine
 10
213.1903826710315
 20
-137.6768717951345
 30
0.0
 11
213.5238679140037
 21
-137.6768717951345
 31
0.0
  0
LWPOLYLINE
  5
111
330
F1
100
AcDbEntity
  8
Layer 1
 62
    18
420
        0
370
    15
100
AcDbPolyline
 90
        4
 70
     0
 43
0.0
 10
213.6666240581737
 20
-138.2006232022029
 10
213.1903826710315
 20
-138.2006232022029
 10
213.1903826710315
 20
-137.2006196420688
 10
213.6666240581737
 20
-137.2006196420688
  0
LWPOLYLINE
  5
112
330
F1
100
AcDbEntity
  8
Layer 1
 62
    18
420
        0
370
    15
100
AcDbPolyline
 90
        6
 70
     0
 43
0.0
 10
214.7618629766282
 20
-138.2958693264467
 10
214.666606086461
 20
-138.2483700724438
 10
214.5713491962939
 20
-138.1531239482001
 10
214.4286145839706
 20
-138.0103785699534
 10
214.3333792256502
 20
-137.9626209337891
 10
214.2381223354831
 20
-137.9626209337891
  0
LWPOLYLINE
  5
113
330
F1
100
AcDbEntity
  8
Layer 1
 62
    18
420
        0
370
    15
100
AcDbPolyline
 90
       17
 70
     0
 43
0.0
 10
214.2856000576392
 20
-138.2006232022029
 10
214.1903646993188
 20
-138.1531239482001
 10
214.0951078091517
 20
-138.0578778239563
 10
214.0476300869956
 20
-137.8673748095454
 10
214.0476300869956
 20
-137.5341264168878
 10
214.0951078091517
 20
-137.3436234024768
 10
214.1903646993188
 20
-137.2483772782331
 10
214.2856000576392
 20
-137.2006196420688
 10
214.4761138379735
 20
-137.2006196420688
 10
214.5713491962939
 20
-137.2483772782331
 10
214.666606086461
 20
-137.3436234024768
 10
214.7143637226253
 20
-137.5341264168878
 10
214.7143637226253
 20
-137.8673748095454
 10
214.666606086461
 20
-138.0578778239563
 10
214.5713491962939
 20
-138.1531239482001
 10
214.4761138379735
 20
-138.2006232022029
 10
214.2856000576392
 20
-138.2006232022029
  0
LINE
  5
114
330
F1
100
AcDbEntity
  8
Layer 1
 62
    18
420
        0
370
    15
100
AcDbLine
 10
218.2500436872904
 20
-136.4983153955539
 30
0.0
 11
207.7499309444185
 21
-136.4983153955539
 31
0.0
  0
LINE
  5
115
330
F1
100
AcDbEntity
  8
Layer 1
 62
    18
420
        0
370
    15
100
AcDbLine
 10
218.2500436872904
 20
-125.9984610348433
 30
0.0
 11
218.2500436872904
 21
-136.4983153955539
 31
0.0
  0
LINE
  5
116
330
F1
100
AcDbEntity
  8
Layer 1
 62
    18
420
        0
370
    15
100
AcDbLine
 10
207.7499309444185
 20
-127.6484464538102
 30
0.0
 11
209.3999163633854
 21
-125.9984610348433
 31
0.0
  0
LINE
  5
117
330
F1
100
AcDbEntity
  8
Layer 1
 62
    18
420
        0
370
    15
100
AcDbLine
 10
207.7499309444185
 20
-136.4983153955539
 30
0.0
 11
207.7499309444185
 21
-127.6484464538102
 31
0.0
  0
LINE
  5
118
330
F1
100
AcDbEntity
  8
Layer 1
 62
    18
420
        0
370
    15
100
AcDbLine
 10
209.3999163633854
 20
-125.9984610348433
 30
0.0
 11
218.2500436872904
 21
-125.9984610348433
 31
0.0
  0
LINE
  5
119
330
F1
100
AcDbEntity
  8
Layer 1
 62
    18
420
        0
370
    15
100
AcDbLine
 10
231.7498871965565
 20
-136.4983153955539
 30
0.0
 11
231.7498871965565
 21
-127.6484464538102
 31
0.0
  0
LINE
  5
11A
330
F1
100
AcDbEntity
  8
Layer 1
 62
    18
420
        0
370
    15
100
AcDbLine
 10
231.7498871965565
 20
-127.6484464538102
 30
0.0
 11
233.3998726155234
 21
-125.9984610348433
 31
0.0
  0
LINE
  5
11B
330
F1
100
AcDbEntity
  8
Layer 1
 62
    18
420
        0
370
    15
100
AcDbLine
 10
242.2499999394285
 20
-125.9984610348433
 30
0.0
 11
242.2499999394285
 21
-136.4983153955539
 31
0.0
  0
LINE
  5
11C
330
F1
100
AcDbEntity
  8
Layer 1
 62
    18
420
        0
370
    15
100
AcDbLine
 10
242.2499999394285
 20
-136.4983153955539
 30
0.0
 11
231.7498871965565
 21
-136.4983153955539
 31
0.0
  0
LINE
  5
11D
330
F1
100
AcDbEntity
  8
Layer 1
 62
    18
420
        0
370
    15
100
AcDbLine
 10
233.3998726155234
 20
-125.9984610348433
 30
0.0
 11
242.2499999394285
 21
-125.9984610348433
 31
0.0
  0
LWPOLYLINE
  5
11E
330
F1
100
AcDbEntity
  8
Layer 1
100
AcDbPolyline
 90
       17
 70
     1
 43
0.0
 10
215.9272311200543
 20
-122.6926443005081
 10
215.9229032188509
 20
-122.7609863821967
 10
215.9180800851716
 20
-122.8633487818022
 10
215.9127401871695
 20
-122.991355610926
 10
215.9076586713287
 20
-123.1366417470931
 10
215.9028355376494
 20
-123.2908205359814
 10
215.900294779729
 20
-123.3807375281464
 10
215.8860622290056
 20
-123.9044889352149
 10
215.2518201501711
 20
-123.9044889352149
 10
215.2647823219343
 20
-123.6558284026436
 10
215.2696054556137
 20
-123.5537136192761
 10
215.2752037357772
 20
-123.4211205067876
 10
215.2810388662554
 20
-123.2702468563804
 10
215.2868739967335
 20
-123.1127736949343
 10
215.2914387482514
 20
-122.9679935571667
 10
215.3051545346521
 20
-122.5285716280231
 10
215.940150228124
 20
-122.5285716280231
  0
HATCH
  5
11F
330
F1
100
AcDbEntity
  8
Layer 1
 62
    18
420
        0
440
 33554687
100
AcDbHatch
 10
0.0
 20
0.0
 30
0.0
210
0.0
220
0.0
230
1.0
  2
SOLID
 70
     1
 71
     1
 91
        1
 92
        1
 93
       17
 72
     1
 10
215.9272311200543
 20
-122.6926443005081
 11
215.9229032188509
 21
-122.7609863821967
 72
     1
 10
215.9229032188509
 20
-122.7609863821967
 11
215.9180800851716
 21
-122.8633487818022
 72
     1
 10
215.9180800851716
 20
-122.8633487818022
 11
215.9127401871695
 21
-122.991355610926
 72
     1
 10
215.9127401871695
 20
-122.991355610926
 11
215.9076586713287
 21
-123.1366417470931
 72
     1
 10
215.9076586713287
 20
-123.1366417470931
 11
215.9028355376494
 21
-123.2908205359814
 72
     1
 10
215.9028355376494
 20
-123.2908205359814
 11
215.900294779729
 21
-123.3807375281464
 72
     1
 10
215.900294779729
 20
-123.3807375281464
 11
215.8860622290056
 21
-123.9044889352149
 72
     1
 10
215.8860622290056
 20
-123.9044889352149
 11
215.2518201501711
 21
-123.9044889352149
 72
     1
 10
215.2518201501711
 20
-123.9044889352149
 11
215.2647823219343
 21
-123.6558284026436
 72
     1
 10
215.2647823219343
 20
-123.6558284026436
 11
215.2696054556137
 21
-123.5537136192761
 72
     1
 10
215.2696054556137
 20
-123.5537136192761
 11
215.2752037357772
 21
-123.4211205067876
 72
     1
 10
215.2752037357772
 20
-123.4211205067876
 11
215.2810388662554
 21
-123.2702468563804
 72
     1
 10
215.2810388662554
 20
-123.2702468563804
 11
215.2868739967335
 21
-123.1127736949343
 72
     1
 10
215.2868739967335
 20
-123.1127736949343
 11
215.2914387482514
 21
-122.9679935571667
 72
     1
 10
215.2914387482514
 20
-122.9679935571667
 11
215.3051545346521
 21
-122.5285716280231
 72
     1
 10
215.3051545346521
 20
-122.5285716280231
 11
215.940150228124
 21
-122.5285716280231
 72
     1
 10
215.940150228124
 20
-122.5285716280231
 11
215.9272311200543
 21
-122.6926443005081
 97
        1
330
11E
 75
     2
 76
     1
 98
        1
 10
0.0
 20
0.0
450
        0
451
        0
460
0.0
461
0.0
452
        0
462
0.0
453
        0
470

  0
LWPOLYLINE
  5
120
330
F1
100
AcDbEntity
  8
Layer 1
 62
    18
420
        0
370
     0
100
AcDbPolyline
 90
       17
 70
     1
 43
0.0
 10
215.9272311200543
 20
-122.6926443005081
 10
215.9229032188509
 20
-122.7609863821967
 10
215.9180800851716
 20
-122.8633487818022
 10
215.9127401871695
 20
-122.991355610926
 10
215.9076586713287
 20
-123.1366417470931
 10
215.9028355376494
 20
-123.2908205359814
 10
215.900294779729
 20
-123.3807375281464
 10
215.8860622290056
 20
-123.9044889352149
 10
215.2518201501711
 20
-123.9044889352149
 10
215.2647823219343
 20
-123.6558284026436
 10
215.2696054556137
 20
-123.5537136192761
 10
215.2752037357772
 20
-123.4211205067876
 10
215.2810388662554
 20
-123.2702468563804
 10
215.2868739967335
 20
-123.1127736949343
 10
215.2914387482514
 20
-122.9679935571667
 10
215.3051545346521
 20
-122.5285716280231
 10
215.940150228124
 20
-122.5285716280231
  0
LWPOLYLINE
  5
121
330
F1
100
AcDbEntity
  8
Layer 1
100
AcDbPolyline
 90
       70
 70
     1
 43
0.0
 10
206.0664204400108
 20
-122.7244037745128
 10
206.0603269273713
 20
-122.9202359210024
 10
204.925706261151
 20
-122.9258234352426
 10
204.6767981123418
 20
-122.9270938142027
 10
204.4664750329672
 20
-122.9283641931629
 10
204.2919809466393
 20
-122.9298929542845
 10
204.1492463343161
 20
-122.9316693316441
 10
204.0354289922222
 20
-122.9339517074031
 10
203.9468039108641
 20
-122.9364924653234
 10
203.8800121221438
 20
-122.940055985966
 10
203.8319745719713
 20
-122.9441147390845
 10
203.7987294005387
 20
-122.9491854890019
 10
203.7771329582156
 20
-122.9552897675648
 10
203.7639124042909
 20
-122.9626536591646
 10
203.7580772738127
 20
-122.9679935571667
 10
203.7372559779738
 20
-123.0126936710878
 10
203.7209994336528
 20
-123.0957527700525
 10
203.710061255487
 20
-123.2059850596571
 10
203.7039677428476
 20
-123.3017479482237
 10
203.7032141282101
 20
-123.3652453643862
 10
203.7087908765269
 20
-123.4074154863103
 10
203.7220114304515
 20
-123.4378938154314
 10
203.7382679747726
 20
-123.4599854902305
 10
203.7811809454107
 20
-123.5128246422356
 10
204.9180839873899
 20
-123.5196825354359
 10
206.0549870293692
 20
-123.5265296627128
 10
206.0420463894527
 20
-123.6045072458368
 10
206.0341657335301
 20
-123.6736029421628
 10
206.0296009820122
 20
-123.7579324200877
 10
206.0288473673748
 20
-123.7934922650495
 10
206.0285889852134
 20
-123.9044889352149
 10
204.8484930585879
 20
-123.9019481772945
 10
204.6252293392969
 20
-123.9011837967338
 10
204.4116118873646
 20
-123.8999134177736
 10
204.2122269861558
 20
-123.8978786582526
 10
204.0311226228656
 20
-123.8955962824936
 10
203.8726266986973
 20
-123.8927971424118
 10
203.7413254970157
 20
-123.8897503860921
 10
203.6409870910078
 20
-123.8864452476109
 10
203.5764776780465
 20
-123.8831508750531
 10
203.5566468471595
 20
-123.8808684992942
 10
203.4085723368341
 20
-123.8397211400922
 10
203.2889413961088
 20
-123.7714005902504
 10
203.2005531650654
 20
-123.6781676936808
 10
203.1479723952218
 20
-123.5674294056768
 10
203.1390797425005
 20
-123.509013505355
 10
203.1357853699427
 20
-123.4203561262268
 10
203.1375509813789
 20
-123.3113942155824
 10
203.1434076437038
 20
-123.1925276554179
 10
203.1530539110625
 20
-123.0736503293299
 10
203.1652409363416
 20
-122.9649468008469
 10
203.179968719541
 20
-122.8762894217187
 10
203.1959668817007
 20
-122.8183795197963
 10
203.1990244039438
 20
-122.8120276249954
 10
203.2665913391483
 20
-122.7195806408334
 10
203.3590490892337
 20
-122.6416030577095
 10
203.425345645478
 20
-122.6057848305862
 10
203.4697873772377
 20
-122.5895282862652
 10
203.5223681470813
 20
-122.5758124998646
 10
203.5861239454052
 20
-122.5641314729849
 10
203.6646075269286
 20
-122.5544744397028
 10
203.7611132642091
 20
-122.5466045497037
 10
203.8792369756596
 20
-122.5405110370642
 10
204.0224883523057
 20
-122.5359355196228
 10
204.1936880660758
 20
-122.5326303811416
 10
204.3968841041652
 20
-122.5303480053827
 10
204.635133988817
 20
-122.5290776264225
 10
204.911732092589
 20
-122.5285716280231
 10
204.9513722225162
 20
-122.5285716280231
 10
206.0725139526503
 20
-122.5285716280231
  0
HATCH
  5
122
330
F1
100
AcDbEntity
  8
Layer 1
 62
    18
420
        0
440
 33554687
100
AcDbHatch
 10
0.0
 20
0.0
 30
0.0
210
0.0
220
0.0
230
1.0
  2
SOLID
 70
     1
 71
     1
 91
        1
 92
        1
 93
       70
 72
     1
 10
206.0664204400108
 20
-122.7244037745128
 11
206.0603269273713
 21
-122.9202359210024
 72
     1
 10
206.0603269273713
 20
-122.9202359210024
 11
204.925706261151
 21
-122.9258234352426
 72
     1
 10
204.925706261151
 20
-122.9258234352426
 11
204.6767981123418
 21
-122.9270938142027
 72
     1
 10
204.6767981123418
 20
-122.9270938142027
 11
204.4664750329672
 21
-122.9283641931629
 72
     1
 10
204.4664750329672
 20
-122.9283641931629
 11
204.2919809466393
 21
-122.9298929542845
 72
     1
 10
204.2919809466393
 20
-122.9298929542845
 11
204.1492463343161
 21
-122.9316693316441
 72
     1
 10
204.1492463343161
 20
-122.9316693316441
 11
204.0354289922222
 21
-122.9339517074031
 72
     1
 10
204.0354289922222
 20
-122.9339517074031
 11
203.9468039108641
 21
-122.9364924653234
 72
     1
 10
203.9468039108641
 20
-122.9364924653234
 11
203.8800121221438
 21
-122.940055985966
 72
     1
 10
203.8800121221438
 20
-122.940055985966
 11
203.8319745719713
 21
-122.9441147390845
 72
     1
 10
203.8319745719713
 20
-122.9441147390845
 11
203.7987294005387
 21
-122.9491854890019
 72
     1
 10
203.7987294005387
 20
-122.9491854890019
 11
203.7771329582156
 21
-122.9552897675648
 72
     1
 10
203.7771329582156
 20
-122.9552897675648
 11
203.7639124042909
 21
-122.9626536591646
 72
     1
 10
203.7639124042909
 20
-122.9626536591646
 11
203.7580772738127
 21
-122.9679935571667
 72
     1
 10
203.7580772738127
 20
-122.9679935571667
 11
203.7372559779738
 21
-123.0126936710878
 72
     1
 10
203.7372559779738
 20
-123.0126936710878
 11
203.7209994336528
 21
-123.0957527700525
 72
     1
 10
203.7209994336528
 20
-123.0957527700525
 11
203.710061255487
 21
-123.2059850596571
 72
     1
 10
203.710061255487
 20
-123.2059850596571
 11
203.7039677428476
 21
-123.3017479482237
 72
     1
 10
203.7039677428476
 20
-123.3017479482237
 11
203.7032141282101
 21
-123.3652453643862
 72
     1
 10
203.7032141282101
 20
-123.3652453643862
 11
203.7087908765269
 21
-123.4074154863103
 72
     1
 10
203.7087908765269
 20
-123.4074154863103
 11
203.7220114304515
 21
-123.4378938154314
 72
     1
 10
203.7220114304515
 20
-123.4378938154314
 11
203.7382679747726
 21
-123.4599854902305
 72
     1
 10
203.7382679747726
 20
-123.4599854902305
 11
203.7811809454107
 21
-123.5128246422356
 72
     1
 10
203.7811809454107
 20
-123.5128246422356
 11
204.9180839873899
 21
-123.5196825354359
 72
     1
 10
204.9180839873899
 20
-123.5196825354359
 11
206.0549870293692
 21
-123.5265296627128
 72
     1
 10
206.0549870293692
 20
-123.5265296627128
 11
206.0420463894527
 21
-123.6045072458368
 72
     1
 10
206.0420463894527
 20
-123.6045072458368
 11
206.0341657335301
 21
-123.6736029421628
 72
     1
 10
206.0341657335301
 20
-123.6736029421628
 11
206.0296009820122
 21
-123.7579324200877
 72
     1
 10
206.0296009820122
 20
-123.7579324200877
 11
206.0288473673748
 21
-123.7934922650495
 72
     1
 10
206.0288473673748
 20
-123.7934922650495
 11
206.0285889852134
 21
-123.9044889352149
 72
     1
 10
206.0285889852134
 20
-123.9044889352149
 11
204.8484930585879
 21
-123.9019481772945
 72
     1
 10
204.8484930585879
 20
-123.9019481772945
 11
204.6252293392969
 21
-123.9011837967338
 72
     1
 10
204.6252293392969
 20
-123.9011837967338
 11
204.4116118873646
 21
-123.8999134177736
 72
     1
 10
204.4116118873646
 20
-123.8999134177736
 11
204.2122269861558
 21
-123.8978786582526
 72
     1
 10
204.2122269861558
 20
-123.8978786582526
 11
204.0311226228656
 21
-123.8955962824936
 72
     1
 10
204.0311226228656
 20
-123.8955962824936
 11
203.8726266986973
 21
-123.8927971424118
 72
     1
 10
203.8726266986973
 20
-123.8927971424118
 11
203.7413254970157
 21
-123.8897503860921
 72
     1
 10
203.7413254970157
 20
-123.8897503860921
 11
203.6409870910078
 21
-123.8864452476109
 72
     1
 10
203.6409870910078
 20
-123.8864452476109
 11
203.5764776780465
 21
-123.8831508750531
 72
     1
 10
203.5764776780465
 20
-123.8831508750531
 11
203.5566468471595
 21
-123.8808684992942
 72
     1
 10
203.5566468471595
 20
-123.8808684992942
 11
203.4085723368341
 21
-123.8397211400922
 72
     1
 10
203.4085723368341
 20
-123.8397211400922
 11
203.2889413961088
 21
-123.7714005902504
 72
     1
 10
203.2889413961088
 20
-123.7714005902504
 11
203.2005531650654
 21
-123.6781676936808
 72
     1
 10
203.2005531650654
 20
-123.6781676936808
 11
203.1479723952218
 21
-123.5674294056768
 72
     1
 10
203.1479723952218
 20
-123.5674294056768
 11
203.1390797425005
 21
-123.509013505355
 72
     1
 10
203.1390797425005
 20
-123.509013505355
 11
203.1357853699427
 21
-123.4203561262268
 72
     1
 10
203.1357853699427
 20
-123.4203561262268
 11
203.1375509813789
 21
-123.3113942155824
 72
     1
 10
203.1375509813789
 20
-123.3113942155824
 11
203.1434076437038
 21
-123.1925276554179
 72
     1
 10
203.1434076437038
 20
-123.1925276554179
 11
203.1530539110625
 21
-123.0736503293299
 72
     1
 10
203.1530539110625
 20
-123.0736503293299
 11
203.1652409363416
 21
-122.9649468008469
 72
     1
 10
203.1652409363416
 20
-122.9649468008469
 11
203.179968719541
 21
-122.8762894217187
 72
     1
 10
203.179968719541
 20
-122.8762894217187
 11
203.1959668817007
 21
-122.8183795197963
 72
     1
 10
203.1959668817007
 20
-122.8183795197963
 11
203.1990244039438
 21
-122.8120276249954
 72
     1
 10
203.1990244039438
 20
-122.8120276249954
 11
203.2665913391483
 21
-122.7195806408334
 72
     1
 10
203.2665913391483
 20
-122.7195806408334
 11
203.3590490892337
 21
-122.6416030577095
 72
     1
 10
203.3590490892337
 20
-122.6416030577095
 11
203.425345645478
 21
-122.6057848305862
 72
     1
 10
203.425345645478
 20
-122.6057848305862
 11
203.4697873772377
 21
-122.5895282862652
 72
     1
 10
203.4697873772377
 20
-122.5895282862652
 11
203.5223681470813
 21
-122.5758124998646
 72
     1
 10
203.5223681470813
 20
-122.5758124998646
 11
203.5861239454052
 21
-122.5641314729849
 72
     1
 10
203.5861239454052
 20
-122.5641314729849
 11
203.6646075269286
 21
-122.5544744397028
 72
     1
 10
203.6646075269286
 20
-122.5544744397028
 11
203.7611132642091
 21
-122.5466045497037
 72
     1
 10
203.7611132642091
 20
-122.5466045497037
 11
203.8792369756596
 21
-122.5405110370642
 72
     1
 10
203.8792369756596
 20
-122.5405110370642
 11
204.0224883523057
 21
-122.5359355196228
 72
     1
 10
204.0224883523057
 20
-122.5359355196228
 11
204.1936880660758
 21
-122.5326303811416
 72
     1
 10
204.1936880660758
 20
-122.5326303811416
 11
204.3968841041652
 21
-122.5303480053827
 72
     1
 10
204.3968841041652
 20
-122.5303480053827
 11
204.635133988817
 21
-122.5290776264225
 72
     1
 10
204.635133988817
 20
-122.5290776264225
 11
204.911732092589
 21
-122.5285716280231
 72
     1
 10
204.911732092589
 20
-122.5285716280231
 11
204.9513722225162
 21
-122.5285716280231
 72
     1
 10
204.9513722225162
 20
-122.5285716280231
 11
206.0725139526503
 21
-122.5285716280231
 72
     1
 10
206.0725139526503
 20
-122.5285716280231
 11
206.0664204400108
 21
-122.7244037745128
 97
        1
330
121
 75
     2
 76
     1
 98
        1
 10
0.0
 20
0.0
450
        0
451
        0
460
0.0
461
0.0
452
        0
462
0.0
453
        0
470

  0
LWPOLYLINE
  5
123
330
F1
100
AcDbEntity
  8
Layer 1
 62
    18
420
        0
370
     0
100
AcDbPolyline
 90
       70
 70
     1
 43
0.0
 10
206.0664204400108
 20
-122.7244037745128
 10
206.0603269273713
 20
-122.9202359210024
 10
204.925706261151
 20
-122.9258234352426
 10
204.6767981123418
 20
-122.9270938142027
 10
204.4664750329672
 20
-122.9283641931629
 10
204.2919809466393
 20
-122.9298929542845
 10
204.1492463343161
 20
-122.9316693316441
 10
204.0354289922222
 20
-122.9339517074031
 10
203.9468039108641
 20
-122.9364924653234
 10
203.8800121221438
 20
-122.940055985966
 10
203.8319745719713
 20
-122.9441147390845
 10
203.7987294005387
 20
-122.9491854890019
 10
203.7771329582156
 20
-122.9552897675648
 10
203.7639124042909
 20
-122.9626536591646
 10
203.7580772738127
 20
-122.9679935571667
 10
203.7372559779738
 20
-123.0126936710878
 10
203.7209994336528
 20
-123.0957527700525
 10
203.710061255487
 20
-123.2059850596571
 10
203.7039677428476
 20
-123.3017479482237
 10
203.7032141282101
 20
-123.3652453643862
 10
203.7087908765269
 20
-123.4074154863103
 10
203.7220114304515
 20
-123.4378938154314
 10
203.7382679747726
 20
-123.4599854902305
 10
203.7811809454107
 20
-123.5128246422356
 10
204.9180839873899
 20
-123.5196825354359
 10
206.0549870293692
 20
-123.5265296627128
 10
206.0420463894527
 20
-123.6045072458368
 10
206.0341657335301
 20
-123.6736029421628
 10
206.0296009820122
 20
-123.7579324200877
 10
206.0288473673748
 20
-123.7934922650495
 10
206.0285889852134
 20
-123.9044889352149
 10
204.8484930585879
 20
-123.9019481772945
 10
204.6252293392969
 20
-123.9011837967338
 10
204.4116118873646
 20
-123.8999134177736
 10
204.2122269861558
 20
-123.8978786582526
 10
204.0311226228656
 20
-123.8955962824936
 10
203.8726266986973
 20
-123.8927971424118
 10
203.7413254970157
 20
-123.8897503860921
 10
203.6409870910078
 20
-123.8864452476109
 10
203.5764776780465
 20
-123.8831508750531
 10
203.5566468471595
 20
-123.8808684992942
 10
203.4085723368341
 20
-123.8397211400922
 10
203.2889413961088
 20
-123.7714005902504
 10
203.2005531650654
 20
-123.6781676936808
 10
203.1479723952218
 20
-123.5674294056768
 10
203.1390797425005
 20
-123.509013505355
 10
203.1357853699427
 20
-123.4203561262268
 10
203.1375509813789
 20
-123.3113942155824
 10
203.1434076437038
 20
-123.1925276554179
 10
203.1530539110625
 20
-123.0736503293299
 10
203.1652409363416
 20
-122.9649468008469
 10
203.179968719541
 20
-122.8762894217187
 10
203.1959668817007
 20
-122.8183795197963
 10
203.1990244039438
 20
-122.8120276249954
 10
203.2665913391483
 20
-122.7195806408334
 10
203.3590490892337
 20
-122.6416030577095
 10
203.425345645478
 20
-122.6057848305862
 10
203.4697873772377
 20
-122.5895282862652
 10
203.5223681470813
 20
-122.5758124998646
 10
203.5861239454052
 20
-122.5641314729849
 10
203.6646075269286
 20
-122.5544744397028
 10
203.7611132642091
 20
-122.5466045497037
 10
203.8792369756596
 20
-122.5405110370642
 10
204.0224883523057
 20
-122.5359355196228
 10
204.1936880660758
 20
-122.5326303811416
 10
204.3968841041652
 20
-122.5303480053827
 10
204.635133988817
 20
-122.5290776264225
 10
204.911732092589
 20
-122.5285716280231
 10
204.9513722225162
 20
-122.5285716280231
 10
206.0725139526503
 20
-122.5285716280231
  0
LWPOLYLINE
  5
124
330
F1
100
AcDbEntity
  8
Layer 1
100
AcDbPolyline
 90
       44
 70
     1
 43
0.0
 10
215.1469169926452
 20
-122.7231333955526
 10
215.1408450118525
 20
-122.9202359210024
 10
214.1207737705168
 20
-122.9309049510833
 10
213.8731144688208
 20
-122.9339517074031
 10
213.6554274978466
 20
-122.9375152280456
 10
213.4695215327238
 20
-122.9413263649262
 10
213.3173775033565
 20
-122.9458911164441
 10
213.2010194033422
 20
-122.9504558679621
 10
213.1222989715042
 20
-122.9555373838028
 10
213.0834339880613
 20
-122.960877281805
 10
213.0796228511807
 20
-122.9626536591646
 10
213.0625911603755
 20
-122.997707505727
 10
213.0521912783794
 20
-123.0472415192508
 10
213.0453441511025
 20
-123.1107389354133
 10
214.4740898443759
 20
-123.1219139638936
 10
214.4740898443759
 20
-123.5024032283927
 10
213.0135846770978
 20
-123.5024032283927
 10
213.0135846770978
 20
-123.9044889352149
 10
212.383928881628
 20
-123.9044889352149
 10
212.3933167668254
 20
-123.6133998985581
 10
212.4014342730625
 20
-123.3957236935072
 10
212.4108221582598
 20
-123.2158897091772
 10
212.4225139510628
 20
-123.0698391924494
 10
212.4372632661091
 20
-122.9532550080439
 10
212.4563189505119
 20
-122.8615616385193
 10
212.4799178545858
 20
-122.7909587129184
 10
212.5093949528315
 20
-122.7365907997918
 10
212.5457191783541
 20
-122.6944314437911
 10
212.5883952986776
 20
-122.6611539745882
 10
212.6264851356364
 20
-122.6362631597073
 10
212.6628093611591
 20
-122.6151834817069
 10
212.7011575802792
 20
-122.5973981762643
 10
212.7448456974016
 20
-122.5826703930649
 10
212.7976848494066
 20
-122.5707309840238
 10
212.8632062591667
 20
-122.5610847166651
 10
212.945264127256
 20
-122.553710059142
 10
213.0476265268614
 20
-122.5478641627405
 10
213.1733509802263
 20
-122.5435577933839
 10
213.3267653885538
 20
-122.5402526549028
 10
213.5111641244018
 20
-122.5377118969824
 10
213.7301214743362
 20
-122.5359355196228
 10
213.9874270433908
 20
-122.5339007601018
 10
214.0146002340307
 20
-122.5336531438638
 10
215.1530105052847
 20
-122.5257724879413
  0
HATCH
  5
125
330
F1
100
AcDbEntity
  8
Layer 1
 62
    18
420
        0
440
 33554687
100
AcDbHatch
 10
0.0
 20
0.0
 30
0.0
210
0.0
220
0.0
230
1.0
  2
SOLID
 70
     1
 71
     1
 91
        1
 92
        1
 93
       44
 72
     1
 10
215.1469169926452
 20
-122.7231333955526
 11
215.1408450118525
 21
-122.9202359210024
 72
     1
 10
215.1408450118525
 20
-122.9202359210024
 11
214.1207737705168
 21
-122.9309049510833
 72
     1
 10
214.1207737705168
 20
-122.9309049510833
 11
213.8731144688208
 21
-122.9339517074031
 72
     1
 10
213.8731144688208
 20
-122.9339517074031
 11
213.6554274978466
 21
-122.9375152280456
 72
     1
 10
213.6554274978466
 20
-122.9375152280456
 11
213.4695215327238
 21
-122.9413263649262
 72
     1
 10
213.4695215327238
 20
-122.9413263649262
 11
213.3173775033565
 21
-122.9458911164441
 72
     1
 10
213.3173775033565
 20
-122.9458911164441
 11
213.2010194033422
 21
-122.9504558679621
 72
     1
 10
213.2010194033422
 20
-122.9504558679621
 11
213.1222989715042
 21
-122.9555373838028
 72
     1
 10
213.1222989715042
 20
-122.9555373838028
 11
213.0834339880613
 21
-122.960877281805
 72
     1
 10
213.0834339880613
 20
-122.960877281805
 11
213.0796228511807
 21
-122.9626536591646
 72
     1
 10
213.0796228511807
 20
-122.9626536591646
 11
213.0625911603755
 21
-122.997707505727
 72
     1
 10
213.0625911603755
 20
-122.997707505727
 11
213.0521912783794
 21
-123.0472415192508
 72
     1
 10
213.0521912783794
 20
-123.0472415192508
 11
213.0453441511025
 21
-123.1107389354133
 72
     1
 10
213.0453441511025
 20
-123.1107389354133
 11
214.4740898443759
 21
-123.1219139638936
 72
     1
 10
214.4740898443759
 20
-123.1219139638936
 11
214.4740898443759
 21
-123.5024032283927
 72
     1
 10
214.4740898443759
 20
-123.5024032283927
 11
213.0135846770978
 21
-123.5024032283927
 72
     1
 10
213.0135846770978
 20
-123.5024032283927
 11
213.0135846770978
 21
-123.9044889352149
 72
     1
 10
213.0135846770978
 20
-123.9044889352149
 11
212.383928881628
 21
-123.9044889352149
 72
     1
 10
212.383928881628
 20
-123.9044889352149
 11
212.3933167668254
 21
-123.6133998985581
 72
     1
 10
212.3933167668254
 20
-123.6133998985581
 11
212.4014342730625
 21
-123.3957236935072
 72
     1
 10
212.4014342730625
 20
-123.3957236935072
 11
212.4108221582598
 21
-123.2158897091772
 72
     1
 10
212.4108221582598
 20
-123.2158897091772
 11
212.4225139510628
 21
-123.0698391924494
 72
     1
 10
212.4225139510628
 20
-123.0698391924494
 11
212.4372632661091
 21
-122.9532550080439
 72
     1
 10
212.4372632661091
 20
-122.9532550080439
 11
212.4563189505119
 21
-122.8615616385193
 72
     1
 10
212.4563189505119
 20
-122.8615616385193
 11
212.4799178545858
 21
-122.7909587129184
 72
     1
 10
212.4799178545858
 20
-122.7909587129184
 11
212.5093949528315
 21
-122.7365907997918
 72
     1
 10
212.5093949528315
 20
-122.7365907997918
 11
212.5457191783541
 21
-122.6944314437911
 72
     1
 10
212.5457191783541
 20
-122.6944314437911
 11
212.5883952986776
 21
-122.6611539745882
 72
     1
 10
212.5883952986776
 20
-122.6611539745882
 11
212.6264851356364
 21
-122.6362631597073
 72
     1
 10
212.6264851356364
 20
-122.6362631597073
 11
212.6628093611591
 21
-122.6151834817069
 72
     1
 10
212.6628093611591
 20
-122.6151834817069
 11
212.7011575802792
 21
-122.5973981762643
 72
     1
 10
212.7011575802792
 20
-122.5973981762643
 11
212.7448456974016
 21
-122.5826703930649
 72
     1
 10
212.7448456974016
 20
-122.5826703930649
 11
212.7976848494066
 21
-122.5707309840238
 72
     1
 10
212.7976848494066
 20
-122.5707309840238
 11
212.8632062591667
 21
-122.5610847166651
 72
     1
 10
212.8632062591667
 20
-122.5610847166651
 11
212.945264127256
 21
-122.553710059142
 72
     1
 10
212.945264127256
 20
-122.553710059142
 11
213.0476265268614
 21
-122.5478641627405
 72
     1
 10
213.0476265268614
 20
-122.5478641627405
 11
213.1733509802263
 21
-122.5435577933839
 72
     1
 10
213.1733509802263
 20
-122.5435577933839
 11
213.3267653885538
 21
-122.5402526549028
 72
     1
 10
213.3267653885538
 20
-122.5402526549028
 11
213.5111641244018
 21
-122.5377118969824
 72
     1
 10
213.5111641244018
 20
-122.5377118969824
 11
213.7301214743362
 21
-122.5359355196228
 72
     1
 10
213.7301214743362
 20
-122.5359355196228
 11
213.9874270433908
 21
-122.5339007601018
 72
     1
 10
213.9874270433908
 20
-122.5339007601018
 11
214.0146002340307
 21
-122.5336531438638
 72
     1
 10
214.0146002340307
 20
-122.5336531438638
 11
215.1530105052847
 21
-122.5257724879413
 72
     1
 10
215.1530105052847
 20
-122.5257724879413
 11
215.1469169926452
 21
-122.7231333955526
 97
        1
330
124
 75
     2
 76
     1
 98
        1
 10
0.0
 20
0.0
450
        0
451
        0
460
0.0
461
0.0
452
        0
462
0.0
453
        0
470

  0
LWPOLYLINE
  5
126
330
F1
100
AcDbEntity
  8
Layer 1
 62
    18
420
        0
370
     0
100
AcDbPolyline
 90
       44
 70
     1
 43
0.0
 10
215.1469169926452
 20
-122.7231333955526
 10
215.1408450118525
 20
-122.9202359210024
 10
214.1207737705168
 20
-122.9309049510833
 10
213.8731144688208
 20
-122.9339517074031
 10
213.6554274978466
 20
-122.9375152280456
 10
213.4695215327238
 20
-122.9413263649262
 10
213.3173775033565
 20
-122.9458911164441
 10
213.2010194033422
 20
-122.9504558679621
 10
213.1222989715042
 20
-122.9555373838028
 10
213.0834339880613
 20
-122.960877281805
 10
213.0796228511807
 20
-122.9626536591646
 10
213.0625911603755
 20
-122.997707505727
 10
213.0521912783794
 20
-123.0472415192508
 10
213.0453441511025
 20
-123.1107389354133
 10
214.4740898443759
 20
-123.1219139638936
 10
214.4740898443759
 20
-123.5024032283927
 10
213.0135846770978
 20
-123.5024032283927
 10
213.0135846770978
 20
-123.9044889352149
 10
212.383928881628
 20
-123.9044889352149
 10
212.3933167668254
 20
-123.6133998985581
 10
212.4014342730625
 20
-123.3957236935072
 10
212.4108221582598
 20
-123.2158897091772
 10
212.4225139510628
 20
-123.0698391924494
 10
212.4372632661091
 20
-122.9532550080439
 10
212.4563189505119
 20
-122.8615616385193
 10
212.4799178545858
 20
-122.7909587129184
 10
212.5093949528315
 20
-122.7365907997918
 10
212.5457191783541
 20
-122.6944314437911
 10
212.5883952986776
 20
-122.6611539745882
 10
212.6264851356364
 20
-122.6362631597073
 10
212.6628093611591
 20
-122.6151834817069
 10
212.7011575802792
 20
-122.5973981762643
 10
212.7448456974016
 20
-122.5826703930649
 10
212.7976848494066
 20
-122.5707309840238
 10
212.8632062591667
 20
-122.5610847166651
 10
212.945264127256
 20
-122.553710059142
 10
213.0476265268614
 20
-122.5478641627405
 10
213.1733509802263
 20
-122.5435577933839
 10
213.3267653885538
 20
-122.5402526549028
 10
213.5111641244018
 20
-122.5377118969824
 10
213.7301214743362
 20
-122.5359355196228
 10
213.9874270433908
 20
-122.5339007601018
 10
214.0146002340307
 20
-122.5336531438638
 10
215.1530105052847
 20
-122.5257724879413
  0
LWPOLYLINE
  5
127
330
F1
100
AcDbEntity
  8
Layer 1
100
AcDbPolyline
 90
       69
 70
     1
 43
0.0
 10
206.8754149873346
 20
-122.684279178033
 10
206.8746613726972
 20
-122.7419306977939
 10
206.8754149873346
 20
-122.7894299517968
 10
206.8812501178128
 20
-122.8277889368404
 10
206.895999432859
 20
-122.8577505016387
 10
206.9231510916521
 20
-122.8806065569987
 10
206.9668607406212
 20
-122.8973798656425
 10
207.0306165389451
 20
-122.9090608925221
 10
207.1185095375125
 20
-122.9166831662833
 10
207.2338125770345
 20
-122.9210003015632
 10
207.3808750905611
 20
-122.9235410594836
 10
207.5630129824969
 20
-122.9250590546818
 10
207.7560459889048
 20
-122.926329433642
 10
208.5474920811006
 20
-122.9324337122049
 10
208.5474920811006
 20
-122.5285716280231
 10
209.1677599913731
 20
-122.5285716280231
 10
209.1530322081736
 20
-122.9997422652479
 10
209.1474554598569
 20
-123.142746025656
 10
209.1405868007332
 20
-123.2773631317421
 10
209.132964526972
 20
-123.3952176951079
 10
209.1251054028963
 20
-123.48893505823
 10
209.1172247469738
 20
-123.5509252451178
 10
209.1146839890535
 20
-123.5638658850342
 10
209.0681967318494
 20
-123.6669926652005
 10
208.9879475388898
 20
-123.7579324200877
 10
208.8827644673558
 20
-123.8280293472892
 10
208.8185134365559
 20
-123.8541905411302
 10
208.7819523607187
 20
-123.8643535728117
 10
208.7379843295881
 20
-123.8727402271337
 10
208.6816139547108
 20
-123.879598120334
 10
208.6082118890281
 20
-123.8851748686507
 10
208.512954998861
 20
-123.8895027698541
 10
208.3912785326913
 20
-123.8930555245732
 10
208.2383808886866
 20
-123.895854664655
 10
208.0491590191592
 20
-123.8986430388134
 10
207.9813337017934
 20
-123.8994074193742
 10
207.2564210161564
 20
-123.9077940736961
 10
207.2564210161564
 20
-123.5270356611122
 10
207.8457045989084
 20
-123.5199301516739
 10
208.0301033347565
 20
-123.5176477759149
 10
208.1764122336457
 20
-123.5146010195951
 10
208.2891745152472
 20
-123.5102838843152
 10
208.3724812304499
 20
-123.5036736073529
 10
208.4311770447799
 20
-123.4940165740708
 10
208.4695252639001
 20
-123.4803115535935
 10
208.4916169386992
 20
-123.4622678659895
 10
208.5020383525421
 20
-123.4383998138308
 10
208.5050743429385
 20
-123.4081798668711
 10
208.5050743429385
 20
-123.3939473161477
 10
208.5050743429385
 20
-123.3329906579055
 10
207.7273225052965
 20
-123.3324846595061
 10
207.4842710188121
 20
-123.3317202789453
 10
207.2795246877544
 20
-123.3296855194244
 10
207.1088417383071
 20
-123.3261327647052
 10
206.9676143552586
 20
-123.3210512488644
 10
206.8522897838899
 20
-123.3136765913413
 10
206.7583248045297
 20
-123.3037827077446
 10
206.6816283662893
 20
-123.2913373003042
 10
206.6178725679654
 20
-123.2758343706205
 10
206.5632462726774
 20
-123.2570478343026
 10
206.5408962157169
 20
-123.2476384172585
 10
206.434205914908
 20
-123.1902452796589
 10
206.3567343301834
 20
-123.1214079654942
 10
206.3046703246626
 20
-123.0347961118104
 10
206.2746979939409
 20
-122.9232826773222
 10
206.2625325005087
 20
-122.7800313006762
 10
206.2620157361858
 20
-122.7350728045936
 10
206.2614989718631
 20
-122.5285716280231
 10
206.8754149873346
 20
-122.5285716280231
  0
HATCH
  5
128
330
F1
100
AcDbEntity
  8
Layer 1
 62
    18
420
        0
440
 33554687
100
AcDbHatch
 10
0.0
 20
0.0
 30
0.0
210
0.0
220
0.0
230
1.0
  2
SOLID
 70
     1
 71
     1
 91
        1
 92
        1
 93
       69
 72
     1
 10
206.8754149873346
 20
-122.684279178033
 11
206.8746613726972
 21
-122.7419306977939
 72
     1
 10
206.8746613726972
 20
-122.7419306977939
 11
206.8754149873346
 21
-122.7894299517968
 72
     1
 10
206.8754149873346
 20
-122.7894299517968
 11
206.8812501178128
 21
-122.8277889368404
 72
     1
 10
206.8812501178128
 20
-122.8277889368404
 11
206.895999432859
 21
-122.8577505016387
 72
     1
 10
206.895999432859
 20
-122.8577505016387
 11
206.9231510916521
 21
-122.8806065569987
 72
     1
 10
206.9231510916521
 20
-122.8806065569987
 11
206.9668607406212
 21
-122.8973798656425
 72
     1
 10
206.9668607406212
 20
-122.8973798656425
 11
207.0306165389451
 21
-122.9090608925221
 72
     1
 10
207.0306165389451
 20
-122.9090608925221
 11
207.1185095375125
 21
-122.9166831662833
 72
     1
 10
207.1185095375125
 20
-122.9166831662833
 11
207.2338125770345
 21
-122.9210003015632
 72
     1
 10
207.2338125770345
 20
-122.9210003015632
 11
207.3808750905611
 21
-122.9235410594836
 72
     1
 10
207.3808750905611
 20
-122.9235410594836
 11
207.5630129824969
 21
-122.9250590546818
 72
     1
 10
207.5630129824969
 20
-122.9250590546818
 11
207.7560459889048
 21
-122.926329433642
 72
     1
 10
207.7560459889048
 20
-122.926329433642
 11
208.5474920811006
 21
-122.9324337122049
 72
     1
 10
208.5474920811006
 20
-122.9324337122049
 11
208.5474920811006
 21
-122.5285716280231
 72
     1
 10
208.5474920811006
 20
-122.5285716280231
 11
209.1677599913731
 21
-122.5285716280231
 72
     1
 10
209.1677599913731
 20
-122.5285716280231
 11
209.1530322081736
 21
-122.9997422652479
 72
     1
 10
209.1530322081736
 20
-122.9997422652479
 11
209.1474554598569
 21
-123.142746025656
 72
     1
 10
209.1474554598569
 20
-123.142746025656
 11
209.1405868007332
 21
-123.2773631317421
 72
     1
 10
209.1405868007332
 20
-123.2773631317421
 11
209.132964526972
 21
-123.3952176951079
 72
     1
 10
209.132964526972
 20
-123.3952176951079
 11
209.1251054028963
 21
-123.48893505823
 72
     1
 10
209.1251054028963
 20
-123.48893505823
 11
209.1172247469738
 21
-123.5509252451178
 72
     1
 10
209.1172247469738
 20
-123.5509252451178
 11
209.1146839890535
 21
-123.5638658850342
 72
     1
 10
209.1146839890535
 20
-123.5638658850342
 11
209.0681967318494
 21
-123.6669926652005
 72
     1
 10
209.0681967318494
 20
-123.6669926652005
 11
208.9879475388898
 21
-123.7579324200877
 72
     1
 10
208.9879475388898
 20
-123.7579324200877
 11
208.8827644673558
 21
-123.8280293472892
 72
     1
 10
208.8827644673558
 20
-123.8280293472892
 11
208.8185134365559
 21
-123.8541905411302
 72
     1
 10
208.8185134365559
 20
-123.8541905411302
 11
208.7819523607187
 21
-123.8643535728117
 72
     1
 10
208.7819523607187
 20
-123.8643535728117
 11
208.7379843295881
 21
-123.8727402271337
 72
     1
 10
208.7379843295881
 20
-123.8727402271337
 11
208.6816139547108
 21
-123.879598120334
 72
     1
 10
208.6816139547108
 20
-123.879598120334
 11
208.6082118890281
 21
-123.8851748686507
 72
     1
 10
208.6082118890281
 20
-123.8851748686507
 11
208.512954998861
 21
-123.8895027698541
 72
     1
 10
208.512954998861
 20
-123.8895027698541
 11
208.3912785326913
 21
-123.8930555245732
 72
     1
 10
208.3912785326913
 20
-123.8930555245732
 11
208.2383808886866
 21
-123.895854664655
 72
     1
 10
208.2383808886866
 20
-123.895854664655
 11
208.0491590191592
 21
-123.8986430388134
 72
     1
 10
208.0491590191592
 20
-123.8986430388134
 11
207.9813337017934
 21
-123.8994074193742
 72
     1
 10
207.9813337017934
 20
-123.8994074193742
 11
207.2564210161564
 21
-123.9077940736961
 72
     1
 10
207.2564210161564
 20
-123.9077940736961
 11
207.2564210161564
 21
-123.5270356611122
 72
     1
 10
207.2564210161564
 20
-123.5270356611122
 11
207.8457045989084
 21
-123.5199301516739
 72
     1
 10
207.8457045989084
 20
-123.5199301516739
 11
208.0301033347565
 21
-123.5176477759149
 72
     1
 10
208.0301033347565
 20
-123.5176477759149
 11
208.1764122336457
 21
-123.5146010195951
 72
     1
 10
208.1764122336457
 20
-123.5146010195951
 11
208.2891745152472
 21
-123.5102838843152
 72
     1
 10
208.2891745152472
 20
-123.5102838843152
 11
208.3724812304499
 21
-123.5036736073529
 72
     1
 10
208.3724812304499
 20
-123.5036736073529
 11
208.4311770447799
 21
-123.4940165740708
 72
     1
 10
208.4311770447799
 20
-123.4940165740708
 11
208.4695252639001
 21
-123.4803115535935
 72
     1
 10
208.4695252639001
 20
-123.4803115535935
 11
208.4916169386992
 21
-123.4622678659895
 72
     1
 10
208.4916169386992
 20
-123.4622678659895
 11
208.5020383525421
 21
-123.4383998138308
 72
     1
 10
208.5020383525421
 20
-123.4383998138308
 11
208.5050743429385
 21
-123.4081798668711
 72
     1
 10
208.5050743429385
 20
-123.4081798668711
 11
208.5050743429385
 21
-123.3939473161477
 72
     1
 10
208.5050743429385
 20
-123.3939473161477
 11
208.5050743429385
 21
-123.3329906579055
 72
     1
 10
208.5050743429385
 20
-123.3329906579055
 11
207.7273225052965
 21
-123.3324846595061
 72
     1
 10
207.7273225052965
 20
-123.3324846595061
 11
207.4842710188121
 21
-123.3317202789453
 72
     1
 10
207.4842710188121
 20
-123.3317202789453
 11
207.2795246877544
 21
-123.3296855194244
 72
     1
 10
207.2795246877544
 20
-123.3296855194244
 11
207.1088417383071
 21
-123.3261327647052
 72
     1
 10
207.1088417383071
 20
-123.3261327647052
 11
206.9676143552586
 21
-123.3210512488644
 72
     1
 10
206.9676143552586
 20
-123.3210512488644
 11
206.8522897838899
 21
-123.3136765913413
 72
     1
 10
206.8522897838899
 20
-123.3136765913413
 11
206.7583248045297
 21
-123.3037827077446
 72
     1
 10
206.7583248045297
 20
-123.3037827077446
 11
206.6816283662893
 21
-123.2913373003042
 72
     1
 10
206.6816283662893
 20
-123.2913373003042
 11
206.6178725679654
 21
-123.2758343706205
 72
     1
 10
206.6178725679654
 20
-123.2758343706205
 11
206.5632462726774
 21
-123.2570478343026
 72
     1
 10
206.5632462726774
 20
-123.2570478343026
 11
206.5408962157169
 21
-123.2476384172585
 72
     1
 10
206.5408962157169
 20
-123.2476384172585
 11
206.434205914908
 21
-123.1902452796589
 72
     1
 10
206.434205914908
 20
-123.1902452796589
 11
206.3567343301834
 21
-123.1214079654942
 72
     1
 10
206.3567343301834
 20
-123.1214079654942
 11
206.3046703246626
 21
-123.0347961118104
 72
     1
 10
206.3046703246626
 20
-123.0347961118104
 11
206.2746979939409
 21
-122.9232826773222
 72
     1
 10
206.2746979939409
 20
-122.9232826773222
 11
206.2625325005087
 21
-122.7800313006762
 72
     1
 10
206.2625325005087
 20
-122.7800313006762
 11
206.2620157361858
 21
-122.7350728045936
 72
     1
 10
206.2620157361858
 20
-122.7350728045936
 11
206.2614989718631
 21
-122.5285716280231
 72
     1
 10
206.2614989718631
 20
-122.5285716280231
 11
206.8754149873346
 21
-122.5285716280231
 72
     1
 10
206.8754149873346
 20
-122.5285716280231
 11
206.8754149873346
 21
-122.684279178033
 97
        1
330
127
 75
     2
 76
     1
 98
        1
 10
0.0
 20
0.0
450
        0
451
        0
460
0.0
461
0.0
452
        0
462
0.0
453
        0
470

  0
LWPOLYLINE
  5
129
330
F1
100
AcDbEntity
  8
Layer 1
 62
    18
420
        0
370
     0
100
AcDbPolyline
 90
       69
 70
     1
 43
0.0
 10
206.8754149873346
 20
-122.684279178033
 10
206.8746613726972
 20
-122.7419306977939
 10
206.8754149873346
 20
-122.7894299517968
 10
206.8812501178128
 20
-122.8277889368404
 10
206.895999432859
 20
-122.8577505016387
 10
206.9231510916521
 20
-122.8806065569987
 10
206.9668607406212
 20
-122.8973798656425
 10
207.0306165389451
 20
-122.9090608925221
 10
207.1185095375125
 20
-122.9166831662833
 10
207.2338125770345
 20
-122.9210003015632
 10
207.3808750905611
 20
-122.9235410594836
 10
207.5630129824969
 20
-122.9250590546818
 10
207.7560459889048
 20
-122.926329433642
 10
208.5474920811006
 20
-122.9324337122049
 10
208.5474920811006
 20
-122.5285716280231
 10
209.1677599913731
 20
-122.5285716280231
 10
209.1530322081736
 20
-122.9997422652479
 10
209.1474554598569
 20
-123.142746025656
 10
209.1405868007332
 20
-123.2773631317421
 10
209.132964526972
 20
-123.3952176951079
 10
209.1251054028963
 20
-123.48893505823
 10
209.1172247469738
 20
-123.5509252451178
 10
209.1146839890535
 20
-123.5638658850342
 10
209.0681967318494
 20
-123.6669926652005
 10
208.9879475388898
 20
-123.7579324200877
 10
208.8827644673558
 20
-123.8280293472892
 10
208.8185134365559
 20
-123.8541905411302
 10
208.7819523607187
 20
-123.8643535728117
 10
208.7379843295881
 20
-123.8727402271337
 10
208.6816139547108
 20
-123.879598120334
 10
208.6082118890281
 20
-123.8851748686507
 10
208.512954998861
 20
-123.8895027698541
 10
208.3912785326913
 20
-123.8930555245732
 10
208.2383808886866
 20
-123.895854664655
 10
208.0491590191592
 20
-123.8986430388134
 10
207.9813337017934
 20
-123.8994074193742
 10
207.2564210161564
 20
-123.9077940736961
 10
207.2564210161564
 20
-123.5270356611122
 10
207.8457045989084
 20
-123.5199301516739
 10
208.0301033347565
 20
-123.5176477759149
 10
208.1764122336457
 20
-123.5146010195951
 10
208.2891745152472
 20
-123.5102838843152
 10
208.3724812304499
 20
-123.5036736073529
 10
208.4311770447799
 20
-123.4940165740708
 10
208.4695252639001
 20
-123.4803115535935
 10
208.4916169386992
 20
-123.4622678659895
 10
208.5020383525421
 20
-123.4383998138308
 10
208.5050743429385
 20
-123.4081798668711
 10
208.5050743429385
 20
-123.3939473161477
 10
208.5050743429385
 20
-123.3329906579055
 10
207.7273225052965
 20
-123.3324846595061
 10
207.4842710188121
 20
-123.3317202789453
 10
207.2795246877544
 20
-123.3296855194244
 10
207.1088417383071
 20
-123.3261327647052
 10
206.9676143552586
 20
-123.3210512488644
 10
206.8522897838899
 20
-123.3136765913413
 10
206.7583248045297
 20
-123.3037827077446
 10
206.6816283662893
 20
-123.2913373003042
 10
206.6178725679654
 20
-123.2758343706205
 10
206.5632462726774
 20
-123.2570478343026
 10
206.5408962157169
 20
-123.2476384172585
 10
206.434205914908
 20
-123.1902452796589
 10
206.3567343301834
 20
-123.1214079654942
 10
206.3046703246626
 20
-123.0347961118104
 10
206.2746979939409
 20
-122.9232826773222
 10
206.2625325005087
 20
-122.7800313006762
 10
206.2620157361858
 20
-122.7350728045936
 10
206.2614989718631
 20
-122.5285716280231
 10
206.8754149873346
 20
-122.5285716280231
  0
LWPOLYLINE
  5
12A
330
F1
100
AcDbEntity
  8
Layer 1
100
AcDbPolyline
 90
       82
 70
     1
 43
0.0
 10
211.9582227388851
 20
-122.5311123859434
 10
212.0796192910466
 20
-122.5316183843428
 10
212.169299432897
 20
-122.5326303811416
 10
212.223129049854
 20
-122.5339007601018
 10
212.2381152152148
 20
-122.535171139062
 10
212.2505821545021
 20
-122.5598143377049
 10
212.2564172849803
 20
-122.6233117538674
 10
212.2559005206575
 20
-122.7266861502717
 10
212.2554052881814
 20
-122.737613562514
 10
212.2485366290578
 20
-122.9309049510833
 10
211.1421011502762
 20
-122.9309049510833
 10
210.8967457561861
 20
-122.9309049510833
 10
210.6902338136921
 20
-122.9311633332447
 10
210.5190556317688
 20
-122.9319277138055
 10
210.3798522423179
 20
-122.9329397106043
 10
210.2691139543139
 20
-122.9344684717259
 10
210.1835033315054
 20
-122.9370092296462
 10
210.1192523007055
 20
-122.940055985966
 10
210.0727650435014
 20
-122.9441147390845
 10
210.0412639516582
 20
-122.9491854890019
 10
210.0207010379806
 20
-122.9552897675648
 10
210.0077603980641
 20
-122.962912041326
 10
210.0014085032632
 20
-122.9687579377275
 10
209.9810824399002
 20
-123.0096469147681
 10
209.9653211280552
 20
-123.0838133610114
 10
209.9538877174135
 20
-123.1958220279756
 10
209.9531341027761
 20
-123.2067494402179
 10
209.9475573544594
 20
-123.3022539466231
 10
209.9470405901366
 20
-123.366009744947
 10
209.9528757206147
 20
-123.4079214847097
 10
209.966333124854
 20
-123.4383998138308
 10
209.9823528188604
 20
-123.4599854902305
 10
210.0252657894985
 20
-123.5128246422356
 10
212.2304929414537
 20
-123.5265296627128
 10
212.2304929414537
 20
-123.6172110354386
 10
212.227198568896
 20
-123.6990105213665
 10
212.2193179129735
 20
-123.7873879864866
 10
212.2170355372145
 20
-123.8064436708894
 10
212.2035781329752
 20
-123.9044889352149
 10
211.0263028782783
 20
-123.9029601740933
 10
210.751707236257
 20
-123.9022065594559
 10
210.5165148738484
 20
-123.9011837967338
 10
210.3176252051155
 20
-123.8994074193742
 10
210.1522821536704
 20
-123.8971250436152
 10
210.0171482832614
 20
-123.894067521372
 10
209.9097043678152
 20
-123.8902563844915
 10
209.8268928850885
 20
-123.8856916329735
 10
209.765677844685
 20
-123.8801041187334
 10
209.7230232562082
 20
-123.8737522239324
 10
209.719470501489
 20
-123.872998609295
 10
209.5988060321182
 20
-123.840485520653
 10
209.5094058042759
 20
-123.8000917760884
 10
209.4400732576353
 20
-123.7454762467238
 10
209.4004331277081
 20
-123.6995165197659
 10
209.3412420809022
 20
-123.62178655288
 10
209.3425124598624
 20
-123.2603422068603
 10
209.3432876063466
 20
-123.1259727170122
 10
209.3455699821055
 20
-123.0264094574885
 10
209.3496395011475
 20
-122.9540193886047
 10
209.3567450105858
 20
-122.901191002523
 10
209.3674248065901
 20
-122.8608080238819
 10
209.3826478222655
 20
-122.8247314145973
 10
209.3900117138653
 20
-122.8102512476358
 10
209.4613897859503
 20
-122.7109463702735
 10
209.5619865741196
 20
-122.6344867823477
 10
209.6904886357194
 20
-122.5793760205071
 10
209.7186953550049
 20
-122.5712477483466
 10
209.7514452939615
 20
-122.5643790892229
 10
209.7923558028489
 20
-122.5582855765834
 10
209.8446781905311
 20
-122.553462442904
 10
209.9125035078969
 20
-122.5493929238621
 10
209.9988677453428
 20
-122.5458401691429
 10
210.1078188900638
 20
-122.5430517949845
 10
210.24243599615
 20
-122.5405110370642
 10
210.4062718183204
 20
-122.5384762775432
 10
210.6031159616088
 20
-122.5366999001836
 10
210.8365427125813
 20
-122.534923522824
 10
211.0102831842718
 20
-122.5336531438638
 10
211.232534906764
 20
-122.5323827649036
 10
211.4423412218157
 20
-122.5316183843428
 10
211.6358909925464
 20
-122.5311123859434
 10
211.8091146999141
 20
-122.530854003782
  0
HATCH
  5
12B
330
F1
100
AcDbEntity
  8
Layer 1
 62
    18
420
        0
440
 33554687
100
AcDbHatch
 10
0.0
 20
0.0
 30
0.0
210
0.0
220
0.0
230
1.0
  2
SOLID
 70
     1
 71
     1
 91
        1
 92
        1
 93
       82
 72
     1
 10
211.9582227388851
 20
-122.5311123859434
 11
212.0796192910466
 21
-122.5316183843428
 72
     1
 10
212.0796192910466
 20
-122.5316183843428
 11
212.169299432897
 21
-122.5326303811416
 72
     1
 10
212.169299432897
 20
-122.5326303811416
 11
212.223129049854
 21
-122.5339007601018
 72
     1
 10
212.223129049854
 20
-122.5339007601018
 11
212.2381152152148
 21
-122.535171139062
 72
     1
 10
212.2381152152148
 20
-122.535171139062
 11
212.2505821545021
 21
-122.5598143377049
 72
     1
 10
212.2505821545021
 20
-122.5598143377049
 11
212.2564172849803
 21
-122.6233117538674
 72
     1
 10
212.2564172849803
 20
-122.6233117538674
 11
212.2559005206575
 21
-122.7266861502717
 72
     1
 10
212.2559005206575
 20
-122.7266861502717
 11
212.2554052881814
 21
-122.737613562514
 72
     1
 10
212.2554052881814
 20
-122.737613562514
 11
212.2485366290578
 21
-122.9309049510833
 72
     1
 10
212.2485366290578
 20
-122.9309049510833
 11
211.1421011502762
 21
-122.9309049510833
 72
     1
 10
211.1421011502762
 20
-122.9309049510833
 11
210.8967457561861
 21
-122.9309049510833
 72
     1
 10
210.8967457561861
 20
-122.9309049510833
 11
210.6902338136921
 21
-122.9311633332447
 72
     1
 10
210.6902338136921
 20
-122.9311633332447
 11
210.5190556317688
 21
-122.9319277138055
 72
     1
 10
210.5190556317688
 20
-122.9319277138055
 11
210.3798522423179
 21
-122.9329397106043
 72
     1
 10
210.3798522423179
 20
-122.9329397106043
 11
210.2691139543139
 21
-122.9344684717259
 72
     1
 10
210.2691139543139
 20
-122.9344684717259
 11
210.1835033315054
 21
-122.9370092296462
 72
     1
 10
210.1835033315054
 20
-122.9370092296462
 11
210.1192523007055
 21
-122.940055985966
 72
     1
 10
210.1192523007055
 20
-122.940055985966
 11
210.0727650435014
 21
-122.9441147390845
 72
     1
 10
210.0727650435014
 20
-122.9441147390845
 11
210.0412639516582
 21
-122.9491854890019
 72
     1
 10
210.0412639516582
 20
-122.9491854890019
 11
210.0207010379806
 21
-122.9552897675648
 72
     1
 10
210.0207010379806
 20
-122.9552897675648
 11
210.0077603980641
 21
-122.962912041326
 72
     1
 10
210.0077603980641
 20
-122.962912041326
 11
210.0014085032632
 21
-122.9687579377275
 72
     1
 10
210.0014085032632
 20
-122.9687579377275
 11
209.9810824399002
 21
-123.0096469147681
 72
     1
 10
209.9810824399002
 20
-123.0096469147681
 11
209.9653211280552
 21
-123.0838133610114
 72
     1
 10
209.9653211280552
 20
-123.0838133610114
 11
209.9538877174135
 21
-123.1958220279756
 72
     1
 10
209.9538877174135
 20
-123.1958220279756
 11
209.9531341027761
 21
-123.2067494402179
 72
     1
 10
209.9531341027761
 20
-123.2067494402179
 11
209.9475573544594
 21
-123.3022539466231
 72
     1
 10
209.9475573544594
 20
-123.3022539466231
 11
209.9470405901366
 21
-123.366009744947
 72
     1
 10
209.9470405901366
 20
-123.366009744947
 11
209.9528757206147
 21
-123.4079214847097
 72
     1
 10
209.9528757206147
 20
-123.4079214847097
 11
209.966333124854
 21
-123.4383998138308
 72
     1
 10
209.966333124854
 20
-123.4383998138308
 11
209.9823528188604
 21
-123.4599854902305
 72
     1
 10
209.9823528188604
 20
-123.4599854902305
 11
210.0252657894985
 21
-123.5128246422356
 72
     1
 10
210.0252657894985
 20
-123.5128246422356
 11
212.2304929414537
 21
-123.5265296627128
 72
     1
 10
212.2304929414537
 20
-123.5265296627128
 11
212.2304929414537
 21
-123.6172110354386
 72
     1
 10
212.2304929414537
 20
-123.6172110354386
 11
212.227198568896
 21
-123.6990105213665
 72
     1
 10
212.227198568896
 20
-123.6990105213665
 11
212.2193179129735
 21
-123.7873879864866
 72
     1
 10
212.2193179129735
 20
-123.7873879864866
 11
212.2170355372145
 21
-123.8064436708894
 72
     1
 10
212.2170355372145
 20
-123.8064436708894
 11
212.2035781329752
 21
-123.9044889352149
 72
     1
 10
212.2035781329752
 20
-123.9044889352149
 11
211.0263028782783
 21
-123.9029601740933
 72
     1
 10
211.0263028782783
 20
-123.9029601740933
 11
210.751707236257
 21
-123.9022065594559
 72
     1
 10
210.751707236257
 20
-123.9022065594559
 11
210.5165148738484
 21
-123.9011837967338
 72
     1
 10
210.5165148738484
 20
-123.9011837967338
 11
210.3176252051155
 21
-123.8994074193742
 72
     1
 10
210.3176252051155
 20
-123.8994074193742
 11
210.1522821536704
 21
-123.8971250436152
 72
     1
 10
210.1522821536704
 20
-123.8971250436152
 11
210.0171482832614
 21
-123.894067521372
 72
     1
 10
210.0171482832614
 20
-123.894067521372
 11
209.9097043678152
 21
-123.8902563844915
 72
     1
 10
209.9097043678152
 20
-123.8902563844915
 11
209.8268928850885
 21
-123.8856916329735
 72
     1
 10
209.8268928850885
 20
-123.8856916329735
 11
209.765677844685
 21
-123.8801041187334
 72
     1
 10
209.765677844685
 20
-123.8801041187334
 11
209.7230232562082
 21
-123.8737522239324
 72
     1
 10
209.7230232562082
 20
-123.8737522239324
 11
209.719470501489
 21
-123.872998609295
 72
     1
 10
209.719470501489
 20
-123.872998609295
 11
209.5988060321182
 21
-123.840485520653
 72
     1
 10
209.5988060321182
 20
-123.840485520653
 11
209.5094058042759
 21
-123.8000917760884
 72
     1
 10
209.5094058042759
 20
-123.8000917760884
 11
209.4400732576353
 21
-123.7454762467238
 72
     1
 10
209.4400732576353
 20
-123.7454762467238
 11
209.4004331277081
 21
-123.6995165197659
 72
     1
 10
209.4004331277081
 20
-123.6995165197659
 11
209.3412420809022
 21
-123.62178655288
 72
     1
 10
209.3412420809022
 20
-123.62178655288
 11
209.3425124598624
 21
-123.2603422068603
 72
     1
 10
209.3425124598624
 20
-123.2603422068603
 11
209.3432876063466
 21
-123.1259727170122
 72
     1
 10
209.3432876063466
 20
-123.1259727170122
 11
209.3455699821055
 21
-123.0264094574885
 72
     1
 10
209.3455699821055
 20
-123.0264094574885
 11
209.3496395011475
 21
-122.9540193886047
 72
     1
 10
209.3496395011475
 20
-122.9540193886047
 11
209.3567450105858
 21
-122.901191002523
 72
     1
 10
209.3567450105858
 20
-122.901191002523
 11
209.3674248065901
 21
-122.8608080238819
 72
     1
 10
209.3674248065901
 20
-122.8608080238819
 11
209.3826478222655
 21
-122.8247314145973
 72
     1
 10
209.3826478222655
 20
-122.8247314145973
 11
209.3900117138653
 21
-122.8102512476358
 72
     1
 10
209.3900117138653
 20
-122.8102512476358
 11
209.4613897859503
 21
-122.7109463702735
 72
     1
 10
209.4613897859503
 20
-122.7109463702735
 11
209.5619865741196
 21
-122.6344867823477
 72
     1
 10
209.5619865741196
 20
-122.6344867823477
 11
209.6904886357194
 21
-122.5793760205071
 72
     1
 10
209.6904886357194
 20
-122.5793760205071
 11
209.7186953550049
 21
-122.5712477483466
 72
     1
 10
209.7186953550049
 20
-122.5712477483466
 11
209.7514452939615
 21
-122.5643790892229
 72
     1
 10
209.7514452939615
 20
-122.5643790892229
 11
209.7923558028489
 21
-122.5582855765834
 72
     1
 10
209.7923558028489
 20
-122.5582855765834
 11
209.8446781905311
 21
-122.553462442904
 72
     1
 10
209.8446781905311
 20
-122.553462442904
 11
209.9125035078969
 21
-122.5493929238621
 72
     1
 10
209.9125035078969
 20
-122.5493929238621
 11
209.9988677453428
 21
-122.5458401691429
 72
     1
 10
209.9988677453428
 20
-122.5458401691429
 11
210.1078188900638
 21
-122.5430517949845
 72
     1
 10
210.1078188900638
 20
-122.5430517949845
 11
210.24243599615
 21
-122.5405110370642
 72
     1
 10
210.24243599615
 20
-122.5405110370642
 11
210.4062718183204
 21
-122.5384762775432
 72
     1
 10
210.4062718183204
 20
-122.5384762775432
 11
210.6031159616088
 21
-122.5366999001836
 72
     1
 10
210.6031159616088
 20
-122.5366999001836
 11
210.8365427125813
 21
-122.534923522824
 72
     1
 10
210.8365427125813
 20
-122.534923522824
 11
211.0102831842718
 21
-122.5336531438638
 72
     1
 10
211.0102831842718
 20
-122.5336531438638
 11
211.232534906764
 21
-122.5323827649036
 72
     1
 10
211.232534906764
 20
-122.5323827649036
 11
211.4423412218157
 21
-122.5316183843428
 72
     1
 10
211.4423412218157
 20
-122.5316183843428
 11
211.6358909925464
 21
-122.5311123859434
 72
     1
 10
211.6358909925464
 20
-122.5311123859434
 11
211.8091146999141
 21
-122.530854003782
 72
     1
 10
211.8091146999141
 20
-122.530854003782
 11
211.9582227388851
 21
-122.5311123859434
 97
        1
330
12A
 75
     2
 76
     1
 98
        1
 10
0.0
 20
0.0
450
        0
451
        0
460
0.0
461
0.0
452
        0
462
0.0
453
        0
470

  0
LWPOLYLINE
  5
12C
330
F1
100
AcDbEntity
  8
Layer 1
 62
    18
420
        0
370
     0
100
AcDbPolyline
 90
       82
 70
     1
 43
0.0
 10
211.9582227388851
 20
-122.5311123859434
 10
212.0796192910466
 20
-122.5316183843428
 10
212.169299432897
 20
-122.5326303811416
 10
212.223129049854
 20
-122.5339007601018
 10
212.2381152152148
 20
-122.535171139062
 10
212.2505821545021
 20
-122.5598143377049
 10
212.2564172849803
 20
-122.6233117538674
 10
212.2559005206575
 20
-122.7266861502717
 10
212.2554052881814
 20
-122.737613562514
 10
212.2485366290578
 20
-122.9309049510833
 10
211.1421011502762
 20
-122.9309049510833
 10
210.8967457561861
 20
-122.9309049510833
 10
210.6902338136921
 20
-122.9311633332447
 10
210.5190556317688
 20
-122.9319277138055
 10
210.3798522423179
 20
-122.9329397106043
 10
210.2691139543139
 20
-122.9344684717259
 10
210.1835033315054
 20
-122.9370092296462
 10
210.1192523007055
 20
-122.940055985966
 10
210.0727650435014
 20
-122.9441147390845
 10
210.0412639516582
 20
-122.9491854890019
 10
210.0207010379806
 20
-122.9552897675648
 10
210.0077603980641
 20
-122.962912041326
 10
210.0014085032632
 20
-122.9687579377275
 10
209.9810824399002
 20
-123.0096469147681
 10
209.9653211280552
 20
-123.0838133610114
 10
209.9538877174135
 20
-123.1958220279756
 10
209.9531341027761
 20
-123.2067494402179
 10
209.9475573544594
 20
-123.3022539466231
 10
209.9470405901366
 20
-123.366009744947
 10
209.9528757206147
 20
-123.4079214847097
 10
209.966333124854
 20
-123.4383998138308
 10
209.9823528188604
 20
-123.4599854902305
 10
210.0252657894985
 20
-123.5128246422356
 10
212.2304929414537
 20
-123.5265296627128
 10
212.2304929414537
 20
-123.6172110354386
 10
212.227198568896
 20
-123.6990105213665
 10
212.2193179129735
 20
-123.7873879864866
 10
212.2170355372145
 20
-123.8064436708894
 10
212.2035781329752
 20
-123.9044889352149
 10
211.0263028782783
 20
-123.9029601740933
 10
210.751707236257
 20
-123.9022065594559
 10
210.5165148738484
 20
-123.9011837967338
 10
210.3176252051155
 20
-123.8994074193742
 10
210.1522821536704
 20
-123.8971250436152
 10
210.0171482832614
 20
-123.894067521372
 10
209.9097043678152
 20
-123.8902563844915
 10
209.8268928850885
 20
-123.8856916329735
 10
209.765677844685
 20
-123.8801041187334
 10
209.7230232562082
 20
-123.8737522239324
 10
209.719470501489
 20
-123.872998609295
 10
209.5988060321182
 20
-123.840485520653
 10
209.5094058042759
 20
-123.8000917760884
 10
209.4400732576353
 20
-123.7454762467238
 10
209.4004331277081
 20
-123.6995165197659
 10
209.3412420809022
 20
-123.62178655288
 10
209.3425124598624
 20
-123.2603422068603
 10
209.3432876063466
 20
-123.1259727170122
 10
209.3455699821055
 20
-123.0264094574885
 10
209.3496395011475
 20
-122.9540193886047
 10
209.3567450105858
 20
-122.901191002523
 10
209.3674248065901
 20
-122.8608080238819
 10
209.3826478222655
 20
-122.8247314145973
 10
209.3900117138653
 20
-122.8102512476358
 10
209.4613897859503
 20
-122.7109463702735
 10
209.5619865741196
 20
-122.6344867823477
 10
209.6904886357194
 20
-122.5793760205071
 10
209.7186953550049
 20
-122.5712477483466
 10
209.7514452939615
 20
-122.5643790892229
 10
209.7923558028489
 20
-122.5582855765834
 10
209.8446781905311
 20
-122.553462442904
 10
209.9125035078969
 20
-122.5493929238621
 10
209.9988677453428
 20
-122.5458401691429
 10
210.1078188900638
 20
-122.5430517949845
 10
210.24243599615
 20
-122.5405110370642
 10
210.4062718183204
 20
-122.5384762775432
 10
210.6031159616088
 20
-122.5366999001836
 10
210.8365427125813
 20
-122.534923522824
 10
211.0102831842718
 20
-122.5336531438638
 10
211.232534906764
 20
-122.5323827649036
 10
211.4423412218157
 20
-122.5316183843428
 10
211.6358909925464
 20
-122.5311123859434
 10
211.8091146999141
 20
-122.530854003782
  0
LINE
  5
12D
330
F1
100
AcDbEntity
  8
Layer 1
 62
    18
420
        0
370
    13
100
AcDbLine
 10
226.2500291046698
 20
-134.2483773637541
 30
0.0
 11
228.250036224938
 21
-134.2483773637541
 31
0.0
  0
LINE
  5
12E
330
F1
100
AcDbEntity
  8
Layer 1
 62
    18
420
        0
370
    13
100
AcDbLine
 10
228.250036224938
 20
-134.2483773637541
 30
0.0
 11
228.250036224938
 21
-133.7482571585298
 31
0.0
  0
LWPOLYLINE
  5
12F
330
F1
100
AcDbEntity
  8
Layer 1
100
AcDbPolyline
 90
        4
 70
     1
 43
0.0
 10
19.99999999499096
 20
-19.99999999499096
 10
317.0388888096201
 20
-19.99999999499096
 10
317.0388888096201
 20
-230.2555554979826
 10
19.99999999499096
 20
-230.2555554979826
  0
ENDBLK
  5
F4
330
F1
100
AcDbEntity
  8
0
100
AcDbBlockEnd
  0
ENDSEC
  0
SECTION
  2
ENTITIES
  0
INSERT
  5
7A
330
70
100
AcDbEntity
  8
Layer 1
100
AcDbBlockReference
  2
Block_0
 10
0.0
 20
0.0
 30
0.0
  0
INSERT
  5
8B
330
70
100
AcDbEntity
  8
Layer 1
100
AcDbBlockReference
  2
Block_2
 10
0.0
 20
0.0
 30
0.0
  0
INSERT
  5
EE
330
70
100
AcDbEntity
  8
Layer 1
100
AcDbBlockReference
  2
Block_4
 10
0.0
 20
0.0
 30
0.0
  0
ENDSEC
  0
SECTION
  2
OBJECTS
  0
DICTIONARY
  5
C
330
0
100
AcDbDictionary
281
     1
  3
ACAD_COLOR
350
63
  3
ACAD_DETAILVIEWSTYLE
350
6A
  3
ACAD_GROUP
350
D
  3
ACAD_LAYOUT
350
62
  3
ACAD_MATERIAL
350
10
  3
ACAD_MLEADERSTYLE
350
66
  3
ACAD_MLINESTYLE
350
5F
  3
ACAD_PLOTSETTINGS
350
61
  3
ACAD_PLOTSTYLENAME
350
E
  3
ACAD_SCALELIST
350
42
  3
ACAD_SECTIONVIEWSTYLE
350
68
  3
ACAD_TABLESTYLE
350
64
  3
ACAD_VISUALSTYLE
350
29
  3
ACDB_RECOMPOSE_DATA
350
138
  3
AcDbVariableDictionary
350
130
  0
DICTIONARY
  5
63
102
{ACAD_REACTORS
330
C
102
}
330
C
100
AcDbDictionary
281
     1
  0
DICTIONARY
  5
6A
102
{ACAD_REACTORS
330
C
102
}
330
C
100
AcDbDictionary
281
     1
  3
Imperial24
350
6B
  0
DICTIONARY
  5
D
102
{ACAD_REACTORS
330
C
102
}
330
C
100
AcDbDictionary
281
     1
  0
DICTIONARY
  5
62
102
{ACAD_REACTORS
330
C
102
}
330
C
100
AcDbDictionary
281
     1
  3
Layout1
350
6F
  3
Layout2
350
77
  3
Model
350
73
  0
DICTIONARY
  5
10
102
{ACAD_REACTORS
330
C
102
}
330
C
100
AcDbDictionary
281
     1
  3
ByBlock
350
19
  3
ByLayer
350
11
  3
Global
350
21
  0
DICTIONARY
  5
66
102
{ACAD_REACTORS
330
C
102
}
330
C
100
AcDbDictionary
281
     1
  3
Standard
350
67
  0
DICTIONARY
  5
5F
102
{ACAD_REACTORS
330
C
102
}
330
C
100
AcDbDictionary
281
     1
  3
Standard
350
60
  0
DICTIONARY
  5
61
102
{ACAD_REACTORS
330
C
102
}
330
C
100
AcDbDictionary
281
     1
  0
ACDBDICTIONARYWDFLT
  5
E
102
{ACAD_REACTORS
330
C
102
}
330
C
100
AcDbDictionary
281
     1
  3
Normal
350
F
100
AcDbDictionaryWithDefault
340
F
  0
DICTIONARY
  5
42
102
{ACAD_REACTORS
330
C
102
}
330
C
100
AcDbDictionary
281
     1
  3
A0
350
43
  3
A1
350
44
  3
A2
350
45
  3
A3
350
46
  3
A4
350
47
  3
A5
350
48
  3
A6
350
49
  3
A7
350
4A
  3
A8
350
4B
  3
A9
350
4C
  3
B0
350
4D
  3
B1
350
4E
  3
B2
350
4F
  3
B3
350
50
  3
B4
350
51
  3
B5
350
52
  3
B6
350
53
  0
DICTIONARY
  5
68
102
{ACAD_REACTORS
330
C
102
}
330
C
100
AcDbDictionary
281
     1
  3
Imperial24
350
69
  0
DICTIONARY
  5
64
102
{ACAD_REACTORS
330
C
102
}
330
C
100
AcDbDictionary
281
     1
  3
Standard
350
65
  0
DICTIONARY
  5
29
102
{ACAD_REACTORS
330
C
102
}
330
C
100
AcDbDictionary
281
     1
  3
2dWireframe
350
2F
  3
Basic
350
2E
  3
Brighten
350
35
  3
ColorChange
350
39
  3
Conceptual
350
32
  3
Dim
350
34
  3
EdgeColorOff
350
41
  3
Facepattern
350
38
  3
Flat
350
2A
  3
FlatWithEdges
350
2B
  3
Gouraud
350
2C
  3
GouraudWithEdges
350
2D
  3
Hidden
350
31
  3
JitterOff
350
3F
  3
Linepattern
350
37
  3
OverhangOff
350
40
  3
Realistic
350
33
  3
Shaded
350
3E
  3
Shaded with edges
350
3D
  3
Shades of Gray
350
3A
  3
Sketchy
350
3B
  3
Thicken
350
36
  3
Wireframe
350
30
  3
X-Ray
350
3C
  0
XRECORD
  5
138
102
{ACAD_REACTORS
330
C
102
}
330
C
100
AcDbXrecord
280
     1
 90
        1
330
65
  0
DICTIONARY
  5
130
102
{ACAD_REACTORS
330
C
102
}
330
C
100
AcDbDictionary
281
     1
  3
CANNOSCALE
350
135
  3
CMLEADERSTYLE
350
132
  3
CTABLESTYLE
350
131
  3
CVIEWDETAILSTYLE
350
133
  3
CVIEWSECTIONSTYLE
350
134
  0
ACDBDETAILVIEWSTYLE
  5
6B
102
{ACAD_XDICTIONARY
360
16D
102
}
102
{ACAD_REACTORS
330
6A
102
}
330
6A
100
AcDbModelDocViewStyle
 70
     0
  3
Imperial24
290
     0
100
AcDbDetailViewStyle
 70
     0
 71
     0
 90
        3
 71
     1
340
55
 62
   256
 40
0.24
340
0
 62
   256
 40
0.24
300

 40
0.36
280
     3
 71
     2
340
5D
 90
       25
 62
   256
 71
     3
340
55
 62
   256
 40
0.24
 90
        1
 40
0.75
 90
        1
300
%<\AcVar ViewType \f "%tc1">% %<\AcVar ViewDetailId>%\PSCALE %<\AcVar ViewScale \f "%sn">%
 71
     4
340
5D
 90
       25
 62
   256
340
5D
 90
       25
 62
   256
280
     0
  0
LAYOUT
  5
6F
102
{ACAD_REACTORS
330
62
102
}
330
62
100
AcDbPlotSettings
  1

  2

  4

  6

 40
0.0
 41
0.0
 42
0.0
 43
0.0
 44
0.0
 45
0.0
 46
0.0
 47
0.0
 48
0.0
 49
0.0
140
0.0
141
0.0
142
1.0
143
1.0
 70
   688
 72
     0
 73
     0
 74
     5
  7

 75
    16
147
1.0
 76
     0
 77
     2
 78
   300
148
0.0
149
0.0
100
AcDbLayout
  1
Layout1
 70
     1
 71
     1
 10
0.0
 20
0.0
 11
12.0
 21
9.0
 12
0.0
 22
0.0
 32
0.0
 14
0.0
 24
0.0
 34
0.0
 15
0.0
 25
0.0
 35
0.0
146
0.0
 13
0.0
 23
0.0
 33
0.0
 16
1.0
 26
0.0
 36
0.0
 17
0.0
 27
1.0
 37
0.0
 76
     0
330
6C
  0
LAYOUT
  5
77
102
{ACAD_REACTORS
330
62
102
}
330
62
100
AcDbPlotSettings
  1

  2

  4

  6

 40
0.0
 41
0.0
 42
0.0
 43
0.0
 44
0.0
 45
0.0
 46
0.0
 47
0.0
 48
0.0
 49
0.0
140
0.0
141
0.0
142
1.0
143
1.0
 70
   688
 72
     0
 73
     0
 74
     5
  7

 75
    16
147
1.0
 76
     0
 77
     2
 78
   300
148
0.0
149
0.0
100
AcDbLayout
  1
Layout2
 70
     1
 71
     2
 10
0.0
 20
0.0
 11
12.0
 21
9.0
 12
0.0
 22
0.0
 32
0.0
 14
0.0
 24
0.0
 34
0.0
 15
0.0
 25
0.0
 35
0.0
146
0.0
 13
0.0
 23
0.0
 33
0.0
 16
1.0
 26
0.0
 36
0.0
 17
0.0
 27
1.0
 37
0.0
 76
     0
330
74
  0
LAYOUT
  5
73
102
{ACAD_REACTORS
330
62
102
}
330
62
100
AcDbPlotSettings
  1

  2

  4

  6

 40
0.0
 41
0.0
 42
0.0
 43
0.0
 44
0.0
 45
0.0
 46
0.0
 47
0.0
 48
0.0
 49
0.0
140
0.0
141
0.0
142
1.0
143
1.0
 70
  1712
 72
     0
 73
     0
 74
     0
  7

 75
     0
147
1.0
 76
     0
 77
     2
 78
   300
148
0.0
149
0.0
100
AcDbLayout
  1
Model
 70
     1
 71
     0
 10
0.0
 20
0.0
 11
12.0
 21
9.0
 12
0.0
 22
0.0
 32
0.0
 14
0.0
 24
0.0
 34
0.0
 15
0.0
 25
0.0
 35
0.0
146
0.0
 13
0.0
 23
0.0
 33
0.0
 16
1.0
 26
0.0
 36
0.0
 17
0.0
 27
1.0
 37
0.0
 76
     0
330
70
  0
MATERIAL
  5
19
102
{ACAD_XDICTIONARY
360
1A
102
}
102
{ACAD_REACTORS
330
10
102
}
330
10
100
AcDbMaterial
  1
ByBlock
 72
     0
 43
0.0208333333333333
 43
0.0
 43
0.0
 43
0.0
 43
0.0
 43
0.0208333333333333
 43
0.0
 43
0.0
 43
0.0
 43
0.0
 43
1.0
 43
0.0
 43
0.0
 43
0.0
 43
0.0
 43
1.0
 77
     0
 47
0.0208333333333333
 47
0.0
 47
0.0
 47
0.0
 47
0.0
 47
0.0208333333333333
 47
0.0
 47
0.0
 47
0.0
 47
0.0
 47
1.0
 47
0.0
 47
0.0
 47
0.0
 47
0.0
 47
1.0
171
     0
 49
0.0208333333333333
 49
0.0
 49
0.0
 49
0.0
 49
0.0
 49
0.0208333333333333
 49
0.0
 49
0.0
 49
0.0
 49
0.0
 49
1.0
 49
0.0
 49
0.0
 49
0.0
 49
0.0
 49
1.0
175
     0
142
0.0208333333333333
142
0.0
142
0.0
142
0.0
142
0.0
142
0.0208333333333333
142
0.0
142
0.0
142
0.0
142
0.0
142
1.0
142
0.0
142
0.0
142
0.0
142
0.0
142
1.0
179
     0
144
0.0208333333333333
144
0.0
144
0.0
144
0.0
144
0.0
144
0.0208333333333333
144
0.0
144
0.0
144
0.0
144
0.0
144
1.0
144
0.0
144
0.0
144
0.0
144
0.0
144
1.0
147
0.0208333333333333
147
0.0
147
0.0
147
0.0
147
0.0
147
0.0208333333333333
147
0.0
147
0.0
147
0.0
147
0.0
147
1.0
147
0.0
147
0.0
147
0.0
147
0.0
147
1.0
  0
MATERIAL
  5
11
102
{ACAD_XDICTIONARY
360
12
102
}
102
{ACAD_REACTORS
330
10
102
}
330
10
100
AcDbMaterial
  1
ByLayer
 72
     0
 43
0.0208333333333333
 43
0.0
 43
0.0
 43
0.0
 43
0.0
 43
0.0208333333333333
 43
0.0
 43
0.0
 43
0.0
 43
0.0
 43
1.0
 43
0.0
 43
0.0
 43
0.0
 43
0.0
 43
1.0
 77
     0
 47
0.0208333333333333
 47
0.0
 47
0.0
 47
0.0
 47
0.0
 47
0.0208333333333333
 47
0.0
 47
0.0
 47
0.0
 47
0.0
 47
1.0
 47
0.0
 47
0.0
 47
0.0
 47
0.0
 47
1.0
171
     0
 49
0.0208333333333333
 49
0.0
 49
0.0
 49
0.0
 49
0.0
 49
0.0208333333333333
 49
0.0
 49
0.0
 49
0.0
 49
0.0
 49
1.0
 49
0.0
 49
0.0
 49
0.0
 49
0.0
 49
1.0
175
     0
142
0.0208333333333333
142
0.0
142
0.0
142
0.0
142
0.0
142
0.0208333333333333
142
0.0
142
0.0
142
0.0
142
0.0
142
1.0
142
0.0
142
0.0
142
0.0
142
0.0
142
1.0
179
     0
144
0.0208333333333333
144
0.0
144
0.0
144
0.0
144
0.0
144
0.0208333333333333
144
0.0
144
0.0
144
0.0
144
0.0
144
1.0
144
0.0
144
0.0
144
0.0
144
0.0
144
1.0
147
0.0208333333333333
147
0.0
147
0.0
147
0.0
147
0.0
147
0.0208333333333333
147
0.0
147
0.0
147
0.0
147
0.0
147
1.0
147
0.0
147
0.0
147
0.0
147
0.0
147
1.0
  0
MATERIAL
  5
21
102
{ACAD_XDICTIONARY
360
22
102
}
102
{ACAD_REACTORS
330
10
102
}
330
10
100
AcDbMaterial
  1
Global
 72
     0
 43
0.0208333333333333
 43
0.0
 43
0.0
 43
0.0
 43
0.0
 43
0.0208333333333333
 43
0.0
 43
0.0
 43
0.0
 43
0.0
 43
1.0
 43
0.0
 43
0.0
 43
0.0
 43
0.0
 43
1.0
 77
     0
 47
0.0208333333333333
 47
0.0
 47
0.0
 47
0.0
 47
0.0
 47
0.0208333333333333
 47
0.0
 47
0.0
 47
0.0
 47
0.0
 47
1.0
 47
0.0
 47
0.0
 47
0.0
 47
0.0
 47
1.0
171
     0
 49
0.0208333333333333
 49
0.0
 49
0.0
 49
0.0
 49
0.0
 49
0.0208333333333333
 49
0.0
 49
0.0
 49
0.0
 49
0.0
 49
1.0
 49
0.0
 49
0.0
 49
0.0
 49
0.0
 49
1.0
175
     0
142
0.0208333333333333
142
0.0
142
0.0
142
0.0
142
0.0
142
0.0208333333333333
142
0.0
142
0.0
142
0.0
142
0.0
142
1.0
142
0.0
142
0.0
142
0.0
142
0.0
142
1.0
179
     0
144
0.0208333333333333
144
0.0
144
0.0
144
0.0
144
0.0
144
0.0208333333333333
144
0.0
144
0.0
144
0.0
144
0.0
144
1.0
144
0.0
144
0.0
144
0.0
144
0.0
144
1.0
147
0.0208333333333333
147
0.0
147
0.0
147
0.0
147
0.0
147
0.0208333333333333
147
0.0
147
0.0
147
0.0
147
0.0
147
1.0
147
0.0
147
0.0
147
0.0
147
0.0
147
1.0
  0
MLEADERSTYLE
  5
67
102
{ACAD_XDICTIONARY
360
169
102
}
102
{ACAD_REACTORS
330
66
102
}
330
66
100
AcDbMLeaderStyle
179
     2
170
     2
171
     1
172
     0
 90
        2
 40
0.0
 41
0.0
173
     1
 91
-1056964608
340
5B
 92
       -2
290
     1
 42
0.09
291
     1
 43
0.36
  3
Standard
 44
0.18
300

342
55
174
     1
178
     6
175
     1
176
     0
 93
-1056964608
 45
0.18
292
     0
297
     0
 46
0.18
 94
-1056964608
 47
1.0
 49
1.0
140
1.0
293
     1
141
0.0
294
     1
177
     0
142
1.0
295
     0
296
     0
143
0.125
271
     0
272
     9
273
     9
  0
MLINESTYLE
  5
60
102
{ACAD_REACTORS
330
5F
102
}
330
5F
100
AcDbMlineStyle
  2
STANDARD
 70
     0
  3

 62
   256
 51
90.0
 52
90.0
 71
     2
 49
0.5
 62
   256
  6
BYLAYER
 49
-0.5
 62
   256
  6
BYLAYER
  0
ACDBPLACEHOLDER
  5
F
102
{ACAD_REACTORS
330
E
102
}
330
E
  0
SCALE
  5
43
102
{ACAD_REACTORS
330
42
102
}
330
42
100
AcDbScale
 70
     0
300
1:1
140
1.0
141
1.0
290
     1
  0
SCALE
  5
44
102
{ACAD_REACTORS
330
42
102
}
330
42
100
AcDbScale
 70
     0
300
1/128" = 1'-0"
140
0.0078125
141
12.0
290
     0
  0
SCALE
  5
45
102
{ACAD_REACTORS
330
42
102
}
330
42
100
AcDbScale
 70
     0
300
1/64" = 1'-0"
140
0.015625
141
12.0
290
     0
  0
SCALE
  5
46
102
{ACAD_REACTORS
330
42
102
}
330
42
100
AcDbScale
 70
     0
300
1/32" = 1'-0"
140
0.03125
141
12.0
290
     0
  0
SCALE
  5
47
102
{ACAD_REACTORS
330
42
102
}
330
42
100
AcDbScale
 70
     0
300
1/16" = 1'-0"
140
0.0625
141
12.0
290
     0
  0
SCALE
  5
48
102
{ACAD_REACTORS
330
42
102
}
330
42
100
AcDbScale
 70
     0
300
3/32" = 1'-0"
140
0.09375
141
12.0
290
     0
  0
SCALE
  5
49
102
{ACAD_REACTORS
330
42
102
}
330
42
100
AcDbScale
 70
     0
300
1/8" = 1'-0"
140
0.125
141
12.0
290
     0
  0
SCALE
  5
4A
102
{ACAD_REACTORS
330
42
102
}
330
42
100
AcDbScale
 70
     0
300
3/16" = 1'-0"
140
0.1875
141
12.0
290
     0
  0
SCALE
  5
4B
102
{ACAD_REACTORS
330
42
102
}
330
42
100
AcDbScale
 70
     0
300
1/4" = 1'-0"
140
0.25
141
12.0
290
     0
  0
SCALE
  5
4C
102
{ACAD_REACTORS
330
42
102
}
330
42
100
AcDbScale
 70
     0
300
3/8" = 1'-0"
140
0.375
141
12.0
290
     0
  0
SCALE
  5
4D
102
{ACAD_REACTORS
330
42
102
}
330
42
100
AcDbScale
 70
     0
300
1/2" = 1'-0"
140
0.5
141
12.0
290
     0
  0
SCALE
  5
4E
102
{ACAD_REACTORS
330
42
102
}
330
42
100
AcDbScale
 70
     0
300
3/4" = 1'-0"
140
0.75
141
12.0
290
     0
  0
SCALE
  5
4F
102
{ACAD_REACTORS
330
42
102
}
330
42
100
AcDbScale
 70
     0
300
1" = 1'-0"
140
1.0
141
12.0
290
     0
  0
SCALE
  5
50
102
{ACAD_REACTORS
330
42
102
}
330
42
100
AcDbScale
 70
     0
300
1-1/2" = 1'-0"
140
1.5
141
12.0
290
     0
  0
SCALE
  5
51
102
{ACAD_REACTORS
330
42
102
}
330
42
100
AcDbScale
 70
     0
300
3" = 1'-0"
140
3.0
141
12.0
290
     0
  0
SCALE
  5
52
102
{ACAD_REACTORS
330
42
102
}
330
42
100
AcDbScale
 70
     0
300
6" = 1'-0"
140
6.0
141
12.0
290
     0
  0
SCALE
  5
53
102
{ACAD_REACTORS
330
42
102
}
330
42
100
AcDbScale
 70
     0
300
1'-0" = 1'-0"
140
12.0
141
12.0
290
     0
  0
ACDBSECTIONVIEWSTYLE
  5
69
102
{ACAD_XDICTIONARY
360
16B
102
}
102
{ACAD_REACTORS
330
68
102
}
330
68
100
AcDbModelDocViewStyle
 70
     0
  3
Imperial24
290
     0
100
AcDbSectionViewStyle
 70
     0
 71
     0
 90
       78
 71
     1
340
55
 62
   256
 40
0.24
340
0
340
0
 62
   256
 40
0.24
300
I, O, Q, S, X, Z
 40
0.48
 90
        3
 40
0.18
 90
        1
 71
     2
340
5D
 90
       25
 62
   256
340
5D
 90
       50
 62
   256
 40
0.24
 40
0.0
 40
0.24
 71
     3
340
55
 62
   256
 40
0.24
 90
        1
 40
0.75
 90
        1
300
%<\AcVar ViewType \f "%tc1">% %<\AcVar ViewSectionStartId>%-%<\AcVar ViewSectionEndId>%\PSCALE %<\AcVar ViewScale \f "%sn">%
 71
     4
 62
   256
 62
   257
300
ANSI31
 40
1.0
 90
        0
290
     0
290
     0
 90
        6
 40
0.0
 40
1.570796326794896
 40
0.2617993877991494
 40
1.308996938995747
 40
-0.2617993877991494
 40
1.832595714594046
  0
TABLESTYLE
  5
65
102
{ACAD_XDICTIONARY
360
136
102
}
102
{ACAD_REACTORS
330
64
102
}
330
64
100
AcDbTableStyle
280
     0
  3
Standard
 70
     0
 71
     0
 40
0.06
 41
0.06
280
     0
281
     0
  7
Standard
140
0.18
170
     2
 62
     0
 63
     7
283
     0
 90
      512
 91
        0
  1

274
    -2
284
     1
 64
     0
275
    -2
285
     1
 65
     0
276
    -2
286
     1
 66
     0
277
    -2
287
     1
 67
     0
278
    -2
288
     1
 68
     0
279
    -2
289
     1
 69
     0
  7
Standard
140
0.25
170
     5
 62
     0
 63
     7
283
     0
 90
      512
 91
        0
  1

274
    -2
284
     1
 64
     0
275
    -2
285
     1
 65
     0
276
    -2
286
     1
 66
     0
277
    -2
287
     1
 67
     0
278
    -2
288
     1
 68
     0
279
    -2
289
     1
 69
     0
  7
Standard
140
0.18
170
     5
 62
     0
 63
     7
283
     0
 90
      512
 91
        0
  1

274
    -2
284
     1
 64
     0
275
    -2
285
     1
 65
     0
276
    -2
286
     1
 66
     0
277
    -2
287
     1
 67
     0
278
    -2
288
     1
 68
     0
279
    -2
289
     1
 69
     0
  0
VISUALSTYLE
  5
2F
102
{ACAD_XDICTIONARY
360
143
102
}
102
{ACAD_REACTORS
330
29
102
}
330
29
100
AcDbVisualStyle
  2
2dWireframe
 70
     4
177
     2
291
     0
 71
     0
176
     1
 72
     2
176
     1
 73
     0
176
     1
 90
        0
176
     1
 40
0.6
176
     1
 41
30.0
176
     1
 63
     7
421
 16777215
176
     1
 74
     1
176
     1
 91
        4
176
     1
 64
     7
176
     1
 65
   257
176
     1
 75
     1
176
     1
175
     1
176
     1
 42
1.0
176
     1
 92
        0
176
     1
 66
   257
176
     1
 43
1.0
176
     1
 76
     1
176
     1
 77
     6
176
     1
 78
     2
176
     1
 67
     7
176
     1
 79
     5
176
     1
170
     0
176
     1
171
     0
176
     1
290
     0
176
     1
 93
        1
176
     1
 44
0.0
176
     1
173
     0
176
     1
1001
ACAD
1000
AcDbSavedByObjectVersion
1070
     0
  0
VISUALSTYLE
  5
2E
102
{ACAD_XDICTIONARY
360
141
102
}
102
{ACAD_REACTORS
330
29
102
}
330
29
100
AcDbVisualStyle
  2
Basic
 70
     7
177
     2
291
     1
 71
     1
176
     1
 72
     0
176
     1
 73
     1
176
     1
 90
        0
176
     1
 40
0.6
176
     1
 41
30.0
176
     1
 63
     7
421
 16777215
176
     1
 74
     0
176
     1
 91
        4
176
     1
 64
     7
176
     1
 65
   257
176
     1
 75
     1
176
     1
175
     1
176
     1
 42
1.0
176
     1
 92
        8
176
     1
 66
     7
176
     1
 43
1.0
176
     1
 76
     1
176
     1
 77
     6
176
     1
 78
     2
176
     1
 67
     7
176
     1
 79
     5
176
     1
170
     0
176
     1
171
     0
176
     1
290
     0
176
     1
 93
        1
176
     1
 44
0.0
176
     1
173
     0
176
     1
1001
ACAD
1000
AcDbSavedByObjectVersion
1070
     0
  0
VISUALSTYLE
  5
35
102
{ACAD_XDICTIONARY
360
14F
102
}
102
{ACAD_REACTORS
330
29
102
}
330
29
100
AcDbVisualStyle
  2
Brighten
 70
    12
177
     2
291
     1
 71
     2
176
     1
 72
     2
176
     1
 73
     0
176
     1
 90
        0
176
     1
 40
0.6
176
     1
 41
30.0
176
     1
 63
     7
421
 16777215
176
     1
 74
     1
176
     1
 91
        4
176
     1
 64
     7
176
     1
 65
   257
176
     1
 75
     1
176
     1
175
     1
176
     1
 42
1.0
176
     1
 92
        8
176
     1
 66
     7
176
     1
 43
1.0
176
     1
 76
     1
176
     1
 77
     6
176
     1
 78
     2
176
     1
 67
     7
176
     1
 79
     5
176
     1
170
     0
176
     1
171
     0
176
     1
290
     0
176
     1
 93
        1
176
     1
 44
50.0
176
     1
173
     0
176
     1
1001
ACAD
1000
AcDbSavedByObjectVersion
1070
     0
  0
VISUALSTYLE
  5
39
102
{ACAD_XDICTIONARY
360
157
102
}
102
{ACAD_REACTORS
330
29
102
}
330
29
100
AcDbVisualStyle
  2
ColorChange
 70
    16
177
     2
291
     1
 71
     2
176
     1
 72
     2
176
     1
 73
     3
176
     1
 90
        0
176
     1
 40
0.6
176
     1
 41
30.0
176
     1
 63
     8
421
  8421504
176
     1
 74
     1
176
     1
 91
        4
176
     1
 64
     7
176
     1
 65
   257
176
     1
 75
     1
176
     1
175
     1
176
     1
 42
1.0
176
     1
 92
        8
176
     1
 66
     8
424
  8421504
176
     1
 43
1.0
176
     1
 76
     1
176
     1
 77
     6
176
     1
 78
     2
176
     1
 67
     7
176
     1
 79
     5
176
     1
170
     0
176
     1
171
     0
176
     1
290
     0
176
     1
 93
        1
176
     1
 44
0.0
176
     1
173
     0
176
     1
1001
ACAD
1000
AcDbSavedByObjectVersion
1070
     0
  0
VISUALSTYLE
  5
32
102
{ACAD_XDICTIONARY
360
149
102
}
102
{ACAD_REACTORS
330
29
102
}
330
29
100
AcDbVisualStyle
  2
Conceptual
 70
     9
177
     2
291
     0
 71
     3
176
     1
 72
     2
176
     1
 73
     0
176
     1
 90
        0
176
     1
 40
0.6
176
     1
 41
30.0
176
     1
 63
     7
421
 16777215
176
     1
 74
     2
176
     1
 91
        2
176
     1
 64
     7
176
     1
 65
   257
176
     1
 75
     1
176
     1
175
     1
176
     1
 42
179.0
176
     1
 92
        8
176
     1
 66
     7
176
     1
 43
1.0
176
     1
 76
     1
176
     1
 77
     6
176
     1
 78
     2
176
     1
 67
     7
176
     1
 79
     3
176
     1
170
     0
176
     1
171
     0
176
     1
290
     0
176
     1
 93
        1
176
     1
 44
0.0
176
     1
173
     0
176
     1
1001
ACAD
1000
AcDbSavedByObjectVersion
1070
     0
  0
VISUALSTYLE
  5
34
102
{ACAD_XDICTIONARY
360
14D
102
}
102
{ACAD_REACTORS
330
29
102
}
330
29
100
AcDbVisualStyle
  2
Dim
 70
    11
177
     2
291
     1
 71
     2
176
     1
 72
     2
176
     1
 73
     0
176
     1
 90
        0
176
     1
 40
0.6
176
     1
 41
30.0
176
     1
 63
     7
421
 16777215
176
     1
 74
     1
176
     1
 91
        4
176
     1
 64
     7
176
     1
 65
   257
176
     1
 75
     1
176
     1
175
     1
176
     1
 42
1.0
176
     1
 92
        8
176
     1
 66
     7
176
     1
 43
1.0
176
     1
 76
     1
176
     1
 77
     6
176
     1
 78
     2
176
     1
 67
     7
176
     1
 79
     5
176
     1
170
     0
176
     1
171
     0
176
     1
290
     0
176
     1
 93
        1
176
     1
 44
-50.0
176
     1
173
     0
176
     1
1001
ACAD
1000
AcDbSavedByObjectVersion
1070
     0
  0
VISUALSTYLE
  5
41
102
{ACAD_XDICTIONARY
360
167
102
}
102
{ACAD_REACTORS
330
29
102
}
330
29
100
AcDbVisualStyle
  2
EdgeColorOff
 70
    22
177
     2
291
     1
 71
     2
176
     0
 72
     2
176
     0
 73
     0
176
     0
 90
        0
176
     0
 40
0.6
176
     0
 41
30.0
176
     0
 63
     7
421
 16777215
176
     0
 74
     1
176
     0
 91
        4
176
     0
 64
     7
176
     0
 65
   257
176
     0
 75
     1
176
     0
175
     1
176
     0
 42
1.0
176
     0
 92
        8
176
     2
 66
     7
176
     0
 43
1.0
176
     0
 76
     1
176
     0
 77
     6
176
     0
 78
     2
176
     0
 67
     7
176
     0
 79
     5
176
     0
170
     0
176
     0
171
     0
176
     0
290
     0
176
     0
 93
        1
176
     0
 44
0.0
176
     0
173
     0
176
     0
1001
ACAD
1000
AcDbSavedByObjectVersion
1070
     0
  0
VISUALSTYLE
  5
38
102
{ACAD_XDICTIONARY
360
155
102
}
102
{ACAD_REACTORS
330
29
102
}
330
29
100
AcDbVisualStyle
  2
Facepattern
 70
    15
177
     2
291
     1
 71
     2
176
     1
 72
     2
176
     1
 73
     0
176
     1
 90
        0
176
     1
 40
0.6
176
     1
 41
30.0
176
     1
 63
     7
421
 16777215
176
     1
 74
     1
176
     1
 91
        4
176
     1
 64
     7
176
     1
 65
   257
176
     1
 75
     1
176
     1
175
     1
176
     1
 42
1.0
176
     1
 92
        8
176
     1
 66
     7
176
     1
 43
1.0
176
     1
 76
     1
176
     1
 77
     6
176
     1
 78
     2
176
     1
 67
     7
176
     1
 79
     5
176
     1
170
     0
176
     1
171
     0
176
     1
290
     0
176
     1
 93
        1
176
     1
 44
0.0
176
     1
173
     0
176
     1
1001
ACAD
1000
AcDbSavedByObjectVersion
1070
     0
  0
VISUALSTYLE
  5
2A
102
{ACAD_XDICTIONARY
360
139
102
}
102
{ACAD_REACTORS
330
29
102
}
330
29
100
AcDbVisualStyle
  2
Flat
 70
     0
177
     2
291
     1
 71
     2
176
     1
 72
     1
176
     1
 73
     1
176
     1
 90
        2
176
     1
 40
0.6
176
     1
 41
30.0
176
     1
 63
     7
421
 16777215
176
     1
 74
     0
176
     1
 91
        0
176
     1
 64
     7
176
     1
 65
   257
176
     1
 75
     1
176
     1
175
     1
176
     1
 42
1.0
176
     1
 92
        8
176
     1
 66
     7
176
     1
 43
1.0
176
     1
 76
     1
176
     1
 77
     6
176
     1
 78
     2
176
     1
 67
     7
176
     1
 79
     5
176
     1
170
     0
176
     1
171
     0
176
     1
290
     0
176
     1
 93
       13
176
     1
 44
0.0
176
     1
173
     0
176
     1
1001
ACAD
1000
AcDbSavedByObjectVersion
1070
     0
  0
VISUALSTYLE
  5
2B
102
{ACAD_XDICTIONARY
360
13B
102
}
102
{ACAD_REACTORS
330
29
102
}
330
29
100
AcDbVisualStyle
  2
FlatWithEdges
 70
     1
177
     2
291
     1
 71
     2
176
     1
 72
     1
176
     1
 73
     1
176
     1
 90
        2
176
     1
 40
0.6
176
     1
 41
30.0
176
     1
 63
     7
421
 16777215
176
     1
 74
     1
176
     1
 91
        0
176
     1
 64
     7
176
     1
 65
   257
176
     1
 75
     1
176
     1
175
     1
176
     1
 42
1.0
176
     1
 92
        0
176
     1
 66
   257
176
     1
 43
1.0
176
     1
 76
     1
176
     1
 77
     6
176
     1
 78
     2
176
     1
 67
     7
176
     1
 79
     5
176
     1
170
     0
176
     1
171
     0
176
     1
290
     0
176
     1
 93
       13
176
     1
 44
0.0
176
     1
173
     0
176
     1
1001
ACAD
1000
AcDbSavedByObjectVersion
1070
     0
  0
VISUALSTYLE
  5
2C
102
{ACAD_XDICTIONARY
360
13D
102
}
102
{ACAD_REACTORS
330
29
102
}
330
29
100
AcDbVisualStyle
  2
Gouraud
 70
     2
177
     2
291
     1
 71
     2
176
     1
 72
     2
176
     1
 73
     1
176
     1
 90
        2
176
     1
 40
0.6
176
     1
 41
30.0
176
     1
 63
     7
421
 16777215
176
     1
 74
     0
176
     1
 91
        0
176
     1
 64
     7
176
     1
 65
   257
176
     1
 75
     1
176
     1
175
     1
176
     1
 42
1.0
176
     1
 92
        0
176
     1
 66
     7
176
     1
 43
1.0
176
     1
 76
     1
176
     1
 77
     6
176
     1
 78
     2
176
     1
 67
     7
176
     1
 79
     5
176
     1
170
     0
176
     1
171
     0
176
     1
290
     0
176
     1
 93
       13
176
     1
 44
0.0
176
     1
173
     0
176
     1
1001
ACAD
1000
AcDbSavedByObjectVersion
1070
     0
  0
VISUALSTYLE
  5
2D
102
{ACAD_XDICTIONARY
360
13F
102
}
102
{ACAD_REACTORS
330
29
102
}
330
29
100
AcDbVisualStyle
  2
GouraudWithEdges
 70
     3
177
     2
291
     1
 71
     2
176
     1
 72
     2
176
     1
 73
     1
176
     1
 90
        2
176
     1
 40
0.6
176
     1
 41
30.0
176
     1
 63
     7
421
 16777215
176
     1
 74
     1
176
     1
 91
        0
176
     1
 64
     7
176
     1
 65
   257
176
     1
 75
     1
176
     1
175
     1
176
     1
 42
1.0
176
     1
 92
        0
176
     1
 66
   257
176
     1
 43
1.0
176
     1
 76
     1
176
     1
 77
     6
176
     1
 78
     2
176
     1
 67
     7
176
     1
 79
     5
176
     1
170
     0
176
     1
171
     0
176
     1
290
     0
176
     1
 93
       13
176
     1
 44
0.0
176
     1
173
     0
176
     1
1001
ACAD
1000
AcDbSavedByObjectVersion
1070
     0
  0
VISUALSTYLE
  5
31
102
{ACAD_XDICTIONARY
360
147
102
}
102
{ACAD_REACTORS
330
29
102
}
330
29
100
AcDbVisualStyle
  2
Hidden
 70
     6
177
     2
291
     0
 71
     1
176
     1
 72
     2
176
     1
 73
     2
176
     1
 90
        0
176
     1
 40
0.6
176
     1
 41
30.0
176
     1
 63
     7
421
 16777215
176
     1
 74
     2
176
     1
 91
        2
176
     1
 64
     7
176
     1
 65
   257
176
     1
 75
     2
176
     1
175
     1
176
     1
 42
40.0
176
     1
 92
        0
176
     1
 66
   257
176
     1
 43
1.0
176
     1
 76
     1
176
     1
 77
     6
176
     1
 78
     2
176
     1
 67
     7
176
     1
 79
     3
176
     1
170
     0
176
     1
171
     0
176
     1
290
     0
176
     1
 93
        1
176
     1
 44
0.0
176
     1
173
     0
176
     1
1001
ACAD
1000
AcDbSavedByObjectVersion
1070
     0
  0
VISUALSTYLE
  5
3F
102
{ACAD_XDICTIONARY
360
163
102
}
102
{ACAD_REACTORS
330
29
102
}
330
29
100
AcDbVisualStyle
  2
JitterOff
 70
    20
177
     2
291
     1
 71
     2
176
     0
 72
     2
176
     0
 73
     0
176
     0
 90
        0
176
     0
 40
0.6
176
     0
 41
30.0
176
     0
 63
     7
421
 16777215
176
     0
 74
     1
176
     0
 91
        4
176
     0
 64
     7
176
     0
 65
   257
176
     0
 75
     1
176
     0
175
     1
176
     0
 42
1.0
176
     0
 92
       10
176
     2
 66
     7
176
     0
 43
1.0
176
     0
 76
     1
176
     0
 77
     6
176
     0
 78
     2
176
     0
 67
     7
176
     0
 79
     5
176
     0
170
     0
176
     0
171
     0
176
     0
290
     0
176
     0
 93
        1
176
     0
 44
0.0
176
     0
173
     0
176
     0
1001
ACAD
1000
AcDbSavedByObjectVersion
1070
     0
  0
VISUALSTYLE
  5
37
102
{ACAD_XDICTIONARY
360
153
102
}
102
{ACAD_REACTORS
330
29
102
}
330
29
100
AcDbVisualStyle
  2
Linepattern
 70
    14
177
     2
291
     1
 71
     2
176
     1
 72
     2
176
     1
 73
     0
176
     1
 90
        0
176
     1
 40
0.6
176
     1
 41
30.0
176
     1
 63
     7
421
 16777215
176
     1
 74
     1
176
     1
 91
        4
176
     1
 64
     7
176
     1
 65
   257
176
     1
 75
     7
176
     1
175
     7
176
     1
 42
1.0
176
     1
 92
        8
176
     1
 66
     7
176
     1
 43
1.0
176
     1
 76
     1
176
     1
 77
     6
176
     1
 78
     2
176
     1
 67
     7
176
     1
 79
     5
176
     1
170
     0
176
     1
171
     0
176
     1
290
     0
176
     1
 93
        1
176
     1
 44
0.0
176
     1
173
     0
176
     1
1001
ACAD
1000
AcDbSavedByObjectVersion
1070
     0
  0
VISUALSTYLE
  5
40
102
{ACAD_XDICTIONARY
360
165
102
}
102
{ACAD_REACTORS
330
29
102
}
330
29
100
AcDbVisualStyle
  2
OverhangOff
 70
    21
177
     2
291
     1
 71
     2
176
     0
 72
     2
176
     0
 73
     0
176
     0
 90
        0
176
     0
 40
0.6
176
     0
 41
30.0
176
     0
 63
     7
421
 16777215
176
     0
 74
     1
176
     0
 91
        4
176
     0
 64
     7
176
     0
 65
   257
176
     0
 75
     1
176
     0
175
     1
176
     0
 42
1.0
176
     0
 92
        9
176
     2
 66
     7
176
     0
 43
1.0
176
     0
 76
     1
176
     0
 77
     6
176
     0
 78
     2
176
     0
 67
     7
176
     0
 79
     5
176
     0
170
     0
176
     0
171
     0
176
     0
290
     0
176
     0
 93
        1
176
     0
 44
0.0
176
     0
173
     0
176
     0
1001
ACAD
1000
AcDbSavedByObjectVersion
1070
     0
  0
VISUALSTYLE
  5
33
102
{ACAD_XDICTIONARY
360
14B
102
}
102
{ACAD_REACTORS
330
29
102
}
330
29
100
AcDbVisualStyle
  2
Realistic
 70
     8
177
     2
291
     0
 71
     2
176
     1
 72
     3
176
     1
 73
     0
176
     1
 90
        2
176
     1
 40
0.6
176
     1
 41
30.0
176
     1
 63
     7
421
 16777215
176
     1
 74
     0
176
     1
 91
        0
176
     1
 64
     7
176
     1
 65
   257
176
     1
 75
     1
176
     1
175
     1
176
     1
 42
1.0
176
     1
 92
        8
176
     1
 66
   257
176
     1
 43
1.0
176
     1
 76
     1
176
     1
 77
     6
176
     1
 78
     2
176
     1
 67
     7
176
     1
 79
     3
176
     1
170
     0
176
     1
171
     0
176
     1
290
     0
176
     1
 93
       13
176
     1
 44
0.0
176
     1
173
     0
176
     1
1001
ACAD
1000
AcDbSavedByObjectVersion
1070
     0
  0
VISUALSTYLE
  5
3E
102
{ACAD_XDICTIONARY
360
161
102
}
102
{ACAD_REACTORS
330
29
102
}
330
29
100
AcDbVisualStyle
  2
Shaded
 70
    27
177
     2
291
     0
 71
     2
176
     1
 72
     2
176
     1
 73
     1
176
     1
 90
        2
176
     1
 40
0.6
176
     1
 41
30.0
176
     1
 63
     7
421
 16777215
176
     1
 74
     0
176
     1
 91
        4
176
     1
 64
     7
176
     1
 65
   257
176
     1
 75
     1
176
     1
175
     1
176
     1
 42
1.0
176
     1
 92
        8
176
     1
 66
   257
176
     1
 43
1.0
176
     1
 76
     1
176
     1
 77
     6
176
     1
 78
     2
176
     1
 67
     8
425
  7895160
176
     1
 79
     3
176
     1
170
     0
176
     1
171
     0
176
     1
290
     0
176
     1
 93
        5
176
     1
 44
0.0
176
     1
173
     0
176
     1
1001
ACAD
1000
AcDbSavedByObjectVersion
1070
     0
  0
VISUALSTYLE
  5
3D
102
{ACAD_XDICTIONARY
360
15F
102
}
102
{ACAD_REACTORS
330
29
102
}
330
29
100
AcDbVisualStyle
  2
Shaded with edges
 70
    26
177
     2
291
     0
 71
     2
176
     1
 72
     2
176
     1
 73
     1
176
     1
 90
        2
176
     1
 40
0.6
176
     1
 41
30.0
176
     1
 63
     7
421
 16777215
176
     1
 74
     1
176
     1
 91
        2
176
     1
 64
     7
176
     1
 65
   257
176
     1
 75
     2
176
     1
175
     1
176
     1
 42
1.0
176
     1
 92
        8
176
     1
 66
   257
176
     1
 43
1.0
176
     1
 76
     1
176
     1
 77
     6
176
     1
 78
     2
176
     1
 67
     7
176
     1
 79
     3
176
     1
170
     0
176
     1
171
     0
176
     1
290
     0
176
     1
 93
        5
176
     1
 44
0.0
176
     1
173
     0
176
     1
1001
ACAD
1000
AcDbSavedByObjectVersion
1070
     0
  0
VISUALSTYLE
  5
3A
102
{ACAD_XDICTIONARY
360
159
102
}
102
{ACAD_REACTORS
330
29
102
}
330
29
100
AcDbVisualStyle
  2
Shades of Gray
 70
    23
177
     2
291
     0
 71
     2
176
     1
 72
     2
176
     1
 73
     3
176
     1
 90
        0
176
     1
 40
0.6
176
     1
 41
30.0
176
     1
 63
     7
421
 16777215
176
     1
 74
     2
176
     1
 91
        2
176
     1
 64
     7
176
     1
 65
     7
176
     1
 75
     1
176
     1
175
     1
176
     1
 42
40.0
176
     1
 92
        8
176
     1
 66
     7
176
     1
 43
1.0
176
     1
 76
     1
176
     1
 77
     6
176
     1
 78
     2
176
     1
 67
     7
176
     1
 79
     3
176
     1
170
     0
176
     1
171
     0
176
     1
290
     0
176
     1
 93
        1
176
     1
 44
0.0
176
     1
173
     0
176
     1
1001
ACAD
1000
AcDbSavedByObjectVersion
1070
     0
  0
VISUALSTYLE
  5
3B
102
{ACAD_XDICTIONARY
360
15B
102
}
102
{ACAD_REACTORS
330
29
102
}
330
29
100
AcDbVisualStyle
  2
Sketchy
 70
    24
177
     2
291
     0
 71
     1
176
     1
 72
     2
176
     1
 73
     2
176
     1
 90
        0
176
     1
 40
0.6
176
     1
 41
30.0
176
     1
 63
     7
421
 16777215
176
     1
 74
     2
176
     1
 91
        2
176
     1
 64
     7
176
     1
 65
     7
176
     1
 75
     1
176
     1
175
     1
176
     1
 42
40.0
176
     1
 92
       11
176
     1
 66
     7
176
     1
 43
1.0
176
     1
 76
     1
176
     1
 77
     6
176
     1
 78
     2
176
     1
 67
     7
176
     1
 79
     6
176
     1
170
     0
176
     1
171
     0
176
     1
290
     0
176
     1
 93
        1
176
     1
 44
0.0
176
     1
173
     0
176
     1
1001
ACAD
1000
AcDbSavedByObjectVersion
1070
     0
  0
VISUALSTYLE
  5
36
102
{ACAD_XDICTIONARY
360
151
102
}
102
{ACAD_REACTORS
330
29
102
}
330
29
100
AcDbVisualStyle
  2
Thicken
 70
    13
177
     2
291
     1
 71
     2
176
     1
 72
     2
176
     1
 73
     0
176
     1
 90
        0
176
     1
 40
0.6
176
     1
 41
30.0
176
     1
 63
     7
421
 16777215
176
     1
 74
     1
176
     1
 91
        4
176
     1
 64
     7
176
     1
 65
   257
176
     1
 75
     1
176
     1
175
     1
176
     1
 42
1.0
176
     1
 92
       12
176
     1
 66
     7
176
     1
 43
1.0
176
     1
 76
     1
176
     1
 77
     6
176
     1
 78
     2
176
     1
 67
     7
176
     1
 79
     5
176
     1
170
     0
176
     1
171
     0
176
     1
290
     0
176
     1
 93
        1
176
     1
 44
0.0
176
     1
173
     0
176
     1
1001
ACAD
1000
AcDbSavedByObjectVersion
1070
     0
  0
VISUALSTYLE
  5
30
102
{ACAD_XDICTIONARY
360
145
102
}
102
{ACAD_REACTORS
330
29
102
}
330
29
100
AcDbVisualStyle
  2
Wireframe
 70
     5
177
     2
291
     0
 71
     0
176
     1
 72
     2
176
     1
 73
     0
176
     1
 90
        0
176
     1
 40
0.6
176
     1
 41
30.0
176
     1
 63
     7
421
 16777215
176
     1
 74
     1
176
     1
 91
        4
176
     1
 64
     7
176
     1
 65
   257
176
     1
 75
     1
176
     1
175
     1
176
     1
 42
1.0
176
     1
 92
        0
176
     1
 66
   257
176
     1
 43
1.0
176
     1
 76
     1
176
     1
 77
     6
176
     1
 78
     2
176
     1
 67
     7
176
     1
 79
     3
176
     1
170
     0
176
     1
171
     0
176
     1
290
     0
176
     1
 93
        1
176
     1
 44
0.0
176
     1
173
     0
176
     1
1001
ACAD
1000
AcDbSavedByObjectVersion
1070
     0
  0
VISUALSTYLE
  5
3C
102
{ACAD_XDICTIONARY
360
15D
102
}
102
{ACAD_REACTORS
330
29
102
}
330
29
100
AcDbVisualStyle
  2
X-Ray
 70
    25
177
     2
291
     0
 71
     2
176
     1
 72
     2
176
     1
 73
     1
176
     1
 90
        1
176
     1
 40
0.5
176
     1
 41
30.0
176
     1
 63
     7
421
 16777215
176
     1
 74
     1
176
     1
 91
        0
176
     1
 64
     7
176
     1
 65
   257
176
     1
 75
     1
176
     1
175
     1
176
     1
 42
1.0
176
     1
 92
        8
176
     1
 66
     7
176
     1
 43
1.0
176
     1
 76
     1
176
     1
 77
     6
176
     1
 78
     2
176
     1
 67
     7
176
     1
 79
     3
176
     1
170
     0
176
     1
171
     0
176
     1
290
     0
176
     1
 93
       13
176
     1
 44
0.0
176
     1
173
     0
176
     1
1001
ACAD
1000
AcDbSavedByObjectVersion
1070
     0
  0
DICTIONARYVAR
  5
135
102
{ACAD_REACTORS
330
130
102
}
330
130
100
DictionaryVariables
280
     0
  1
1:1
  0
DICTIONARYVAR
  5
132
102
{ACAD_REACTORS
330
130
102
}
330
130
100
DictionaryVariables
280
     0
  1
STANDARD
  0
DICTIONARYVAR
  5
131
102
{ACAD_REACTORS
330
130
102
}
330
130
100
DictionaryVariables
280
     0
  1
STANDARD
  0
DICTIONARYVAR
  5
133
102
{ACAD_REACTORS
330
130
102
}
330
130
100
DictionaryVariables
280
     0
  1
Imperial24
  0
DICTIONARYVAR
  5
134
102
{ACAD_REACTORS
330
130
102
}
330
130
100
DictionaryVariables
280
     0
  1
Imperial24
  0
DICTIONARY
  5
16D
330
6B
100
AcDbDictionary
280
     1
281
     1
  3
ACAD_XREC_ROUNDTRIP
360
16E
  0
DICTIONARY
  5
1A
330
19
100
AcDbDictionary
280
     1
281
     1
  3
BUMPTILE
360
1C
  3
DIFFUSETILE
360
1B
  3
OPACITYTILE
360
1F
  3
REFLECTIONTILE
360
1E
  3
REFRACTIONTILE
360
20
  3
SPECULARTILE
360
1D
  0
DICTIONARY
  5
12
330
11
100
AcDbDictionary
280
     1
281
     1
  3
BUMPTILE
360
14
  3
DIFFUSETILE
360
13
  3
OPACITYTILE
360
17
  3
REFLECTIONTILE
360
16
  3
REFRACTIONTILE
360
18
  3
SPECULARTILE
360
15
  0
DICTIONARY
  5
22
330
21
100
AcDbDictionary
280
     1
281
     1
  3
BUMPTILE
360
24
  3
DIFFUSETILE
360
23
  3
OPACITYTILE
360
27
  3
REFLECTIONTILE
360
26
  3
REFRACTIONTILE
360
28
  3
SPECULARTILE
360
25
  0
DICTIONARY
  5
169
330
67
100
AcDbDictionary
280
     1
281
     1
  3
ACAD_XREC_ROUNDTRIP
360
16A
  0
DICTIONARY
  5
16B
330
69
100
AcDbDictionary
280
     1
281
     1
  3
ACAD_XREC_ROUNDTRIP
360
16C
  0
DICTIONARY
  5
136
330
65
100
AcDbDictionary
280
     1
281
     1
  3
ACAD_ROUNDTRIP_2008_TABLESTYLE_CELLSTYLEMAP
360
137
  0
DICTIONARY
  5
143
330
2F
100
AcDbDictionary
280
     1
281
     1
  3
ACAD_XREC_ROUNDTRIP
360
144
  0
DICTIONARY
  5
141
330
2E
100
AcDbDictionary
280
     1
281
     1
  3
ACAD_XREC_ROUNDTRIP
360
142
  0
DICTIONARY
  5
14F
330
35
100
AcDbDictionary
280
     1
281
     1
  3
ACAD_XREC_ROUNDTRIP
360
150
  0
DICTIONARY
  5
157
330
39
100
AcDbDictionary
280
     1
281
     1
  3
ACAD_XREC_ROUNDTRIP
360
158
  0
DICTIONARY
  5
149
330
32
100
AcDbDictionary
280
     1
281
     1
  3
ACAD_XREC_ROUNDTRIP
360
14A
  0
DICTIONARY
  5
14D
330
34
100
AcDbDictionary
280
     1
281
     1
  3
ACAD_XREC_ROUNDTRIP
360
14E
  0
DICTIONARY
  5
167
330
41
100
AcDbDictionary
280
     1
281
     1
  3
ACAD_XREC_ROUNDTRIP
360
168
  0
DICTIONARY
  5
155
330
38
100
AcDbDictionary
280
     1
281
     1
  3
ACAD_XREC_ROUNDTRIP
360
156
  0
DICTIONARY
  5
139
330
2A
100
AcDbDictionary
280
     1
281
     1
  3
ACAD_XREC_ROUNDTRIP
360
13A
  0
DICTIONARY
  5
13B
330
2B
100
AcDbDictionary
280
     1
281
     1
  3
ACAD_XREC_ROUNDTRIP
360
13C
  0
DICTIONARY
  5
13D
330
2C
100
AcDbDictionary
280
     1
281
     1
  3
ACAD_XREC_ROUNDTRIP
360
13E
  0
DICTIONARY
  5
13F
330
2D
100
AcDbDictionary
280
     1
281
     1
  3
ACAD_XREC_ROUNDTRIP
360
140
  0
DICTIONARY
  5
147
330
31
100
AcDbDictionary
280
     1
281
     1
  3
ACAD_XREC_ROUNDTRIP
360
148
  0
DICTIONARY
  5
163
330
3F
100
AcDbDictionary
280
     1
281
     1
  3
ACAD_XREC_ROUNDTRIP
360
164
  0
DICTIONARY
  5
153
330
37
100
AcDbDictionary
280
     1
281
     1
  3
ACAD_XREC_ROUNDTRIP
360
154
  0
DICTIONARY
  5
165
330
40
100
AcDbDictionary
280
     1
281
     1
  3
ACAD_XREC_ROUNDTRIP
360
166
  0
DICTIONARY
  5
14B
330
33
100
AcDbDictionary
280
     1
281
     1
  3
ACAD_XREC_ROUNDTRIP
360
14C
  0
DICTIONARY
  5
161
330
3E
100
AcDbDictionary
280
     1
281
     1
  3
ACAD_XREC_ROUNDTRIP
360
162
  0
DICTIONARY
  5
15F
330
3D
100
AcDbDictionary
280
     1
281
     1
  3
ACAD_XREC_ROUNDTRIP
360
160
  0
DICTIONARY
  5
159
330
3A
100
AcDbDictionary
280
     1
281
     1
  3
ACAD_XREC_ROUNDTRIP
360
15A
  0
DICTIONARY
  5
15B
330
3B
100
AcDbDictionary
280
     1
281
     1
  3
ACAD_XREC_ROUNDTRIP
360
15C
  0
DICTIONARY
  5
151
330
36
100
AcDbDictionary
280
     1
281
     1
  3
ACAD_XREC_ROUNDTRIP
360
152
  0
DICTIONARY
  5
145
330
30
100
AcDbDictionary
280
     1
281
     1
  3
ACAD_XREC_ROUNDTRIP
360
146
  0
DICTIONARY
  5
15D
330
3C
100
AcDbDictionary
280
     1
281
     1
  3
ACAD_XREC_ROUNDTRIP
360
15E
  0
XRECORD
  5
16E
102
{ACAD_REACTORS
330
16D
102
}
330
16D
100
AcDbXrecord
280
     1
102
DISPLAYNAME
  1
Imperial24
102
FLAGS
 90
        0
  0
XRECORD
  5
1C
102
{ACAD_REACTORS
330
1A
102
}
330
1A
100
AcDbXrecord
280
     1
270
     1
271
     1
  0
XRECORD
  5
1B
102
{ACAD_REACTORS
330
1A
102
}
330
1A
100
AcDbXrecord
280
     1
270
     1
271
     1
  0
XRECORD
  5
1F
102
{ACAD_REACTORS
330
1A
102
}
330
1A
100
AcDbXrecord
280
     1
270
     1
271
     1
  0
XRECORD
  5
1E
102
{ACAD_REACTORS
330
1A
102
}
330
1A
100
AcDbXrecord
280
     1
270
     1
271
     1
  0
XRECORD
  5
20
102
{ACAD_REACTORS
330
1A
102
}
330
1A
100
AcDbXrecord
280
     1
270
     1
271
     1
  0
XRECORD
  5
1D
102
{ACAD_REACTORS
330
1A
102
}
330
1A
100
AcDbXrecord
280
     1
270
     1
271
     1
  0
XRECORD
  5
14
102
{ACAD_REACTORS
330
12
102
}
330
12
100
AcDbXrecord
280
     1
270
     1
271
     1
  0
XRECORD
  5
13
102
{ACAD_REACTORS
330
12
102
}
330
12
100
AcDbXrecord
280
     1
270
     1
271
     1
  0
XRECORD
  5
17
102
{ACAD_REACTORS
330
12
102
}
330
12
100
AcDbXrecord
280
     1
270
     1
271
     1
  0
XRECORD
  5
16
102
{ACAD_REACTORS
330
12
102
}
330
12
100
AcDbXrecord
280
     1
270
     1
271
     1
  0
XRECORD
  5
18
102
{ACAD_REACTORS
330
12
102
}
330
12
100
AcDbXrecord
280
     1
270
     1
271
     1
  0
XRECORD
  5
15
102
{ACAD_REACTORS
330
12
102
}
330
12
100
AcDbXrecord
280
     1
270
     1
271
     1
  0
XRECORD
  5
24
102
{ACAD_REACTORS
330
22
102
}
330
22
100
AcDbXrecord
280
     1
270
     1
271
     1
  0
XRECORD
  5
23
102
{ACAD_REACTORS
330
22
102
}
330
22
100
AcDbXrecord
280
     1
270
     1
271
     1
  0
XRECORD
  5
27
102
{ACAD_REACTORS
330
22
102
}
330
22
100
AcDbXrecord
280
     1
270
     1
271
     1
  0
XRECORD
  5
26
102
{ACAD_REACTORS
330
22
102
}
330
22
100
AcDbXrecord
280
     1
270
     1
271
     1
  0
XRECORD
  5
28
102
{ACAD_REACTORS
330
22
102
}
330
22
100
AcDbXrecord
280
     1
270
     1
271
     1
  0
XRECORD
  5
25
102
{ACAD_REACTORS
330
22
102
}
330
22
100
AcDbXrecord
280
     1
270
     1
271
     1
  0
XRECORD
  5
16A
102
{ACAD_REACTORS
330
169
102
}
330
169
100
AcDbXrecord
280
     1
102
ACAD_ROUNDTRIP_2012_MLEADER_STYLE
298
     1
  0
XRECORD
  5
16C
102
{ACAD_REACTORS
330
16B
102
}
330
16B
100
AcDbXrecord
280
     1
102
DISPLAYNAME
  1
Imperial24
102
FLAGS
 90
        0
  0
CELLSTYLEMAP
  5
137
102
{ACAD_REACTORS
330
136
102
}
330
136
100
AcDbCellStyleMap
 90
        3
300
CELLSTYLE
  1
TABLEFORMAT_BEGIN
 90
        5
170
     1
 91
        0
 92
    32768
 62
   257
 93
        1
300
CONTENTFORMAT
  1
CONTENTFORMAT_BEGIN
 90
        0
 91
        0
 92
      512
 93
        0
300

 40
0.0
140
1.0
 94
        5
 62
     0
340
55
144
0.25
309
CONTENTFORMAT_END
171
     0
 94
        0
309
TABLEFORMAT_END
  1
CELLSTYLE_BEGIN
 90
        1
 91
        1
300
_TITLE
309
CELLSTYLE_END
300
CELLSTYLE
  1
TABLEFORMAT_BEGIN
 90
        5
170
     1
 91
        0
 92
        0
 62
   257
 93
        1
300
CONTENTFORMAT
  1
CONTENTFORMAT_BEGIN
 90
        0
 91
        0
 92
      512
 93
        0
300

 40
0.0
140
1.0
 94
        5
 62
     0
340
55
144
0.18
309
CONTENTFORMAT_END
171
     0
 94
        0
309
TABLEFORMAT_END
  1
CELLSTYLE_BEGIN
 90
        2
 91
        1
300
_HEADER
309
CELLSTYLE_END
300
CELLSTYLE
  1
TABLEFORMAT_BEGIN
 90
        5
170
     1
 91
        0
 92
        0
 62
   257
 93
        1
300
CONTENTFORMAT
  1
CONTENTFORMAT_BEGIN
 90
        0
 91
        0
 92
      512
 93
        0
300

 40
0.0
140
1.0
 94
        2
 62
     0
340
55
144
0.18
309
CONTENTFORMAT_END
171
     0
 94
        0
309
TABLEFORMAT_END
  1
CELLSTYLE_BEGIN
 90
        3
 91
        2
300
_DATA
309
CELLSTYLE_END
  0
XRECORD
  5
144
102
{ACAD_REACTORS
330
143
102
}
330
143
100
AcDbXrecord
280
     1
102
RTVSPost2010Prop28
280
     1
102
RTVSPost2010PropOp28
 70
     1
102
RTVSPost2010Prop29
280
     1
102
RTVSPost2010PropOp29
 70
     1
102
RTVSPost2010Prop30
280
     0
102
RTVSPost2010PropOp30
 70
     1
102
RTVSPost2010Prop31
280
     0
102
RTVSPost2010PropOp31
 70
     1
102
RTVSPost2010Prop32
280
     0
102
RTVSPost2010PropOp32
 70
     1
102
RTVSPost2010Prop33
280
     0
102
RTVSPost2010PropOp33
 70
     1
102
RTVSPost2010Prop34
280
     0
102
RTVSPost2010PropOp34
 70
     1
102
RTVSPost2010Prop35
280
     0
102
RTVSPost2010PropOp35
 70
     1
102
RTVSPost2010Prop36
280
     0
102
RTVSPost2010PropOp36
 70
     1
102
RTVSPost2010Prop37
 90
       50
102
RTVSPost2010PropOp37
 70
     1
102
RTVSPost2010Prop38
140
0.0
102
RTVSPost2010PropOp38
 70
     1
102
RTVSPost2010Prop39
140
1.0
102
RTVSPost2010PropOp39
 70
     1
102
RTVSPost2010Prop40
 90
        0
102
RTVSPost2010PropOp40
 70
     1
102
RTVSPost2010Prop41ColorIndex
 90
       18
102
RTVSPost2010Prop41ColorRGB
 90
        0
102
RTVSPost2010PropOp41
 70
     1
102
RTVSPost2010Prop42
 90
       50
102
RTVSPost2010PropOp42
 70
     1
102
RTVSPost2010Prop43
 90
        3
102
RTVSPost2010PropOp43
 70
     1
102
RTVSPost2010Prop44ColorIndex
 90
        5
102
RTVSPost2010Prop44ColorRGB
 90
      255
102
RTVSPost2010PropOp44
 70
     1
102
RTVSPost2010Prop45
280
     0
102
RTVSPost2010PropOp45
 70
     1
102
RTVSPost2010Prop46
 90
       50
102
RTVSPost2010PropOp46
 70
     1
102
RTVSPost2010Prop47
 90
       50
102
RTVSPost2010PropOp47
 70
     1
102
RTVSPost2010Prop48
 90
       50
102
RTVSPost2010PropOp48
 70
     1
102
RTVSPost2010Prop49
280
     0
102
RTVSPost2010PropOp49
 70
     1
102
RTVSPost2010Prop50
 90
       50
102
RTVSPost2010PropOp50
 70
     1
102
RTVSPost2010Prop51ColorIndex
 90
      256
102
RTVSPost2010Prop51ColorRGB
 90
-16777216
102
RTVSPost2010PropOp51
 70
     0
102
RTVSPost2010Prop52
140
1.0
102
RTVSPost2010PropOp52
 70
     0
102
RTVSPost2010Prop53
 90
        2
102
RTVSPost2010PropOp53
 70
     1
102
RTVSPost2010Prop54
  1
strokes_ogs.tif
102
RTVSPost2010PropOp54
 70
     1
102
RTVSPost2010Prop55
280
     0
102
RTVSPost2010PropOp55
 70
     1
102
RTVSPost2010Prop56
140
1.0
102
RTVSPost2010PropOp56
 70
     1
102
RTVSPost2010Prop57
140
1.0
102
RTVSPost2010PropOp57
 70
     1
  0
XRECORD
  5
142
102
{ACAD_REACTORS
330
141
102
}
330
141
100
AcDbXrecord
280
     1
102
RTVSPost2010Prop28
280
     0
102
RTVSPost2010PropOp28
 70
     1
102
RTVSPost2010Prop29
280
     1
102
RTVSPost2010PropOp29
 70
     1
102
RTVSPost2010Prop30
280
     1
102
RTVSPost2010PropOp30
 70
     1
102
RTVSPost2010Prop31
280
     0
102
RTVSPost2010PropOp31
 70
     1
102
RTVSPost2010Prop32
280
     0
102
RTVSPost2010PropOp32
 70
     1
102
RTVSPost2010Prop33
280
     0
102
RTVSPost2010PropOp33
 70
     1
102
RTVSPost2010Prop34
280
     0
102
RTVSPost2010PropOp34
 70
     1
102
RTVSPost2010Prop35
280
     0
102
RTVSPost2010PropOp35
 70
     1
102
RTVSPost2010Prop36
280
     0
102
RTVSPost2010PropOp36
 70
     1
102
RTVSPost2010Prop37
 90
       50
102
RTVSPost2010PropOp37
 70
     1
102
RTVSPost2010Prop38
140
0.0
102
RTVSPost2010PropOp38
 70
     1
102
RTVSPost2010Prop39
140
1.0
102
RTVSPost2010PropOp39
 70
     1
102
RTVSPost2010Prop40
 90
        0
102
RTVSPost2010PropOp40
 70
     1
102
RTVSPost2010Prop41ColorIndex
 90
       18
102
RTVSPost2010Prop41ColorRGB
 90
        0
102
RTVSPost2010PropOp41
 70
     1
102
RTVSPost2010Prop42
 90
       50
102
RTVSPost2010PropOp42
 70
     1
102
RTVSPost2010Prop43
 90
        3
102
RTVSPost2010PropOp43
 70
     1
102
RTVSPost2010Prop44ColorIndex
 90
        5
102
RTVSPost2010Prop44ColorRGB
 90
      255
102
RTVSPost2010PropOp44
 70
     1
102
RTVSPost2010Prop45
280
     0
102
RTVSPost2010PropOp45
 70
     1
102
RTVSPost2010Prop46
 90
       50
102
RTVSPost2010PropOp46
 70
     1
102
RTVSPost2010Prop47
 90
       50
102
RTVSPost2010PropOp47
 70
     1
102
RTVSPost2010Prop48
 90
       50
102
RTVSPost2010PropOp48
 70
     1
102
RTVSPost2010Prop49
280
     0
102
RTVSPost2010PropOp49
 70
     1
102
RTVSPost2010Prop50
 90
       50
102
RTVSPost2010PropOp50
 70
     1
102
RTVSPost2010Prop51ColorIndex
 90
      256
102
RTVSPost2010Prop51ColorRGB
 90
-16777216
102
RTVSPost2010PropOp51
 70
     0
102
RTVSPost2010Prop52
140
1.0
102
RTVSPost2010PropOp52
 70
     0
102
RTVSPost2010Prop53
 90
        2
102
RTVSPost2010PropOp53
 70
     1
102
RTVSPost2010Prop54
  1
strokes_ogs.tif
102
RTVSPost2010PropOp54
 70
     1
102
RTVSPost2010Prop55
280
     0
102
RTVSPost2010PropOp55
 70
     1
102
RTVSPost2010Prop56
140
1.0
102
RTVSPost2010PropOp56
 70
     1
102
RTVSPost2010Prop57
140
1.0
102
RTVSPost2010PropOp57
 70
     1
  0
XRECORD
  5
150
102
{ACAD_REACTORS
330
14F
102
}
330
14F
100
AcDbXrecord
280
     1
102
RTVSPost2010Prop28
280
     0
102
RTVSPost2010PropOp28
 70
     1
102
RTVSPost2010Prop29
280
     1
102
RTVSPost2010PropOp29
 70
     1
102
RTVSPost2010Prop30
280
     1
102
RTVSPost2010PropOp30
 70
     1
102
RTVSPost2010Prop31
280
     0
102
RTVSPost2010PropOp31
 70
     1
102
RTVSPost2010Prop32
280
     0
102
RTVSPost2010PropOp32
 70
     1
102
RTVSPost2010Prop33
280
     0
102
RTVSPost2010PropOp33
 70
     1
102
RTVSPost2010Prop34
280
     0
102
RTVSPost2010PropOp34
 70
     1
102
RTVSPost2010Prop35
280
     0
102
RTVSPost2010PropOp35
 70
     1
102
RTVSPost2010Prop36
280
     0
102
RTVSPost2010PropOp36
 70
     1
102
RTVSPost2010Prop37
 90
       50
102
RTVSPost2010PropOp37
 70
     1
102
RTVSPost2010Prop38
140
0.0
102
RTVSPost2010PropOp38
 70
     1
102
RTVSPost2010Prop39
140
1.0
102
RTVSPost2010PropOp39
 70
     1
102
RTVSPost2010Prop40
 90
        0
102
RTVSPost2010PropOp40
 70
     1
102
RTVSPost2010Prop41ColorIndex
 90
       18
102
RTVSPost2010Prop41ColorRGB
 90
        0
102
RTVSPost2010PropOp41
 70
     1
102
RTVSPost2010Prop42
 90
       50
102
RTVSPost2010PropOp42
 70
     1
102
RTVSPost2010Prop43
 90
        3
102
RTVSPost2010PropOp43
 70
     1
102
RTVSPost2010Prop44ColorIndex
 90
        5
102
RTVSPost2010Prop44ColorRGB
 90
      255
102
RTVSPost2010PropOp44
 70
     1
102
RTVSPost2010Prop45
280
     0
102
RTVSPost2010PropOp45
 70
     1
102
RTVSPost2010Prop46
 90
       50
102
RTVSPost2010PropOp46
 70
     1
102
RTVSPost2010Prop47
 90
       50
102
RTVSPost2010PropOp47
 70
     1
102
RTVSPost2010Prop48
 90
       50
102
RTVSPost2010PropOp48
 70
     1
102
RTVSPost2010Prop49
280
     0
102
RTVSPost2010PropOp49
 70
     1
102
RTVSPost2010Prop50
 90
       50
102
RTVSPost2010PropOp50
 70
     1
102
RTVSPost2010Prop51ColorIndex
 90
      256
102
RTVSPost2010Prop51ColorRGB
 90
-16777216
102
RTVSPost2010PropOp51
 70
     0
102
RTVSPost2010Prop52
140
1.0
102
RTVSPost2010PropOp52
 70
     0
102
RTVSPost2010Prop53
 90
        2
102
RTVSPost2010PropOp53
 70
     1
102
RTVSPost2010Prop54
  1
strokes_ogs.tif
102
RTVSPost2010PropOp54
 70
     1
102
RTVSPost2010Prop55
280
     0
102
RTVSPost2010PropOp55
 70
     1
102
RTVSPost2010Prop56
140
1.0
102
RTVSPost2010PropOp56
 70
     1
102
RTVSPost2010Prop57
140
1.0
102
RTVSPost2010PropOp57
 70
     1
  0
XRECORD
  5
158
102
{ACAD_REACTORS
330
157
102
}
330
157
100
AcDbXrecord
280
     1
102
RTVSPost2010Prop28
280
     0
102
RTVSPost2010PropOp28
 70
     1
102
RTVSPost2010Prop29
280
     1
102
RTVSPost2010PropOp29
 70
     1
102
RTVSPost2010Prop30
280
     1
102
RTVSPost2010PropOp30
 70
     1
102
RTVSPost2010Prop31
280
     0
102
RTVSPost2010PropOp31
 70
     1
102
RTVSPost2010Prop32
280
     0
102
RTVSPost2010PropOp32
 70
     1
102
RTVSPost2010Prop33
280
     0
102
RTVSPost2010PropOp33
 70
     1
102
RTVSPost2010Prop34
280
     0
102
RTVSPost2010PropOp34
 70
     1
102
RTVSPost2010Prop35
280
     0
102
RTVSPost2010PropOp35
 70
     1
102
RTVSPost2010Prop36
280
     0
102
RTVSPost2010PropOp36
 70
     1
102
RTVSPost2010Prop37
 90
       50
102
RTVSPost2010PropOp37
 70
     1
102
RTVSPost2010Prop38
140
0.0
102
RTVSPost2010PropOp38
 70
     1
102
RTVSPost2010Prop39
140
1.0
102
RTVSPost2010PropOp39
 70
     1
102
RTVSPost2010Prop40
 90
        0
102
RTVSPost2010PropOp40
 70
     1
102
RTVSPost2010Prop41ColorIndex
 90
       18
102
RTVSPost2010Prop41ColorRGB
 90
        0
102
RTVSPost2010PropOp41
 70
     1
102
RTVSPost2010Prop42
 90
       50
102
RTVSPost2010PropOp42
 70
     1
102
RTVSPost2010Prop43
 90
        3
102
RTVSPost2010PropOp43
 70
     1
102
RTVSPost2010Prop44ColorIndex
 90
        5
102
RTVSPost2010Prop44ColorRGB
 90
      255
102
RTVSPost2010PropOp44
 70
     1
102
RTVSPost2010Prop45
280
     0
102
RTVSPost2010PropOp45
 70
     1
102
RTVSPost2010Prop46
 90
       50
102
RTVSPost2010PropOp46
 70
     1
102
RTVSPost2010Prop47
 90
       50
102
RTVSPost2010PropOp47
 70
     1
102
RTVSPost2010Prop48
 90
       50
102
RTVSPost2010PropOp48
 70
     1
102
RTVSPost2010Prop49
280
     0
102
RTVSPost2010PropOp49
 70
     1
102
RTVSPost2010Prop50
 90
       50
102
RTVSPost2010PropOp50
 70
     1
102
RTVSPost2010Prop51ColorIndex
 90
      256
102
RTVSPost2010Prop51ColorRGB
 90
-16777216
102
RTVSPost2010PropOp51
 70
     0
102
RTVSPost2010Prop52
140
1.0
102
RTVSPost2010PropOp52
 70
     0
102
RTVSPost2010Prop53
 90
        2
102
RTVSPost2010PropOp53
 70
     1
102
RTVSPost2010Prop54
  1
strokes_ogs.tif
102
RTVSPost2010PropOp54
 70
     1
102
RTVSPost2010Prop55
280
     0
102
RTVSPost2010PropOp55
 70
     1
102
RTVSPost2010Prop56
140
1.0
102
RTVSPost2010PropOp56
 70
     1
102
RTVSPost2010Prop57
140
1.0
102
RTVSPost2010PropOp57
 70
     1
  0
XRECORD
  5
14A
102
{ACAD_REACTORS
330
149
102
}
330
149
100
AcDbXrecord
280
     1
102
RTVSPost2010Prop28
280
     0
102
RTVSPost2010PropOp28
 70
     1
102
RTVSPost2010Prop29
280
     1
102
RTVSPost2010PropOp29
 70
     1
102
RTVSPost2010Prop30
280
     1
102
RTVSPost2010PropOp30
 70
     1
102
RTVSPost2010Prop31
280
     0
102
RTVSPost2010PropOp31
 70
     1
102
RTVSPost2010Prop32
280
     0
102
RTVSPost2010PropOp32
 70
     1
102
RTVSPost2010Prop33
280
     0
102
RTVSPost2010PropOp33
 70
     1
102
RTVSPost2010Prop34
280
     0
102
RTVSPost2010PropOp34
 70
     1
102
RTVSPost2010Prop35
280
     0
102
RTVSPost2010PropOp35
 70
     1
102
RTVSPost2010Prop36
280
     0
102
RTVSPost2010PropOp36
 70
     1
102
RTVSPost2010Prop37
 90
       50
102
RTVSPost2010PropOp37
 70
     1
102
RTVSPost2010Prop38
140
0.0
102
RTVSPost2010PropOp38
 70
     1
102
RTVSPost2010Prop39
140
1.0
102
RTVSPost2010PropOp39
 70
     1
102
RTVSPost2010Prop40
 90
        0
102
RTVSPost2010PropOp40
 70
     1
102
RTVSPost2010Prop41ColorIndex
 90
       18
102
RTVSPost2010Prop41ColorRGB
 90
        0
102
RTVSPost2010PropOp41
 70
     1
102
RTVSPost2010Prop42
 90
       50
102
RTVSPost2010PropOp42
 70
     1
102
RTVSPost2010Prop43
 90
        3
102
RTVSPost2010PropOp43
 70
     1
102
RTVSPost2010Prop44ColorIndex
 90
        5
102
RTVSPost2010Prop44ColorRGB
 90
      255
102
RTVSPost2010PropOp44
 70
     1
102
RTVSPost2010Prop45
280
     0
102
RTVSPost2010PropOp45
 70
     1
102
RTVSPost2010Prop46
 90
       50
102
RTVSPost2010PropOp46
 70
     1
102
RTVSPost2010Prop47
 90
       50
102
RTVSPost2010PropOp47
 70
     1
102
RTVSPost2010Prop48
 90
       50
102
RTVSPost2010PropOp48
 70
     1
102
RTVSPost2010Prop49
280
     0
102
RTVSPost2010PropOp49
 70
     1
102
RTVSPost2010Prop50
 90
       50
102
RTVSPost2010PropOp50
 70
     1
102
RTVSPost2010Prop51ColorIndex
 90
      256
102
RTVSPost2010Prop51ColorRGB
 90
-16777216
102
RTVSPost2010PropOp51
 70
     0
102
RTVSPost2010Prop52
140
1.0
102
RTVSPost2010PropOp52
 70
     0
102
RTVSPost2010Prop53
 90
        2
102
RTVSPost2010PropOp53
 70
     1
102
RTVSPost2010Prop54
  1
strokes_ogs.tif
102
RTVSPost2010PropOp54
 70
     1
102
RTVSPost2010Prop55
280
     0
102
RTVSPost2010PropOp55
 70
     1
102
RTVSPost2010Prop56
140
1.0
102
RTVSPost2010PropOp56
 70
     1
102
RTVSPost2010Prop57
140
1.0
102
RTVSPost2010PropOp57
 70
     1
  0
XRECORD
  5
14E
102
{ACAD_REACTORS
330
14D
102
}
330
14D
100
AcDbXrecord
280
     1
102
RTVSPost2010Prop28
280
     0
102
RTVSPost2010PropOp28
 70
     1
102
RTVSPost2010Prop29
280
     1
102
RTVSPost2010PropOp29
 70
     1
102
RTVSPost2010Prop30
280
     1
102
RTVSPost2010PropOp30
 70
     1
102
RTVSPost2010Prop31
280
     0
102
RTVSPost2010PropOp31
 70
     1
102
RTVSPost2010Prop32
280
     0
102
RTVSPost2010PropOp32
 70
     1
102
RTVSPost2010Prop33
280
     0
102
RTVSPost2010PropOp33
 70
     1
102
RTVSPost2010Prop34
280
     0
102
RTVSPost2010PropOp34
 70
     1
102
RTVSPost2010Prop35
280
     0
102
RTVSPost2010PropOp35
 70
     1
102
RTVSPost2010Prop36
280
     0
102
RTVSPost2010PropOp36
 70
     1
102
RTVSPost2010Prop37
 90
       50
102
RTVSPost2010PropOp37
 70
     1
102
RTVSPost2010Prop38
140
0.0
102
RTVSPost2010PropOp38
 70
     1
102
RTVSPost2010Prop39
140
1.0
102
RTVSPost2010PropOp39
 70
     1
102
RTVSPost2010Prop40
 90
        0
102
RTVSPost2010PropOp40
 70
     1
102
RTVSPost2010Prop41ColorIndex
 90
       18
102
RTVSPost2010Prop41ColorRGB
 90
        0
102
RTVSPost2010PropOp41
 70
     1
102
RTVSPost2010Prop42
 90
       50
102
RTVSPost2010PropOp42
 70
     1
102
RTVSPost2010Prop43
 90
        3
102
RTVSPost2010PropOp43
 70
     1
102
RTVSPost2010Prop44ColorIndex
 90
        5
102
RTVSPost2010Prop44ColorRGB
 90
      255
102
RTVSPost2010PropOp44
 70
     1
102
RTVSPost2010Prop45
280
     0
102
RTVSPost2010PropOp45
 70
     1
102
RTVSPost2010Prop46
 90
       50
102
RTVSPost2010PropOp46
 70
     1
102
RTVSPost2010Prop47
 90
       50
102
RTVSPost2010PropOp47
 70
     1
102
RTVSPost2010Prop48
 90
       50
102
RTVSPost2010PropOp48
 70
     1
102
RTVSPost2010Prop49
280
     0
102
RTVSPost2010PropOp49
 70
     1
102
RTVSPost2010Prop50
 90
       50
102
RTVSPost2010PropOp50
 70
     1
102
RTVSPost2010Prop51ColorIndex
 90
      256
102
RTVSPost2010Prop51ColorRGB
 90
-16777216
102
RTVSPost2010PropOp51
 70
     0
102
RTVSPost2010Prop52
140
1.0
102
RTVSPost2010PropOp52
 70
     0
102
RTVSPost2010Prop53
 90
        2
102
RTVSPost2010PropOp53
 70
     1
102
RTVSPost2010Prop54
  1
strokes_ogs.tif
102
RTVSPost2010PropOp54
 70
     1
102
RTVSPost2010Prop55
280
     0
102
RTVSPost2010PropOp55
 70
     1
102
RTVSPost2010Prop56
140
1.0
102
RTVSPost2010PropOp56
 70
     1
102
RTVSPost2010Prop57
140
1.0
102
RTVSPost2010PropOp57
 70
     1
  0
XRECORD
  5
168
102
{ACAD_REACTORS
330
167
102
}
330
167
100
AcDbXrecord
280
     1
102
RTVSPost2010Prop28
280
     0
102
RTVSPost2010PropOp28
 70
     0
102
RTVSPost2010Prop29
280
     1
102
RTVSPost2010PropOp29
 70
     0
102
RTVSPost2010Prop30
280
     1
102
RTVSPost2010PropOp30
 70
     0
102
RTVSPost2010Prop31
280
     0
102
RTVSPost2010PropOp31
 70
     0
102
RTVSPost2010Prop32
280
     0
102
RTVSPost2010PropOp32
 70
     0
102
RTVSPost2010Prop33
280
     0
102
RTVSPost2010PropOp33
 70
     0
102
RTVSPost2010Prop34
280
     0
102
RTVSPost2010PropOp34
 70
     0
102
RTVSPost2010Prop35
280
     0
102
RTVSPost2010PropOp35
 70
     0
102
RTVSPost2010Prop36
280
     0
102
RTVSPost2010PropOp36
 70
     0
102
RTVSPost2010Prop37
 90
       50
102
RTVSPost2010PropOp37
 70
     0
102
RTVSPost2010Prop38
140
0.0
102
RTVSPost2010PropOp38
 70
     0
102
RTVSPost2010Prop39
140
1.0
102
RTVSPost2010PropOp39
 70
     0
102
RTVSPost2010Prop40
 90
        0
102
RTVSPost2010PropOp40
 70
     0
102
RTVSPost2010Prop41ColorIndex
 90
       18
102
RTVSPost2010Prop41ColorRGB
 90
        0
102
RTVSPost2010PropOp41
 70
     0
102
RTVSPost2010Prop42
 90
       50
102
RTVSPost2010PropOp42
 70
     0
102
RTVSPost2010Prop43
 90
        3
102
RTVSPost2010PropOp43
 70
     0
102
RTVSPost2010Prop44ColorIndex
 90
        5
102
RTVSPost2010Prop44ColorRGB
 90
      255
102
RTVSPost2010PropOp44
 70
     0
102
RTVSPost2010Prop45
280
     0
102
RTVSPost2010PropOp45
 70
     0
102
RTVSPost2010Prop46
 90
       50
102
RTVSPost2010PropOp46
 70
     0
102
RTVSPost2010Prop47
 90
       50
102
RTVSPost2010PropOp47
 70
     0
102
RTVSPost2010Prop48
 90
       50
102
RTVSPost2010PropOp48
 70
     0
102
RTVSPost2010Prop49
280
     0
102
RTVSPost2010PropOp49
 70
     0
102
RTVSPost2010Prop50
 90
       50
102
RTVSPost2010PropOp50
 70
     0
102
RTVSPost2010Prop51ColorIndex
 90
      256
102
RTVSPost2010Prop51ColorRGB
 90
-16777216
102
RTVSPost2010PropOp51
 70
     0
102
RTVSPost2010Prop52
140
1.0
102
RTVSPost2010PropOp52
 70
     0
102
RTVSPost2010Prop53
 90
        2
102
RTVSPost2010PropOp53
 70
     0
102
RTVSPost2010Prop54
  1
strokes_ogs.tif
102
RTVSPost2010PropOp54
 70
     0
102
RTVSPost2010Prop55
280
     0
102
RTVSPost2010PropOp55
 70
     0
102
RTVSPost2010Prop56
140
1.0
102
RTVSPost2010PropOp56
 70
     0
102
RTVSPost2010Prop57
140
1.0
102
RTVSPost2010PropOp57
 70
     0
  0
XRECORD
  5
156
102
{ACAD_REACTORS
330
155
102
}
330
155
100
AcDbXrecord
280
     1
102
RTVSPost2010Prop28
280
     0
102
RTVSPost2010PropOp28
 70
     1
102
RTVSPost2010Prop29
280
     1
102
RTVSPost2010PropOp29
 70
     1
102
RTVSPost2010Prop30
280
     1
102
RTVSPost2010PropOp30
 70
     1
102
RTVSPost2010Prop31
280
     0
102
RTVSPost2010PropOp31
 70
     1
102
RTVSPost2010Prop32
280
     0
102
RTVSPost2010PropOp32
 70
     1
102
RTVSPost2010Prop33
280
     0
102
RTVSPost2010PropOp33
 70
     1
102
RTVSPost2010Prop34
280
     0
102
RTVSPost2010PropOp34
 70
     1
102
RTVSPost2010Prop35
280
     0
102
RTVSPost2010PropOp35
 70
     1
102
RTVSPost2010Prop36
280
     0
102
RTVSPost2010PropOp36
 70
     1
102
RTVSPost2010Prop37
 90
       50
102
RTVSPost2010PropOp37
 70
     1
102
RTVSPost2010Prop38
140
0.0
102
RTVSPost2010PropOp38
 70
     1
102
RTVSPost2010Prop39
140
1.0
102
RTVSPost2010PropOp39
 70
     1
102
RTVSPost2010Prop40
 90
        0
102
RTVSPost2010PropOp40
 70
     1
102
RTVSPost2010Prop41ColorIndex
 90
       18
102
RTVSPost2010Prop41ColorRGB
 90
        0
102
RTVSPost2010PropOp41
 70
     1
102
RTVSPost2010Prop42
 90
       50
102
RTVSPost2010PropOp42
 70
     1
102
RTVSPost2010Prop43
 90
        3
102
RTVSPost2010PropOp43
 70
     1
102
RTVSPost2010Prop44ColorIndex
 90
        5
102
RTVSPost2010Prop44ColorRGB
 90
      255
102
RTVSPost2010PropOp44
 70
     1
102
RTVSPost2010Prop45
280
     0
102
RTVSPost2010PropOp45
 70
     1
102
RTVSPost2010Prop46
 90
       50
102
RTVSPost2010PropOp46
 70
     1
102
RTVSPost2010Prop47
 90
       50
102
RTVSPost2010PropOp47
 70
     1
102
RTVSPost2010Prop48
 90
       50
102
RTVSPost2010PropOp48
 70
     1
102
RTVSPost2010Prop49
280
     0
102
RTVSPost2010PropOp49
 70
     1
102
RTVSPost2010Prop50
 90
       50
102
RTVSPost2010PropOp50
 70
     1
102
RTVSPost2010Prop51ColorIndex
 90
      256
102
RTVSPost2010Prop51ColorRGB
 90
-16777216
102
RTVSPost2010PropOp51
 70
     0
102
RTVSPost2010Prop52
140
1.0
102
RTVSPost2010PropOp52
 70
     0
102
RTVSPost2010Prop53
 90
        2
102
RTVSPost2010PropOp53
 70
     1
102
RTVSPost2010Prop54
  1
strokes_ogs.tif
102
RTVSPost2010PropOp54
 70
     1
102
RTVSPost2010Prop55
280
     0
102
RTVSPost2010PropOp55
 70
     1
102
RTVSPost2010Prop56
140
1.0
102
RTVSPost2010PropOp56
 70
     1
102
RTVSPost2010Prop57
140
1.0
102
RTVSPost2010PropOp57
 70
     1
  0
XRECORD
  5
13A
102
{ACAD_REACTORS
330
139
102
}
330
139
100
AcDbXrecord
280
     1
102
RTVSPost2010Prop28
280
     0
102
RTVSPost2010PropOp28
 70
     1
102
RTVSPost2010Prop29
280
     1
102
RTVSPost2010PropOp29
 70
     1
102
RTVSPost2010Prop30
280
     1
102
RTVSPost2010PropOp30
 70
     1
102
RTVSPost2010Prop31
280
     0
102
RTVSPost2010PropOp31
 70
     1
102
RTVSPost2010Prop32
280
     0
102
RTVSPost2010PropOp32
 70
     1
102
RTVSPost2010Prop33
280
     0
102
RTVSPost2010PropOp33
 70
     1
102
RTVSPost2010Prop34
280
     0
102
RTVSPost2010PropOp34
 70
     1
102
RTVSPost2010Prop35
280
     0
102
RTVSPost2010PropOp35
 70
     1
102
RTVSPost2010Prop36
280
     0
102
RTVSPost2010PropOp36
 70
     1
102
RTVSPost2010Prop37
 90
       50
102
RTVSPost2010PropOp37
 70
     1
102
RTVSPost2010Prop38
140
0.0
102
RTVSPost2010PropOp38
 70
     1
102
RTVSPost2010Prop39
140
1.0
102
RTVSPost2010PropOp39
 70
     1
102
RTVSPost2010Prop40
 90
        0
102
RTVSPost2010PropOp40
 70
     1
102
RTVSPost2010Prop41ColorIndex
 90
       18
102
RTVSPost2010Prop41ColorRGB
 90
        0
102
RTVSPost2010PropOp41
 70
     1
102
RTVSPost2010Prop42
 90
       50
102
RTVSPost2010PropOp42
 70
     1
102
RTVSPost2010Prop43
 90
        3
102
RTVSPost2010PropOp43
 70
     1
102
RTVSPost2010Prop44ColorIndex
 90
        5
102
RTVSPost2010Prop44ColorRGB
 90
      255
102
RTVSPost2010PropOp44
 70
     1
102
RTVSPost2010Prop45
280
     0
102
RTVSPost2010PropOp45
 70
     1
102
RTVSPost2010Prop46
 90
       50
102
RTVSPost2010PropOp46
 70
     1
102
RTVSPost2010Prop47
 90
       50
102
RTVSPost2010PropOp47
 70
     1
102
RTVSPost2010Prop48
 90
       50
102
RTVSPost2010PropOp48
 70
     1
102
RTVSPost2010Prop49
280
     0
102
RTVSPost2010PropOp49
 70
     1
102
RTVSPost2010Prop50
 90
       50
102
RTVSPost2010PropOp50
 70
     1
102
RTVSPost2010Prop51ColorIndex
 90
      256
102
RTVSPost2010Prop51ColorRGB
 90
-16777216
102
RTVSPost2010PropOp51
 70
     0
102
RTVSPost2010Prop52
140
1.0
102
RTVSPost2010PropOp52
 70
     0
102
RTVSPost2010Prop53
 90
        2
102
RTVSPost2010PropOp53
 70
     1
102
RTVSPost2010Prop54
  1
strokes_ogs.tif
102
RTVSPost2010PropOp54
 70
     1
102
RTVSPost2010Prop55
280
     0
102
RTVSPost2010PropOp55
 70
     1
102
RTVSPost2010Prop56
140
1.0
102
RTVSPost2010PropOp56
 70
     1
102
RTVSPost2010Prop57
140
1.0
102
RTVSPost2010PropOp57
 70
     1
  0
XRECORD
  5
13C
102
{ACAD_REACTORS
330
13B
102
}
330
13B
100
AcDbXrecord
280
     1
102
RTVSPost2010Prop28
280
     0
102
RTVSPost2010PropOp28
 70
     1
102
RTVSPost2010Prop29
280
     1
102
RTVSPost2010PropOp29
 70
     1
102
RTVSPost2010Prop30
280
     1
102
RTVSPost2010PropOp30
 70
     1
102
RTVSPost2010Prop31
280
     0
102
RTVSPost2010PropOp31
 70
     1
102
RTVSPost2010Prop32
280
     0
102
RTVSPost2010PropOp32
 70
     1
102
RTVSPost2010Prop33
280
     0
102
RTVSPost2010PropOp33
 70
     1
102
RTVSPost2010Prop34
280
     0
102
RTVSPost2010PropOp34
 70
     1
102
RTVSPost2010Prop35
280
     0
102
RTVSPost2010PropOp35
 70
     1
102
RTVSPost2010Prop36
280
     0
102
RTVSPost2010PropOp36
 70
     1
102
RTVSPost2010Prop37
 90
       50
102
RTVSPost2010PropOp37
 70
     1
102
RTVSPost2010Prop38
140
0.0
102
RTVSPost2010PropOp38
 70
     1
102
RTVSPost2010Prop39
140
1.0
102
RTVSPost2010PropOp39
 70
     1
102
RTVSPost2010Prop40
 90
        0
102
RTVSPost2010PropOp40
 70
     1
102
RTVSPost2010Prop41ColorIndex
 90
       18
102
RTVSPost2010Prop41ColorRGB
 90
        0
102
RTVSPost2010PropOp41
 70
     1
102
RTVSPost2010Prop42
 90
       50
102
RTVSPost2010PropOp42
 70
     1
102
RTVSPost2010Prop43
 90
        3
102
RTVSPost2010PropOp43
 70
     1
102
RTVSPost2010Prop44ColorIndex
 90
        5
102
RTVSPost2010Prop44ColorRGB
 90
      255
102
RTVSPost2010PropOp44
 70
     1
102
RTVSPost2010Prop45
280
     0
102
RTVSPost2010PropOp45
 70
     1
102
RTVSPost2010Prop46
 90
       50
102
RTVSPost2010PropOp46
 70
     1
102
RTVSPost2010Prop47
 90
       50
102
RTVSPost2010PropOp47
 70
     1
102
RTVSPost2010Prop48
 90
       50
102
RTVSPost2010PropOp48
 70
     1
102
RTVSPost2010Prop49
280
     0
102
RTVSPost2010PropOp49
 70
     1
102
RTVSPost2010Prop50
 90
       50
102
RTVSPost2010PropOp50
 70
     1
102
RTVSPost2010Prop51ColorIndex
 90
      256
102
RTVSPost2010Prop51ColorRGB
 90
-16777216
102
RTVSPost2010PropOp51
 70
     0
102
RTVSPost2010Prop52
140
1.0
102
RTVSPost2010PropOp52
 70
     0
102
RTVSPost2010Prop53
 90
        2
102
RTVSPost2010PropOp53
 70
     1
102
RTVSPost2010Prop54
  1
strokes_ogs.tif
102
RTVSPost2010PropOp54
 70
     1
102
RTVSPost2010Prop55
280
     0
102
RTVSPost2010PropOp55
 70
     1
102
RTVSPost2010Prop56
140
1.0
102
RTVSPost2010PropOp56
 70
     1
102
RTVSPost2010Prop57
140
1.0
102
RTVSPost2010PropOp57
 70
     1
  0
XRECORD
  5
13E
102
{ACAD_REACTORS
330
13D
102
}
330
13D
100
AcDbXrecord
280
     1
102
RTVSPost2010Prop28
280
     0
102
RTVSPost2010PropOp28
 70
     1
102
RTVSPost2010Prop29
280
     1
102
RTVSPost2010PropOp29
 70
     1
102
RTVSPost2010Prop30
280
     1
102
RTVSPost2010PropOp30
 70
     1
102
RTVSPost2010Prop31
280
     0
102
RTVSPost2010PropOp31
 70
     1
102
RTVSPost2010Prop32
280
     0
102
RTVSPost2010PropOp32
 70
     1
102
RTVSPost2010Prop33
280
     0
102
RTVSPost2010PropOp33
 70
     1
102
RTVSPost2010Prop34
280
     0
102
RTVSPost2010PropOp34
 70
     1
102
RTVSPost2010Prop35
280
     0
102
RTVSPost2010PropOp35
 70
     1
102
RTVSPost2010Prop36
280
     0
102
RTVSPost2010PropOp36
 70
     1
102
RTVSPost2010Prop37
 90
       50
102
RTVSPost2010PropOp37
 70
     1
102
RTVSPost2010Prop38
140
0.0
102
RTVSPost2010PropOp38
 70
     1
102
RTVSPost2010Prop39
140
1.0
102
RTVSPost2010PropOp39
 70
     1
102
RTVSPost2010Prop40
 90
        0
102
RTVSPost2010PropOp40
 70
     1
102
RTVSPost2010Prop41ColorIndex
 90
       18
102
RTVSPost2010Prop41ColorRGB
 90
        0
102
RTVSPost2010PropOp41
 70
     1
102
RTVSPost2010Prop42
 90
       50
102
RTVSPost2010PropOp42
 70
     1
102
RTVSPost2010Prop43
 90
        3
102
RTVSPost2010PropOp43
 70
     1
102
RTVSPost2010Prop44ColorIndex
 90
        5
102
RTVSPost2010Prop44ColorRGB
 90
      255
102
RTVSPost2010PropOp44
 70
     1
102
RTVSPost2010Prop45
280
     0
102
RTVSPost2010PropOp45
 70
     1
102
RTVSPost2010Prop46
 90
       50
102
RTVSPost2010PropOp46
 70
     1
102
RTVSPost2010Prop47
 90
       50
102
RTVSPost2010PropOp47
 70
     1
102
RTVSPost2010Prop48
 90
       50
102
RTVSPost2010PropOp48
 70
     1
102
RTVSPost2010Prop49
280
     0
102
RTVSPost2010PropOp49
 70
     1
102
RTVSPost2010Prop50
 90
       50
102
RTVSPost2010PropOp50
 70
     1
102
RTVSPost2010Prop51ColorIndex
 90
      256
102
RTVSPost2010Prop51ColorRGB
 90
-16777216
102
RTVSPost2010PropOp51
 70
     0
102
RTVSPost2010Prop52
140
1.0
102
RTVSPost2010PropOp52
 70
     0
102
RTVSPost2010Prop53
 90
        2
102
RTVSPost2010PropOp53
 70
     1
102
RTVSPost2010Prop54
  1
strokes_ogs.tif
102
RTVSPost2010PropOp54
 70
     1
102
RTVSPost2010Prop55
280
     0
102
RTVSPost2010PropOp55
 70
     1
102
RTVSPost2010Prop56
140
1.0
102
RTVSPost2010PropOp56
 70
     1
102
RTVSPost2010Prop57
140
1.0
102
RTVSPost2010PropOp57
 70
     1
  0
XRECORD
  5
140
102
{ACAD_REACTORS
330
13F
102
}
330
13F
100
AcDbXrecord
280
     1
102
RTVSPost2010Prop28
280
     0
102
RTVSPost2010PropOp28
 70
     1
102
RTVSPost2010Prop29
280
     1
102
RTVSPost2010PropOp29
 70
     1
102
RTVSPost2010Prop30
280
     1
102
RTVSPost2010PropOp30
 70
     1
102
RTVSPost2010Prop31
280
     0
102
RTVSPost2010PropOp31
 70
     1
102
RTVSPost2010Prop32
280
     0
102
RTVSPost2010PropOp32
 70
     1
102
RTVSPost2010Prop33
280
     0
102
RTVSPost2010PropOp33
 70
     1
102
RTVSPost2010Prop34
280
     0
102
RTVSPost2010PropOp34
 70
     1
102
RTVSPost2010Prop35
280
     0
102
RTVSPost2010PropOp35
 70
     1
102
RTVSPost2010Prop36
280
     0
102
RTVSPost2010PropOp36
 70
     1
102
RTVSPost2010Prop37
 90
       50
102
RTVSPost2010PropOp37
 70
     1
102
RTVSPost2010Prop38
140
0.0
102
RTVSPost2010PropOp38
 70
     1
102
RTVSPost2010Prop39
140
1.0
102
RTVSPost2010PropOp39
 70
     1
102
RTVSPost2010Prop40
 90
        0
102
RTVSPost2010PropOp40
 70
     1
102
RTVSPost2010Prop41ColorIndex
 90
       18
102
RTVSPost2010Prop41ColorRGB
 90
        0
102
RTVSPost2010PropOp41
 70
     1
102
RTVSPost2010Prop42
 90
       50
102
RTVSPost2010PropOp42
 70
     1
102
RTVSPost2010Prop43
 90
        3
102
RTVSPost2010PropOp43
 70
     1
102
RTVSPost2010Prop44ColorIndex
 90
        5
102
RTVSPost2010Prop44ColorRGB
 90
      255
102
RTVSPost2010PropOp44
 70
     1
102
RTVSPost2010Prop45
280
     0
102
RTVSPost2010PropOp45
 70
     1
102
RTVSPost2010Prop46
 90
       50
102
RTVSPost2010PropOp46
 70
     1
102
RTVSPost2010Prop47
 90
       50
102
RTVSPost2010PropOp47
 70
     1
102
RTVSPost2010Prop48
 90
       50
102
RTVSPost2010PropOp48
 70
     1
102
RTVSPost2010Prop49
280
     0
102
RTVSPost2010PropOp49
 70
     1
102
RTVSPost2010Prop50
 90
       50
102
RTVSPost2010PropOp50
 70
     1
102
RTVSPost2010Prop51ColorIndex
 90
      256
102
RTVSPost2010Prop51ColorRGB
 90
-16777216
102
RTVSPost2010PropOp51
 70
     0
102
RTVSPost2010Prop52
140
1.0
102
RTVSPost2010PropOp52
 70
     0
102
RTVSPost2010Prop53
 90
        2
102
RTVSPost2010PropOp53
 70
     1
102
RTVSPost2010Prop54
  1
strokes_ogs.tif
102
RTVSPost2010PropOp54
 70
     1
102
RTVSPost2010Prop55
280
     0
102
RTVSPost2010PropOp55
 70
     1
102
RTVSPost2010Prop56
140
1.0
102
RTVSPost2010PropOp56
 70
     1
102
RTVSPost2010Prop57
140
1.0
102
RTVSPost2010PropOp57
 70
     1
  0
XRECORD
  5
148
102
{ACAD_REACTORS
330
147
102
}
330
147
100
AcDbXrecord
280
     1
102
RTVSPost2010Prop28
280
     0
102
RTVSPost2010PropOp28
 70
     1
102
RTVSPost2010Prop29
280
     1
102
RTVSPost2010PropOp29
 70
     1
102
RTVSPost2010Prop30
280
     1
102
RTVSPost2010PropOp30
 70
     1
102
RTVSPost2010Prop31
280
     0
102
RTVSPost2010PropOp31
 70
     1
102
RTVSPost2010Prop32
280
     0
102
RTVSPost2010PropOp32
 70
     1
102
RTVSPost2010Prop33
280
     0
102
RTVSPost2010PropOp33
 70
     1
102
RTVSPost2010Prop34
280
     0
102
RTVSPost2010PropOp34
 70
     1
102
RTVSPost2010Prop35
280
     0
102
RTVSPost2010PropOp35
 70
     1
102
RTVSPost2010Prop36
280
     0
102
RTVSPost2010PropOp36
 70
     1
102
RTVSPost2010Prop37
 90
       50
102
RTVSPost2010PropOp37
 70
     1
102
RTVSPost2010Prop38
140
0.0
102
RTVSPost2010PropOp38
 70
     1
102
RTVSPost2010Prop39
140
1.0
102
RTVSPost2010PropOp39
 70
     1
102
RTVSPost2010Prop40
 90
        0
102
RTVSPost2010PropOp40
 70
     1
102
RTVSPost2010Prop41ColorIndex
 90
       18
102
RTVSPost2010Prop41ColorRGB
 90
        0
102
RTVSPost2010PropOp41
 70
     1
102
RTVSPost2010Prop42
 90
       50
102
RTVSPost2010PropOp42
 70
     1
102
RTVSPost2010Prop43
 90
        3
102
RTVSPost2010PropOp43
 70
     1
102
RTVSPost2010Prop44ColorIndex
 90
        5
102
RTVSPost2010Prop44ColorRGB
 90
      255
102
RTVSPost2010PropOp44
 70
     1
102
RTVSPost2010Prop45
280
     0
102
RTVSPost2010PropOp45
 70
     1
102
RTVSPost2010Prop46
 90
       50
102
RTVSPost2010PropOp46
 70
     1
102
RTVSPost2010Prop47
 90
       50
102
RTVSPost2010PropOp47
 70
     1
102
RTVSPost2010Prop48
 90
       50
102
RTVSPost2010PropOp48
 70
     1
102
RTVSPost2010Prop49
280
     0
102
RTVSPost2010PropOp49
 70
     1
102
RTVSPost2010Prop50
 90
       50
102
RTVSPost2010PropOp50
 70
     1
102
RTVSPost2010Prop51ColorIndex
 90
      256
102
RTVSPost2010Prop51ColorRGB
 90
-16777216
102
RTVSPost2010PropOp51
 70
     0
102
RTVSPost2010Prop52
140
1.0
102
RTVSPost2010PropOp52
 70
     0
102
RTVSPost2010Prop53
 90
        2
102
RTVSPost2010PropOp53
 70
     1
102
RTVSPost2010Prop54
  1
strokes_ogs.tif
102
RTVSPost2010PropOp54
 70
     1
102
RTVSPost2010Prop55
280
     0
102
RTVSPost2010PropOp55
 70
     1
102
RTVSPost2010Prop56
140
1.0
102
RTVSPost2010PropOp56
 70
     1
102
RTVSPost2010Prop57
140
1.0
102
RTVSPost2010PropOp57
 70
     1
  0
XRECORD
  5
164
102
{ACAD_REACTORS
330
163
102
}
330
163
100
AcDbXrecord
280
     1
102
RTVSPost2010Prop28
280
     0
102
RTVSPost2010PropOp28
 70
     0
102
RTVSPost2010Prop29
280
     1
102
RTVSPost2010PropOp29
 70
     0
102
RTVSPost2010Prop30
280
     1
102
RTVSPost2010PropOp30
 70
     0
102
RTVSPost2010Prop31
280
     0
102
RTVSPost2010PropOp31
 70
     0
102
RTVSPost2010Prop32
280
     0
102
RTVSPost2010PropOp32
 70
     0
102
RTVSPost2010Prop33
280
     0
102
RTVSPost2010PropOp33
 70
     0
102
RTVSPost2010Prop34
280
     0
102
RTVSPost2010PropOp34
 70
     0
102
RTVSPost2010Prop35
280
     0
102
RTVSPost2010PropOp35
 70
     0
102
RTVSPost2010Prop36
280
     0
102
RTVSPost2010PropOp36
 70
     0
102
RTVSPost2010Prop37
 90
       50
102
RTVSPost2010PropOp37
 70
     0
102
RTVSPost2010Prop38
140
0.0
102
RTVSPost2010PropOp38
 70
     0
102
RTVSPost2010Prop39
140
1.0
102
RTVSPost2010PropOp39
 70
     0
102
RTVSPost2010Prop40
 90
        0
102
RTVSPost2010PropOp40
 70
     0
102
RTVSPost2010Prop41ColorIndex
 90
       18
102
RTVSPost2010Prop41ColorRGB
 90
        0
102
RTVSPost2010PropOp41
 70
     0
102
RTVSPost2010Prop42
 90
       50
102
RTVSPost2010PropOp42
 70
     0
102
RTVSPost2010Prop43
 90
        3
102
RTVSPost2010PropOp43
 70
     0
102
RTVSPost2010Prop44ColorIndex
 90
        5
102
RTVSPost2010Prop44ColorRGB
 90
      255
102
RTVSPost2010PropOp44
 70
     0
102
RTVSPost2010Prop45
280
     0
102
RTVSPost2010PropOp45
 70
     0
102
RTVSPost2010Prop46
 90
       50
102
RTVSPost2010PropOp46
 70
     0
102
RTVSPost2010Prop47
 90
       50
102
RTVSPost2010PropOp47
 70
     0
102
RTVSPost2010Prop48
 90
       50
102
RTVSPost2010PropOp48
 70
     0
102
RTVSPost2010Prop49
280
     0
102
RTVSPost2010PropOp49
 70
     0
102
RTVSPost2010Prop50
 90
       50
102
RTVSPost2010PropOp50
 70
     0
102
RTVSPost2010Prop51ColorIndex
 90
      256
102
RTVSPost2010Prop51ColorRGB
 90
-16777216
102
RTVSPost2010PropOp51
 70
     0
102
RTVSPost2010Prop52
140
1.0
102
RTVSPost2010PropOp52
 70
     0
102
RTVSPost2010Prop53
 90
        2
102
RTVSPost2010PropOp53
 70
     0
102
RTVSPost2010Prop54
  1
strokes_ogs.tif
102
RTVSPost2010PropOp54
 70
     0
102
RTVSPost2010Prop55
280
     0
102
RTVSPost2010PropOp55
 70
     0
102
RTVSPost2010Prop56
140
1.0
102
RTVSPost2010PropOp56
 70
     0
102
RTVSPost2010Prop57
140
1.0
102
RTVSPost2010PropOp57
 70
     0
  0
XRECORD
  5
154
102
{ACAD_REACTORS
330
153
102
}
330
153
100
AcDbXrecord
280
     1
102
RTVSPost2010Prop28
280
     0
102
RTVSPost2010PropOp28
 70
     1
102
RTVSPost2010Prop29
280
     1
102
RTVSPost2010PropOp29
 70
     1
102
RTVSPost2010Prop30
280
     1
102
RTVSPost2010PropOp30
 70
     1
102
RTVSPost2010Prop31
280
     0
102
RTVSPost2010PropOp31
 70
     1
102
RTVSPost2010Prop32
280
     0
102
RTVSPost2010PropOp32
 70
     1
102
RTVSPost2010Prop33
280
     0
102
RTVSPost2010PropOp33
 70
     1
102
RTVSPost2010Prop34
280
     0
102
RTVSPost2010PropOp34
 70
     1
102
RTVSPost2010Prop35
280
     0
102
RTVSPost2010PropOp35
 70
     1
102
RTVSPost2010Prop36
280
     0
102
RTVSPost2010PropOp36
 70
     1
102
RTVSPost2010Prop37
 90
       50
102
RTVSPost2010PropOp37
 70
     1
102
RTVSPost2010Prop38
140
0.0
102
RTVSPost2010PropOp38
 70
     1
102
RTVSPost2010Prop39
140
1.0
102
RTVSPost2010PropOp39
 70
     1
102
RTVSPost2010Prop40
 90
        0
102
RTVSPost2010PropOp40
 70
     1
102
RTVSPost2010Prop41ColorIndex
 90
       18
102
RTVSPost2010Prop41ColorRGB
 90
        0
102
RTVSPost2010PropOp41
 70
     1
102
RTVSPost2010Prop42
 90
       50
102
RTVSPost2010PropOp42
 70
     1
102
RTVSPost2010Prop43
 90
        3
102
RTVSPost2010PropOp43
 70
     1
102
RTVSPost2010Prop44ColorIndex
 90
        5
102
RTVSPost2010Prop44ColorRGB
 90
      255
102
RTVSPost2010PropOp44
 70
     1
102
RTVSPost2010Prop45
280
     0
102
RTVSPost2010PropOp45
 70
     1
102
RTVSPost2010Prop46
 90
       50
102
RTVSPost2010PropOp46
 70
     1
102
RTVSPost2010Prop47
 90
       50
102
RTVSPost2010PropOp47
 70
     1
102
RTVSPost2010Prop48
 90
       50
102
RTVSPost2010PropOp48
 70
     1
102
RTVSPost2010Prop49
280
     0
102
RTVSPost2010PropOp49
 70
     1
102
RTVSPost2010Prop50
 90
       50
102
RTVSPost2010PropOp50
 70
     1
102
RTVSPost2010Prop51ColorIndex
 90
      256
102
RTVSPost2010Prop51ColorRGB
 90
-16777216
102
RTVSPost2010PropOp51
 70
     0
102
RTVSPost2010Prop52
140
1.0
102
RTVSPost2010PropOp52
 70
     0
102
RTVSPost2010Prop53
 90
        2
102
RTVSPost2010PropOp53
 70
     1
102
RTVSPost2010Prop54
  1
strokes_ogs.tif
102
RTVSPost2010PropOp54
 70
     1
102
RTVSPost2010Prop55
280
     0
102
RTVSPost2010PropOp55
 70
     1
102
RTVSPost2010Prop56
140
1.0
102
RTVSPost2010PropOp56
 70
     1
102
RTVSPost2010Prop57
140
1.0
102
RTVSPost2010PropOp57
 70
     1
  0
XRECORD
  5
166
102
{ACAD_REACTORS
330
165
102
}
330
165
100
AcDbXrecord
280
     1
102
RTVSPost2010Prop28
280
     0
102
RTVSPost2010PropOp28
 70
     0
102
RTVSPost2010Prop29
280
     1
102
RTVSPost2010PropOp29
 70
     0
102
RTVSPost2010Prop30
280
     1
102
RTVSPost2010PropOp30
 70
     0
102
RTVSPost2010Prop31
280
     0
102
RTVSPost2010PropOp31
 70
     0
102
RTVSPost2010Prop32
280
     0
102
RTVSPost2010PropOp32
 70
     0
102
RTVSPost2010Prop33
280
     0
102
RTVSPost2010PropOp33
 70
     0
102
RTVSPost2010Prop34
280
     0
102
RTVSPost2010PropOp34
 70
     0
102
RTVSPost2010Prop35
280
     0
102
RTVSPost2010PropOp35
 70
     0
102
RTVSPost2010Prop36
280
     0
102
RTVSPost2010PropOp36
 70
     0
102
RTVSPost2010Prop37
 90
       50
102
RTVSPost2010PropOp37
 70
     0
102
RTVSPost2010Prop38
140
0.0
102
RTVSPost2010PropOp38
 70
     0
102
RTVSPost2010Prop39
140
1.0
102
RTVSPost2010PropOp39
 70
     0
102
RTVSPost2010Prop40
 90
        0
102
RTVSPost2010PropOp40
 70
     0
102
RTVSPost2010Prop41ColorIndex
 90
       18
102
RTVSPost2010Prop41ColorRGB
 90
        0
102
RTVSPost2010PropOp41
 70
     0
102
RTVSPost2010Prop42
 90
       50
102
RTVSPost2010PropOp42
 70
     0
102
RTVSPost2010Prop43
 90
        3
102
RTVSPost2010PropOp43
 70
     0
102
RTVSPost2010Prop44ColorIndex
 90
        5
102
RTVSPost2010Prop44ColorRGB
 90
      255
102
RTVSPost2010PropOp44
 70
     0
102
RTVSPost2010Prop45
280
     0
102
RTVSPost2010PropOp45
 70
     0
102
RTVSPost2010Prop46
 90
       50
102
RTVSPost2010PropOp46
 70
     0
102
RTVSPost2010Prop47
 90
       50
102
RTVSPost2010PropOp47
 70
     0
102
RTVSPost2010Prop48
 90
       50
102
RTVSPost2010PropOp48
 70
     0
102
RTVSPost2010Prop49
280
     0
102
RTVSPost2010PropOp49
 70
     0
102
RTVSPost2010Prop50
 90
       50
102
RTVSPost2010PropOp50
 70
     0
102
RTVSPost2010Prop51ColorIndex
 90
      256
102
RTVSPost2010Prop51ColorRGB
 90
-16777216
102
RTVSPost2010PropOp51
 70
     0
102
RTVSPost2010Prop52
140
1.0
102
RTVSPost2010PropOp52
 70
     0
102
RTVSPost2010Prop53
 90
        2
102
RTVSPost2010PropOp53
 70
     0
102
RTVSPost2010Prop54
  1
strokes_ogs.tif
102
RTVSPost2010PropOp54
 70
     0
102
RTVSPost2010Prop55
280
     0
102
RTVSPost2010PropOp55
 70
     0
102
RTVSPost2010Prop56
140
1.0
102
RTVSPost2010PropOp56
 70
     0
102
RTVSPost2010Prop57
140
1.0
102
RTVSPost2010PropOp57
 70
     0
  0
XRECORD
  5
14C
102
{ACAD_REACTORS
330
14B
102
}
330
14B
100
AcDbXrecord
280
     1
102
RTVSPost2010Prop28
280
     0
102
RTVSPost2010PropOp28
 70
     1
102
RTVSPost2010Prop29
280
     1
102
RTVSPost2010PropOp29
 70
     1
102
RTVSPost2010Prop30
280
     1
102
RTVSPost2010PropOp30
 70
     1
102
RTVSPost2010Prop31
280
     0
102
RTVSPost2010PropOp31
 70
     1
102
RTVSPost2010Prop32
280
     0
102
RTVSPost2010PropOp32
 70
     1
102
RTVSPost2010Prop33
280
     0
102
RTVSPost2010PropOp33
 70
     1
102
RTVSPost2010Prop34
280
     0
102
RTVSPost2010PropOp34
 70
     1
102
RTVSPost2010Prop35
280
     0
102
RTVSPost2010PropOp35
 70
     1
102
RTVSPost2010Prop36
280
     0
102
RTVSPost2010PropOp36
 70
     1
102
RTVSPost2010Prop37
 90
       50
102
RTVSPost2010PropOp37
 70
     1
102
RTVSPost2010Prop38
140
0.0
102
RTVSPost2010PropOp38
 70
     1
102
RTVSPost2010Prop39
140
1.0
102
RTVSPost2010PropOp39
 70
     1
102
RTVSPost2010Prop40
 90
        0
102
RTVSPost2010PropOp40
 70
     1
102
RTVSPost2010Prop41ColorIndex
 90
       18
102
RTVSPost2010Prop41ColorRGB
 90
        0
102
RTVSPost2010PropOp41
 70
     1
102
RTVSPost2010Prop42
 90
       50
102
RTVSPost2010PropOp42
 70
     1
102
RTVSPost2010Prop43
 90
        3
102
RTVSPost2010PropOp43
 70
     1
102
RTVSPost2010Prop44ColorIndex
 90
        5
102
RTVSPost2010Prop44ColorRGB
 90
      255
102
RTVSPost2010PropOp44
 70
     1
102
RTVSPost2010Prop45
280
     0
102
RTVSPost2010PropOp45
 70
     1
102
RTVSPost2010Prop46
 90
       50
102
RTVSPost2010PropOp46
 70
     1
102
RTVSPost2010Prop47
 90
       50
102
RTVSPost2010PropOp47
 70
     1
102
RTVSPost2010Prop48
 90
       50
102
RTVSPost2010PropOp48
 70
     1
102
RTVSPost2010Prop49
280
     0
102
RTVSPost2010PropOp49
 70
     1
102
RTVSPost2010Prop50
 90
       50
102
RTVSPost2010PropOp50
 70
     1
102
RTVSPost2010Prop51ColorIndex
 90
      256
102
RTVSPost2010Prop51ColorRGB
 90
-16777216
102
RTVSPost2010PropOp51
 70
     0
102
RTVSPost2010Prop52
140
1.0
102
RTVSPost2010PropOp52
 70
     0
102
RTVSPost2010Prop53
 90
        2
102
RTVSPost2010PropOp53
 70
     1
102
RTVSPost2010Prop54
  1
strokes_ogs.tif
102
RTVSPost2010PropOp54
 70
     1
102
RTVSPost2010Prop55
280
     0
102
RTVSPost2010PropOp55
 70
     1
102
RTVSPost2010Prop56
140
1.0
102
RTVSPost2010PropOp56
 70
     1
102
RTVSPost2010Prop57
140
1.0
102
RTVSPost2010PropOp57
 70
     1
  0
XRECORD
  5
162
102
{ACAD_REACTORS
330
161
102
}
330
161
100
AcDbXrecord
280
     1
102
RTVSPost2010Prop28
280
     0
102
RTVSPost2010PropOp28
 70
     1
102
RTVSPost2010Prop29
280
     1
102
RTVSPost2010PropOp29
 70
     1
102
RTVSPost2010Prop30
280
     1
102
RTVSPost2010PropOp30
 70
     1
102
RTVSPost2010Prop31
280
     0
102
RTVSPost2010PropOp31
 70
     1
102
RTVSPost2010Prop32
280
     0
102
RTVSPost2010PropOp32
 70
     1
102
RTVSPost2010Prop33
280
     0
102
RTVSPost2010PropOp33
 70
     1
102
RTVSPost2010Prop34
280
     0
102
RTVSPost2010PropOp34
 70
     1
102
RTVSPost2010Prop35
280
     0
102
RTVSPost2010PropOp35
 70
     1
102
RTVSPost2010Prop36
280
     0
102
RTVSPost2010PropOp36
 70
     1
102
RTVSPost2010Prop37
 90
       50
102
RTVSPost2010PropOp37
 70
     1
102
RTVSPost2010Prop38
140
0.0
102
RTVSPost2010PropOp38
 70
     1
102
RTVSPost2010Prop39
140
1.0
102
RTVSPost2010PropOp39
 70
     1
102
RTVSPost2010Prop40
 90
        0
102
RTVSPost2010PropOp40
 70
     1
102
RTVSPost2010Prop41ColorIndex
 90
       18
102
RTVSPost2010Prop41ColorRGB
 90
        0
102
RTVSPost2010PropOp41
 70
     1
102
RTVSPost2010Prop42
 90
       50
102
RTVSPost2010PropOp42
 70
     1
102
RTVSPost2010Prop43
 90
        3
102
RTVSPost2010PropOp43
 70
     1
102
RTVSPost2010Prop44ColorIndex
 90
        5
102
RTVSPost2010Prop44ColorRGB
 90
      255
102
RTVSPost2010PropOp44
 70
     1
102
RTVSPost2010Prop45
280
     0
102
RTVSPost2010PropOp45
 70
     1
102
RTVSPost2010Prop46
 90
       50
102
RTVSPost2010PropOp46
 70
     1
102
RTVSPost2010Prop47
 90
       50
102
RTVSPost2010PropOp47
 70
     1
102
RTVSPost2010Prop48
 90
       50
102
RTVSPost2010PropOp48
 70
     1
102
RTVSPost2010Prop49
280
     0
102
RTVSPost2010PropOp49
 70
     1
102
RTVSPost2010Prop50
 90
       50
102
RTVSPost2010PropOp50
 70
     1
102
RTVSPost2010Prop51ColorIndex
 90
      256
102
RTVSPost2010Prop51ColorRGB
 90
-16777216
102
RTVSPost2010PropOp51
 70
     0
102
RTVSPost2010Prop52
140
1.0
102
RTVSPost2010PropOp52
 70
     0
102
RTVSPost2010Prop53
 90
        2
102
RTVSPost2010PropOp53
 70
     1
102
RTVSPost2010Prop54
  1
strokes_ogs.tif
102
RTVSPost2010PropOp54
 70
     1
102
RTVSPost2010Prop55
280
     0
102
RTVSPost2010PropOp55
 70
     1
102
RTVSPost2010Prop56
140
1.0
102
RTVSPost2010PropOp56
 70
     1
102
RTVSPost2010Prop57
140
1.0
102
RTVSPost2010PropOp57
 70
     1
  0
XRECORD
  5
160
102
{ACAD_REACTORS
330
15F
102
}
330
15F
100
AcDbXrecord
280
     1
102
RTVSPost2010Prop28
280
     0
102
RTVSPost2010PropOp28
 70
     1
102
RTVSPost2010Prop29
280
     1
102
RTVSPost2010PropOp29
 70
     1
102
RTVSPost2010Prop30
280
     1
102
RTVSPost2010PropOp30
 70
     1
102
RTVSPost2010Prop31
280
     0
102
RTVSPost2010PropOp31
 70
     1
102
RTVSPost2010Prop32
280
     0
102
RTVSPost2010PropOp32
 70
     1
102
RTVSPost2010Prop33
280
     0
102
RTVSPost2010PropOp33
 70
     1
102
RTVSPost2010Prop34
280
     0
102
RTVSPost2010PropOp34
 70
     1
102
RTVSPost2010Prop35
280
     0
102
RTVSPost2010PropOp35
 70
     1
102
RTVSPost2010Prop36
280
     0
102
RTVSPost2010PropOp36
 70
     1
102
RTVSPost2010Prop37
 90
       50
102
RTVSPost2010PropOp37
 70
     1
102
RTVSPost2010Prop38
140
0.0
102
RTVSPost2010PropOp38
 70
     1
102
RTVSPost2010Prop39
140
1.0
102
RTVSPost2010PropOp39
 70
     1
102
RTVSPost2010Prop40
 90
        0
102
RTVSPost2010PropOp40
 70
     1
102
RTVSPost2010Prop41ColorIndex
 90
       18
102
RTVSPost2010Prop41ColorRGB
 90
        0
102
RTVSPost2010PropOp41
 70
     1
102
RTVSPost2010Prop42
 90
       50
102
RTVSPost2010PropOp42
 70
     1
102
RTVSPost2010Prop43
 90
        3
102
RTVSPost2010PropOp43
 70
     1
102
RTVSPost2010Prop44ColorIndex
 90
        5
102
RTVSPost2010Prop44ColorRGB
 90
      255
102
RTVSPost2010PropOp44
 70
     1
102
RTVSPost2010Prop45
280
     0
102
RTVSPost2010PropOp45
 70
     1
102
RTVSPost2010Prop46
 90
       50
102
RTVSPost2010PropOp46
 70
     1
102
RTVSPost2010Prop47
 90
       50
102
RTVSPost2010PropOp47
 70
     1
102
RTVSPost2010Prop48
 90
       50
102
RTVSPost2010PropOp48
 70
     1
102
RTVSPost2010Prop49
280
     0
102
RTVSPost2010PropOp49
 70
     1
102
RTVSPost2010Prop50
 90
       50
102
RTVSPost2010PropOp50
 70
     1
102
RTVSPost2010Prop51ColorIndex
 90
      256
102
RTVSPost2010Prop51ColorRGB
 90
-16777216
102
RTVSPost2010PropOp51
 70
     0
102
RTVSPost2010Prop52
140
1.0
102
RTVSPost2010PropOp52
 70
     0
102
RTVSPost2010Prop53
 90
        2
102
RTVSPost2010PropOp53
 70
     1
102
RTVSPost2010Prop54
  1
strokes_ogs.tif
102
RTVSPost2010PropOp54
 70
     1
102
RTVSPost2010Prop55
280
     0
102
RTVSPost2010PropOp55
 70
     1
102
RTVSPost2010Prop56
140
1.0
102
RTVSPost2010PropOp56
 70
     1
102
RTVSPost2010Prop57
140
1.0
102
RTVSPost2010PropOp57
 70
     1
  0
XRECORD
  5
15A
102
{ACAD_REACTORS
330
159
102
}
330
159
100
AcDbXrecord
280
     1
102
RTVSPost2010Prop28
280
     0
102
RTVSPost2010PropOp28
 70
     1
102
RTVSPost2010Prop29
280
     1
102
RTVSPost2010PropOp29
 70
     1
102
RTVSPost2010Prop30
280
     1
102
RTVSPost2010PropOp30
 70
     1
102
RTVSPost2010Prop31
280
     0
102
RTVSPost2010PropOp31
 70
     1
102
RTVSPost2010Prop32
280
     0
102
RTVSPost2010PropOp32
 70
     1
102
RTVSPost2010Prop33
280
     0
102
RTVSPost2010PropOp33
 70
     1
102
RTVSPost2010Prop34
280
     0
102
RTVSPost2010PropOp34
 70
     1
102
RTVSPost2010Prop35
280
     0
102
RTVSPost2010PropOp35
 70
     1
102
RTVSPost2010Prop36
280
     0
102
RTVSPost2010PropOp36
 70
     1
102
RTVSPost2010Prop37
 90
       50
102
RTVSPost2010PropOp37
 70
     1
102
RTVSPost2010Prop38
140
0.0
102
RTVSPost2010PropOp38
 70
     1
102
RTVSPost2010Prop39
140
1.0
102
RTVSPost2010PropOp39
 70
     1
102
RTVSPost2010Prop40
 90
        0
102
RTVSPost2010PropOp40
 70
     1
102
RTVSPost2010Prop41ColorIndex
 90
       18
102
RTVSPost2010Prop41ColorRGB
 90
        0
102
RTVSPost2010PropOp41
 70
     1
102
RTVSPost2010Prop42
 90
       50
102
RTVSPost2010PropOp42
 70
     1
102
RTVSPost2010Prop43
 90
        3
102
RTVSPost2010PropOp43
 70
     1
102
RTVSPost2010Prop44ColorIndex
 90
        5
102
RTVSPost2010Prop44ColorRGB
 90
      255
102
RTVSPost2010PropOp44
 70
     1
102
RTVSPost2010Prop45
280
     0
102
RTVSPost2010PropOp45
 70
     1
102
RTVSPost2010Prop46
 90
       50
102
RTVSPost2010PropOp46
 70
     1
102
RTVSPost2010Prop47
 90
       50
102
RTVSPost2010PropOp47
 70
     1
102
RTVSPost2010Prop48
 90
       50
102
RTVSPost2010PropOp48
 70
     1
102
RTVSPost2010Prop49
280
     0
102
RTVSPost2010PropOp49
 70
     1
102
RTVSPost2010Prop50
 90
       50
102
RTVSPost2010PropOp50
 70
     1
102
RTVSPost2010Prop51ColorIndex
 90
      256
102
RTVSPost2010Prop51ColorRGB
 90
-16777216
102
RTVSPost2010PropOp51
 70
     0
102
RTVSPost2010Prop52
140
1.0
102
RTVSPost2010PropOp52
 70
     0
102
RTVSPost2010Prop53
 90
        2
102
RTVSPost2010PropOp53
 70
     1
102
RTVSPost2010Prop54
  1
strokes_ogs.tif
102
RTVSPost2010PropOp54
 70
     1
102
RTVSPost2010Prop55
280
     0
102
RTVSPost2010PropOp55
 70
     1
102
RTVSPost2010Prop56
140
1.0
102
RTVSPost2010PropOp56
 70
     1
102
RTVSPost2010Prop57
140
1.0
102
RTVSPost2010PropOp57
 70
     1
  0
XRECORD
  5
15C
102
{ACAD_REACTORS
330
15B
102
}
330
15B
100
AcDbXrecord
280
     1
102
RTVSPost2010Prop28
280
     0
102
RTVSPost2010PropOp28
 70
     1
102
RTVSPost2010Prop29
280
     1
102
RTVSPost2010PropOp29
 70
     1
102
RTVSPost2010Prop30
280
     1
102
RTVSPost2010PropOp30
 70
     1
102
RTVSPost2010Prop31
280
     0
102
RTVSPost2010PropOp31
 70
     1
102
RTVSPost2010Prop32
280
     0
102
RTVSPost2010PropOp32
 70
     1
102
RTVSPost2010Prop33
280
     0
102
RTVSPost2010PropOp33
 70
     1
102
RTVSPost2010Prop34
280
     0
102
RTVSPost2010PropOp34
 70
     1
102
RTVSPost2010Prop35
280
     0
102
RTVSPost2010PropOp35
 70
     1
102
RTVSPost2010Prop36
280
     0
102
RTVSPost2010PropOp36
 70
     1
102
RTVSPost2010Prop37
 90
       50
102
RTVSPost2010PropOp37
 70
     1
102
RTVSPost2010Prop38
140
0.0
102
RTVSPost2010PropOp38
 70
     1
102
RTVSPost2010Prop39
140
1.0
102
RTVSPost2010PropOp39
 70
     1
102
RTVSPost2010Prop40
 90
        0
102
RTVSPost2010PropOp40
 70
     1
102
RTVSPost2010Prop41ColorIndex
 90
       18
102
RTVSPost2010Prop41ColorRGB
 90
        0
102
RTVSPost2010PropOp41
 70
     1
102
RTVSPost2010Prop42
 90
       50
102
RTVSPost2010PropOp42
 70
     1
102
RTVSPost2010Prop43
 90
        3
102
RTVSPost2010PropOp43
 70
     1
102
RTVSPost2010Prop44ColorIndex
 90
        5
102
RTVSPost2010Prop44ColorRGB
 90
      255
102
RTVSPost2010PropOp44
 70
     1
102
RTVSPost2010Prop45
280
     0
102
RTVSPost2010PropOp45
 70
     1
102
RTVSPost2010Prop46
 90
       50
102
RTVSPost2010PropOp46
 70
     1
102
RTVSPost2010Prop47
 90
       50
102
RTVSPost2010PropOp47
 70
     1
102
RTVSPost2010Prop48
 90
       50
102
RTVSPost2010PropOp48
 70
     1
102
RTVSPost2010Prop49
280
     0
102
RTVSPost2010PropOp49
 70
     1
102
RTVSPost2010Prop50
 90
       50
102
RTVSPost2010PropOp50
 70
     1
102
RTVSPost2010Prop51ColorIndex
 90
      256
102
RTVSPost2010Prop51ColorRGB
 90
-16777216
102
RTVSPost2010PropOp51
 70
     0
102
RTVSPost2010Prop52
140
1.0
102
RTVSPost2010PropOp52
 70
     0
102
RTVSPost2010Prop53
 90
        2
102
RTVSPost2010PropOp53
 70
     1
102
RTVSPost2010Prop54
  1
strokes_ogs.tif
102
RTVSPost2010PropOp54
 70
     1
102
RTVSPost2010Prop55
280
     0
102
RTVSPost2010PropOp55
 70
     1
102
RTVSPost2010Prop56
140
1.0
102
RTVSPost2010PropOp56
 70
     1
102
RTVSPost2010Prop57
140
1.0
102
RTVSPost2010PropOp57
 70
     1
  0
XRECORD
  5
152
102
{ACAD_REACTORS
330
151
102
}
330
151
100
AcDbXrecord
280
     1
102
RTVSPost2010Prop28
280
     0
102
RTVSPost2010PropOp28
 70
     1
102
RTVSPost2010Prop29
280
     1
102
RTVSPost2010PropOp29
 70
     1
102
RTVSPost2010Prop30
280
     1
102
RTVSPost2010PropOp30
 70
     1
102
RTVSPost2010Prop31
280
     0
102
RTVSPost2010PropOp31
 70
     1
102
RTVSPost2010Prop32
280
     0
102
RTVSPost2010PropOp32
 70
     1
102
RTVSPost2010Prop33
280
     0
102
RTVSPost2010PropOp33
 70
     1
102
RTVSPost2010Prop34
280
     0
102
RTVSPost2010PropOp34
 70
     1
102
RTVSPost2010Prop35
280
     0
102
RTVSPost2010PropOp35
 70
     1
102
RTVSPost2010Prop36
280
     0
102
RTVSPost2010PropOp36
 70
     1
102
RTVSPost2010Prop37
 90
       50
102
RTVSPost2010PropOp37
 70
     1
102
RTVSPost2010Prop38
140
0.0
102
RTVSPost2010PropOp38
 70
     1
102
RTVSPost2010Prop39
140
1.0
102
RTVSPost2010PropOp39
 70
     1
102
RTVSPost2010Prop40
 90
        0
102
RTVSPost2010PropOp40
 70
     1
102
RTVSPost2010Prop41ColorIndex
 90
       18
102
RTVSPost2010Prop41ColorRGB
 90
        0
102
RTVSPost2010PropOp41
 70
     1
102
RTVSPost2010Prop42
 90
       50
102
RTVSPost2010PropOp42
 70
     1
102
RTVSPost2010Prop43
 90
        3
102
RTVSPost2010PropOp43
 70
     1
102
RTVSPost2010Prop44ColorIndex
 90
        5
102
RTVSPost2010Prop44ColorRGB
 90
      255
102
RTVSPost2010PropOp44
 70
     1
102
RTVSPost2010Prop45
280
     0
102
RTVSPost2010PropOp45
 70
     1
102
RTVSPost2010Prop46
 90
       50
102
RTVSPost2010PropOp46
 70
     1
102
RTVSPost2010Prop47
 90
       50
102
RTVSPost2010PropOp47
 70
     1
102
RTVSPost2010Prop48
 90
       50
102
RTVSPost2010PropOp48
 70
     1
102
RTVSPost2010Prop49
280
     0
102
RTVSPost2010PropOp49
 70
     1
102
RTVSPost2010Prop50
 90
       50
102
RTVSPost2010PropOp50
 70
     1
102
RTVSPost2010Prop51ColorIndex
 90
      256
102
RTVSPost2010Prop51ColorRGB
 90
-16777216
102
RTVSPost2010PropOp51
 70
     0
102
RTVSPost2010Prop52
140
1.0
102
RTVSPost2010PropOp52
 70
     0
102
RTVSPost2010Prop53
 90
        2
102
RTVSPost2010PropOp53
 70
     1
102
RTVSPost2010Prop54
  1
strokes_ogs.tif
102
RTVSPost2010PropOp54
 70
     1
102
RTVSPost2010Prop55
280
     0
102
RTVSPost2010PropOp55
 70
     1
102
RTVSPost2010Prop56
140
1.0
102
RTVSPost2010PropOp56
 70
     1
102
RTVSPost2010Prop57
140
1.0
102
RTVSPost2010PropOp57
 70
     1
  0
XRECORD
  5
146
102
{ACAD_REACTORS
330
145
102
}
330
145
100
AcDbXrecord
280
     1
102
RTVSPost2010Prop28
280
     0
102
RTVSPost2010PropOp28
 70
     1
102
RTVSPost2010Prop29
280
     1
102
RTVSPost2010PropOp29
 70
     1
102
RTVSPost2010Prop30
280
     1
102
RTVSPost2010PropOp30
 70
     1
102
RTVSPost2010Prop31
280
     0
102
RTVSPost2010PropOp31
 70
     1
102
RTVSPost2010Prop32
280
     0
102
RTVSPost2010PropOp32
 70
     1
102
RTVSPost2010Prop33
280
     0
102
RTVSPost2010PropOp33
 70
     1
102
RTVSPost2010Prop34
280
     0
102
RTVSPost2010PropOp34
 70
     1
102
RTVSPost2010Prop35
280
     0
102
RTVSPost2010PropOp35
 70
     1
102
RTVSPost2010Prop36
280
     0
102
RTVSPost2010PropOp36
 70
     1
102
RTVSPost2010Prop37
 90
       50
102
RTVSPost2010PropOp37
 70
     1
102
RTVSPost2010Prop38
140
0.0
102
RTVSPost2010PropOp38
 70
     1
102
RTVSPost2010Prop39
140
1.0
102
RTVSPost2010PropOp39
 70
     1
102
RTVSPost2010Prop40
 90
        0
102
RTVSPost2010PropOp40
 70
     1
102
RTVSPost2010Prop41ColorIndex
 90
       18
102
RTVSPost2010Prop41ColorRGB
 90
        0
102
RTVSPost2010PropOp41
 70
     1
102
RTVSPost2010Prop42
 90
       50
102
RTVSPost2010PropOp42
 70
     1
102
RTVSPost2010Prop43
 90
        3
102
RTVSPost2010PropOp43
 70
     1
102
RTVSPost2010Prop44ColorIndex
 90
        5
102
RTVSPost2010Prop44ColorRGB
 90
      255
102
RTVSPost2010PropOp44
 70
     1
102
RTVSPost2010Prop45
280
     0
102
RTVSPost2010PropOp45
 70
     1
102
RTVSPost2010Prop46
 90
       50
102
RTVSPost2010PropOp46
 70
     1
102
RTVSPost2010Prop47
 90
       50
102
RTVSPost2010PropOp47
 70
     1
102
RTVSPost2010Prop48
 90
       50
102
RTVSPost2010PropOp48
 70
     1
102
RTVSPost2010Prop49
280
     0
102
RTVSPost2010PropOp49
 70
     1
102
RTVSPost2010Prop50
 90
       50
102
RTVSPost2010PropOp50
 70
     1
102
RTVSPost2010Prop51ColorIndex
 90
      256
102
RTVSPost2010Prop51ColorRGB
 90
-16777216
102
RTVSPost2010PropOp51
 70
     0
102
RTVSPost2010Prop52
140
1.0
102
RTVSPost2010PropOp52
 70
     0
102
RTVSPost2010Prop53
 90
        2
102
RTVSPost2010PropOp53
 70
     1
102
RTVSPost2010Prop54
  1
strokes_ogs.tif
102
RTVSPost2010PropOp54
 70
     1
102
RTVSPost2010Prop55
280
     0
102
RTVSPost2010PropOp55
 70
     1
102
RTVSPost2010Prop56
140
1.0
102
RTVSPost2010PropOp56
 70
     1
102
RTVSPost2010Prop57
140
1.0
102
RTVSPost2010PropOp57
 70
     1
  0
XRECORD
  5
15E
102
{ACAD_REACTORS
330
15D
102
}
330
15D
100
AcDbXrecord
280
     1
102
RTVSPost2010Prop28
280
     0
102
RTVSPost2010PropOp28
 70
     1
102
RTVSPost2010Prop29
280
     1
102
RTVSPost2010PropOp29
 70
     1
102
RTVSPost2010Prop30
280
     1
102
RTVSPost2010PropOp30
 70
     1
102
RTVSPost2010Prop31
280
     0
102
RTVSPost2010PropOp31
 70
     1
102
RTVSPost2010Prop32
280
     0
102
RTVSPost2010PropOp32
 70
     1
102
RTVSPost2010Prop33
280
     0
102
RTVSPost2010PropOp33
 70
     1
102
RTVSPost2010Prop34
280
     0
102
RTVSPost2010PropOp34
 70
     1
102
RTVSPost2010Prop35
280
     0
102
RTVSPost2010PropOp35
 70
     1
102
RTVSPost2010Prop36
280
     0
102
RTVSPost2010PropOp36
 70
     1
102
RTVSPost2010Prop37
 90
       50
102
RTVSPost2010PropOp37
 70
     1
102
RTVSPost2010Prop38
140
0.0
102
RTVSPost2010PropOp38
 70
     1
102
RTVSPost2010Prop39
140
1.0
102
RTVSPost2010PropOp39
 70
     1
102
RTVSPost2010Prop40
 90
        0
102
RTVSPost2010PropOp40
 70
     1
102
RTVSPost2010Prop41ColorIndex
 90
       18
102
RTVSPost2010Prop41ColorRGB
 90
        0
102
RTVSPost2010PropOp41
 70
     1
102
RTVSPost2010Prop42
 90
       50
102
RTVSPost2010PropOp42
 70
     1
102
RTVSPost2010Prop43
 90
        3
102
RTVSPost2010PropOp43
 70
     1
102
RTVSPost2010Prop44ColorIndex
 90
        5
102
RTVSPost2010Prop44ColorRGB
 90
      255
102
RTVSPost2010PropOp44
 70
     1
102
RTVSPost2010Prop45
280
     0
102
RTVSPost2010PropOp45
 70
     1
102
RTVSPost2010Prop46
 90
       50
102
RTVSPost2010PropOp46
 70
     1
102
RTVSPost2010Prop47
 90
       50
102
RTVSPost2010PropOp47
 70
     1
102
RTVSPost2010Prop48
 90
       50
102
RTVSPost2010PropOp48
 70
     1
102
RTVSPost2010Prop49
280
     0
102
RTVSPost2010PropOp49
 70
     1
102
RTVSPost2010Prop50
 90
       50
102
RTVSPost2010PropOp50
 70
     1
102
RTVSPost2010Prop51ColorIndex
 90
      256
102
RTVSPost2010Prop51ColorRGB
 90
-16777216
102
RTVSPost2010PropOp51
 70
     0
102
RTVSPost2010Prop52
140
1.0
102
RTVSPost2010PropOp52
 70
     0
102
RTVSPost2010Prop53
 90
        2
102
RTVSPost2010PropOp53
 70
     1
102
RTVSPost2010Prop54
  1
strokes_ogs.tif
102
RTVSPost2010PropOp54
 70
     1
102
RTVSPost2010Prop55
280
     0
102
RTVSPost2010PropOp55
 70
     1
102
RTVSPost2010Prop56
140
1.0
102
RTVSPost2010PropOp56
 70
     1
102
RTVSPost2010Prop57
140
1.0
102
RTVSPost2010PropOp57
 70
     1
  0
ENDSEC
  0
EOF
