  0
SECTION
  2
HEADER
  9
$ANGBASE
  50
0.0
  9
$ANGDIR
  70
1
  9
$MEASUREMENT
  70
0
  0
ENDSEC
  0
SECTION
  2
TABLES
  0
TABLE
  2
LTYPE
  70
4
  0
LTYPE
  5
40F
  2
CONTINUOUS
  70
0
  3
Solid line
  72
65
  73
0
  40
0.0
  0
LTYPE
  5
410
  2
DASHDOT
 70
0
  3
Dash Dot ____ _ ____ _
 72
65
 73
4
 40
2.0
 49
1.25
 49
-0.25
 49
0.25
 49
-0.25
  0
LTYPE
  5
411
  2
DASHED
 70
0
  3
Dashed __ __ __ __ __
 72
65
 73
2
 40
0.75
 49
0.5
 49
-0.25
  0
LTYPE
  5
43B
  2
DOTTED
 70
0
  3
Dotted .  .  .  .
 72
65
 73
2
 40
0.2
 49
0.0
 49
-0.2
  0
ENDTAB
  0
TABLE
  2
STYLE
  70
4
  0
STYLE
  2
KICAD
  70
0
  40
0
  41
1
  42
1
  50
0
  71
0
  3
isocp.shx
  0
STYLE
  2
KICADB
  70
0
  40
0
  41
1
  42
1
  50
0
  71
0
  3
isocp.shx
  0
STYLE
  2
KICADI
  70
0
  40
0
  41
1
  42
1
  50
15
  71
0
  3
isocp.shx
  0
STYLE
  2
KICADBI
  70
0
  40
0
  41
1
  42
1
  50
15
  71
0
  3
isocp.shx
  0
ENDTAB
  0
TABLE
  2
LAYER
  70
1
  0
LAYER
  2
BLACK
  70
0
  62
7
  6
CONTINUOUS
  0
ENDTAB
  0
ENDSEC
  0
SECTION
  2
ENTITIES
0
LINE
8
BLACK
6
CONTINUOUS
10
7.53868
20
-4.72057
11
7.53799
21
-4.7189
0
LINE
8
BLACK
6
CONTINUOUS
10
7.53799
20
-4.7189
11
7.53868
21
-4.71723
0
LINE
8
BLACK
6
CONTINUOUS
10
7.53868
20
-4.71723
11
7.54035
21
-4.71654
0
LINE
8
BLACK
6
CONTINUOUS
10
7.54035
20
-4.71654
11
7.63189
21
-4.71654
0
LINE
8
BLACK
6
CONTINUOUS
10
7.63189
20
-4.71654
11
7.63356
21
-4.71723
0
LINE
8
BLACK
6
CONTINUOUS
10
7.63356
20
-4.71723
11
7.63425
21
-4.7189
0
LINE
8
BLACK
6
CONTINUOUS
10
7.63425
20
-4.7189
11
7.63356
21
-4.72057
0
LINE
8
BLACK
6
CONTINUOUS
10
7.63356
20
-4.72057
11
7.63189
21
-4.72126
0
LINE
8
BLACK
6
CONTINUOUS
10
7.63189
20
-4.72126
11
7.54035
21
-4.72126
0
LINE
8
BLACK
6
CONTINUOUS
10
7.54035
20
-4.72126
11
7.53868
21
-4.72057
0
LINE
8
BLACK
6
CONTINUOUS
10
7.82235
20
-4.71939
11
7.82165
21
-4.71772
0
LINE
8
BLACK
6
CONTINUOUS
10
7.82165
20
-4.71772
11
7.82165
21
-4.61299
0
LINE
8
BLACK
6
CONTINUOUS
10
7.82165
20
-4.61299
11
7.82235
21
-4.61132
0
LINE
8
BLACK
6
CONTINUOUS
10
7.82235
20
-4.61132
11
7.82402
21
-4.61063
0
LINE
8
BLACK
6
CONTINUOUS
10
7.82402
20
-4.61063
11
8.02638
21
-4.61063
0
LINE
8
BLACK
6
CONTINUOUS
10
8.02638
20
-4.61063
11
8.02805
21
-4.61132
0
LINE
8
BLACK
6
CONTINUOUS
10
8.02805
20
-4.61132
11
8.02874
21
-4.61299
0
LINE
8
BLACK
6
CONTINUOUS
10
8.02874
20
-4.61299
11
8.02874
21
-4.71772
0
LINE
8
BLACK
6
CONTINUOUS
10
8.02874
20
-4.71772
11
8.02805
21
-4.71939
0
LINE
8
BLACK
6
CONTINUOUS
10
8.02805
20
-4.71939
11
8.02638
21
-4.72008
0
LINE
8
BLACK
6
CONTINUOUS
10
8.02638
20
-4.72008
11
7.82402
21
-4.72008
0
LINE
8
BLACK
6
CONTINUOUS
10
7.82402
20
-4.72008
11
7.82235
21
-4.71939
0
LINE
8
BLACK
6
CONTINUOUS
10
7.82638
20
-4.61535
11
7.82638
21
-4.71535
0
LINE
8
BLACK
6
CONTINUOUS
10
7.82638
20
-4.71535
11
8.02402
21
-4.71535
0
LINE
8
BLACK
6
CONTINUOUS
10
8.02402
20
-4.71535
11
8.02402
21
-4.61535
0
LINE
8
BLACK
6
CONTINUOUS
10
8.02402
20
-4.61535
11
7.82638
21
-4.61535
0
LINE
8
BLACK
6
CONTINUOUS
10
8.80738
20
-4.71939
11
8.80669
21
-4.71772
0
LINE
8
BLACK
6
CONTINUOUS
10
8.80669
20
-4.71772
11
8.80669
21
-4.61299
0
LINE
8
BLACK
6
CONTINUOUS
10
8.80669
20
-4.61299
11
8.80738
21
-4.61132
0
LINE
8
BLACK
6
CONTINUOUS
10
8.80738
20
-4.61132
11
8.80906
21
-4.61063
0
LINE
8
BLACK
6
CONTINUOUS
10
8.80906
20
-4.61063
11
8.91142
21
-4.61063
0
LINE
8
BLACK
6
CONTINUOUS
10
8.91142
20
-4.61063
11
8.91309
21
-4.61132
0
LINE
8
BLACK
6
CONTINUOUS
10
8.91309
20
-4.61132
11
8.91378
21
-4.61299
0
LINE
8
BLACK
6
CONTINUOUS
10
8.91378
20
-4.61299
11
8.91378
21
-4.71772
0
LINE
8
BLACK
6
CONTINUOUS
10
8.91378
20
-4.71772
11
8.91309
21
-4.71939
0
LINE
8
BLACK
6
CONTINUOUS
10
8.91309
20
-4.71939
11
8.91142
21
-4.72008
0
LINE
8
BLACK
6
CONTINUOUS
10
8.91142
20
-4.72008
11
8.80906
21
-4.72008
0
LINE
8
BLACK
6
CONTINUOUS
10
8.80906
20
-4.72008
11
8.80738
21
-4.71939
0
LINE
8
BLACK
6
CONTINUOUS
10
8.81142
20
-4.61535
11
8.81142
21
-4.71535
0
LINE
8
BLACK
6
CONTINUOUS
10
8.81142
20
-4.71535
11
8.90906
21
-4.71535
0
LINE
8
BLACK
6
CONTINUOUS
10
8.90906
20
-4.71535
11
8.90906
21
-4.61535
0
LINE
8
BLACK
6
CONTINUOUS
10
8.90906
20
-4.61535
11
8.81142
21
-4.61535
0
LINE
8
BLACK
6
CONTINUOUS
10
8.21605
20
-4.71939
11
8.21535
21
-4.71772
0
LINE
8
BLACK
6
CONTINUOUS
10
8.21535
20
-4.71772
11
8.21535
21
-4.61299
0
LINE
8
BLACK
6
CONTINUOUS
10
8.21535
20
-4.61299
11
8.21605
21
-4.61132
0
LINE
8
BLACK
6
CONTINUOUS
10
8.21605
20
-4.61132
11
8.21772
21
-4.61063
0
LINE
8
BLACK
6
CONTINUOUS
10
8.21772
20
-4.61063
11
8.42008
21
-4.61063
0
LINE
8
BLACK
6
CONTINUOUS
10
8.42008
20
-4.61063
11
8.42175
21
-4.61132
0
LINE
8
BLACK
6
CONTINUOUS
10
8.42175
20
-4.61132
11
8.42244
21
-4.61299
0
LINE
8
BLACK
6
CONTINUOUS
10
8.42244
20
-4.61299
11
8.42244
21
-4.71772
0
LINE
8
BLACK
6
CONTINUOUS
10
8.42244
20
-4.71772
11
8.42175
21
-4.71939
0
LINE
8
BLACK
6
CONTINUOUS
10
8.42175
20
-4.71939
11
8.42008
21
-4.72008
0
LINE
8
BLACK
6
CONTINUOUS
10
8.42008
20
-4.72008
11
8.21772
21
-4.72008
0
LINE
8
BLACK
6
CONTINUOUS
10
8.21772
20
-4.72008
11
8.21605
21
-4.71939
0
LINE
8
BLACK
6
CONTINUOUS
10
8.22008
20
-4.61535
11
8.22008
21
-4.71535
0
LINE
8
BLACK
6
CONTINUOUS
10
8.22008
20
-4.71535
11
8.41772
21
-4.71535
0
LINE
8
BLACK
6
CONTINUOUS
10
8.41772
20
-4.71535
11
8.41772
21
-4.61535
0
LINE
8
BLACK
6
CONTINUOUS
10
8.41772
20
-4.61535
11
8.22008
21
-4.61535
0
LINE
8
BLACK
6
CONTINUOUS
10
7.46486
20
-4.64552
11
7.46555
21
-4.64719
0
LINE
8
BLACK
6
CONTINUOUS
10
7.46555
20
-4.64719
11
7.46555
21
-4.66777
0
LINE
8
BLACK
6
CONTINUOUS
10
7.46555
20
-4.66777
11
7.46486
21
-4.66944
0
LINE
8
BLACK
6
CONTINUOUS
10
7.46486
20
-4.66944
11
7.46319
21
-4.67013
0
LINE
8
BLACK
6
CONTINUOUS
10
7.46319
20
-4.67013
11
7.46152
21
-4.66944
0
LINE
8
BLACK
6
CONTINUOUS
10
7.46152
20
-4.66944
11
7.46083
21
-4.66777
0
LINE
8
BLACK
6
CONTINUOUS
10
7.46083
20
-4.66777
11
7.46083
21
-4.64719
0
LINE
8
BLACK
6
CONTINUOUS
10
7.46083
20
-4.64719
11
7.46152
21
-4.64552
0
LINE
8
BLACK
6
CONTINUOUS
10
7.46152
20
-4.64552
11
7.46319
21
-4.64483
0
LINE
8
BLACK
6
CONTINUOUS
10
7.46319
20
-4.64483
11
7.46486
21
-4.64552
0
LINE
8
BLACK
6
CONTINUOUS
10
7.52273
20
-4.64552
11
7.52343
21
-4.64719
0
LINE
8
BLACK
6
CONTINUOUS
10
7.52343
20
-4.64719
11
7.52343
21
-4.66777
0
LINE
8
BLACK
6
CONTINUOUS
10
7.52343
20
-4.66777
11
7.52273
21
-4.66944
0
LINE
8
BLACK
6
CONTINUOUS
10
7.52273
20
-4.66944
11
7.52106
21
-4.67013
0
LINE
8
BLACK
6
CONTINUOUS
10
7.52106
20
-4.67013
11
7.51939
21
-4.66944
0
LINE
8
BLACK
6
CONTINUOUS
10
7.51939
20
-4.66944
11
7.5187
21
-4.66777
0
LINE
8
BLACK
6
CONTINUOUS
10
7.5187
20
-4.66777
11
7.5187
21
-4.64719
0
LINE
8
BLACK
6
CONTINUOUS
10
7.5187
20
-4.64719
11
7.51939
21
-4.64552
0
LINE
8
BLACK
6
CONTINUOUS
10
7.51939
20
-4.64552
11
7.52106
21
-4.64483
0
LINE
8
BLACK
6
CONTINUOUS
10
7.52106
20
-4.64483
11
7.52273
21
-4.64552
0
LINE
8
BLACK
6
CONTINUOUS
10
8.16939
20
-4.61132
11
8.17008
21
-4.61299
0
LINE
8
BLACK
6
CONTINUOUS
10
8.17008
20
-4.61299
11
8.16939
21
-4.61466
0
LINE
8
BLACK
6
CONTINUOUS
10
8.16939
20
-4.61466
11
8.16772
21
-4.61535
0
LINE
8
BLACK
6
CONTINUOUS
10
8.16772
20
-4.61535
11
8.11772
21
-4.61535
0
LINE
8
BLACK
6
CONTINUOUS
10
8.11772
20
-4.61535
11
8.11772
21
-4.66535
0
LINE
8
BLACK
6
CONTINUOUS
10
8.11772
20
-4.66535
11
8.11702
21
-4.66702
0
LINE
8
BLACK
6
CONTINUOUS
10
8.11702
20
-4.66702
11
8.11535
21
-4.66772
0
LINE
8
BLACK
6
CONTINUOUS
10
8.11535
20
-4.66772
11
8.11368
21
-4.66702
0
LINE
8
BLACK
6
CONTINUOUS
10
8.11368
20
-4.66702
11
8.11299
21
-4.66535
0
LINE
8
BLACK
6
CONTINUOUS
10
8.11299
20
-4.66535
11
8.11299
21
-4.61299
0
LINE
8
BLACK
6
CONTINUOUS
10
8.11299
20
-4.61299
11
8.11368
21
-4.61132
0
LINE
8
BLACK
6
CONTINUOUS
10
8.11368
20
-4.61132
11
8.11535
21
-4.61063
0
LINE
8
BLACK
6
CONTINUOUS
10
8.11535
20
-4.61063
11
8.16772
21
-4.61063
0
LINE
8
BLACK
6
CONTINUOUS
10
8.16772
20
-4.61063
11
8.16939
21
-4.61132
0
LINE
8
BLACK
6
CONTINUOUS
10
8.76073
20
-4.61132
11
8.76142
21
-4.61299
0
LINE
8
BLACK
6
CONTINUOUS
10
8.76142
20
-4.61299
11
8.76073
21
-4.61466
0
LINE
8
BLACK
6
CONTINUOUS
10
8.76073
20
-4.61466
11
8.75906
21
-4.61535
0
LINE
8
BLACK
6
CONTINUOUS
10
8.75906
20
-4.61535
11
8.70906
21
-4.61535
0
LINE
8
BLACK
6
CONTINUOUS
10
8.70906
20
-4.61535
11
8.70906
21
-4.66535
0
LINE
8
BLACK
6
CONTINUOUS
10
8.70906
20
-4.66535
11
8.70836
21
-4.66702
0
LINE
8
BLACK
6
CONTINUOUS
10
8.70836
20
-4.66702
11
8.70669
21
-4.66772
0
LINE
8
BLACK
6
CONTINUOUS
10
8.70669
20
-4.66772
11
8.70502
21
-4.66702
0
LINE
8
BLACK
6
CONTINUOUS
10
8.70502
20
-4.66702
11
8.70433
21
-4.66535
0
LINE
8
BLACK
6
CONTINUOUS
10
8.70433
20
-4.66535
11
8.70433
21
-4.61299
0
LINE
8
BLACK
6
CONTINUOUS
10
8.70433
20
-4.61299
11
8.70502
21
-4.61132
0
LINE
8
BLACK
6
CONTINUOUS
10
8.70502
20
-4.61132
11
8.70669
21
-4.61063
0
LINE
8
BLACK
6
CONTINUOUS
10
8.70669
20
-4.61063
11
8.75906
21
-4.61063
0
LINE
8
BLACK
6
CONTINUOUS
10
8.75906
20
-4.61063
11
8.76073
21
-4.61132
0
LINE
8
BLACK
6
CONTINUOUS
10
7.77569
20
-4.61132
11
7.77638
21
-4.61299
0
LINE
8
BLACK
6
CONTINUOUS
10
7.77638
20
-4.61299
11
7.77569
21
-4.61466
0
LINE
8
BLACK
6
CONTINUOUS
10
7.77569
20
-4.61466
11
7.77402
21
-4.61535
0
LINE
8
BLACK
6
CONTINUOUS
10
7.77402
20
-4.61535
11
7.72402
21
-4.61535
0
LINE
8
BLACK
6
CONTINUOUS
10
7.72402
20
-4.61535
11
7.72402
21
-4.66535
0
LINE
8
BLACK
6
CONTINUOUS
10
7.72402
20
-4.66535
11
7.72332
21
-4.66702
0
LINE
8
BLACK
6
CONTINUOUS
10
7.72332
20
-4.66702
11
7.72165
21
-4.66772
0
LINE
8
BLACK
6
CONTINUOUS
10
7.72165
20
-4.66772
11
7.71998
21
-4.66702
0
LINE
8
BLACK
6
CONTINUOUS
10
7.71998
20
-4.66702
11
7.71929
21
-4.66535
0
LINE
8
BLACK
6
CONTINUOUS
10
7.71929
20
-4.66535
11
7.71929
21
-4.61299
0
LINE
8
BLACK
6
CONTINUOUS
10
7.71929
20
-4.61299
11
7.71998
21
-4.61132
0
LINE
8
BLACK
6
CONTINUOUS
10
7.71998
20
-4.61132
11
7.72165
21
-4.61063
0
LINE
8
BLACK
6
CONTINUOUS
10
7.72165
20
-4.61063
11
7.77402
21
-4.61063
0
LINE
8
BLACK
6
CONTINUOUS
10
7.77402
20
-4.61063
11
7.77569
21
-4.61132
0
LINE
8
BLACK
6
CONTINUOUS
10
7.57904
20
-4.59773
11
7.57835
21
-4.59606
0
LINE
8
BLACK
6
CONTINUOUS
10
7.57835
20
-4.59606
11
7.57904
21
-4.59439
0
LINE
8
BLACK
6
CONTINUOUS
10
7.57904
20
-4.59439
11
7.58071
21
-4.5937
0
LINE
8
BLACK
6
CONTINUOUS
10
7.58071
20
-4.5937
11
7.63189
21
-4.5937
0
LINE
8
BLACK
6
CONTINUOUS
10
7.63189
20
-4.5937
11
7.63356
21
-4.59439
0
LINE
8
BLACK
6
CONTINUOUS
10
7.63356
20
-4.59439
11
7.63425
21
-4.59606
0
LINE
8
BLACK
6
CONTINUOUS
10
7.63425
20
-4.59606
11
7.63356
21
-4.59773
0
LINE
8
BLACK
6
CONTINUOUS
10
7.63356
20
-4.59773
11
7.63189
21
-4.59843
0
LINE
8
BLACK
6
CONTINUOUS
10
7.63189
20
-4.59843
11
7.58071
21
-4.59843
0
LINE
8
BLACK
6
CONTINUOUS
10
7.58071
20
-4.59843
11
7.57904
21
-4.59773
0
LINE
8
BLACK
6
CONTINUOUS
10
8.90018
20
-4.5468
11
8.90031
21
-4.54677
0
LINE
8
BLACK
6
CONTINUOUS
10
8.90031
20
-4.54677
11
8.90042
21
-4.54684
0
LINE
8
BLACK
6
CONTINUOUS
10
8.90042
20
-4.54684
11
8.9008
21
-4.54691
0
LINE
8
BLACK
6
CONTINUOUS
10
8.9008
20
-4.54691
11
8.90139
21
-4.5474
0
LINE
8
BLACK
6
CONTINUOUS
10
8.90139
20
-4.5474
11
8.90206
21
-4.54778
0
LINE
8
BLACK
6
CONTINUOUS
10
8.90206
20
-4.54778
11
8.90215
21
-4.54803
0
LINE
8
BLACK
6
CONTINUOUS
10
8.90215
20
-4.54803
11
8.90235
21
-4.5482
0
LINE
8
BLACK
6
CONTINUOUS
10
8.90235
20
-4.5482
11
8.90248
21
-4.54896
0
LINE
8
BLACK
6
CONTINUOUS
10
8.90248
20
-4.54896
11
8.90275
21
-4.54968
0
LINE
8
BLACK
6
CONTINUOUS
10
8.90275
20
-4.54968
11
8.90275
21
-4.58118
0
LINE
8
BLACK
6
CONTINUOUS
10
8.90275
20
-4.58118
11
8.90268
21
-4.58156
0
LINE
8
BLACK
6
CONTINUOUS
10
8.90268
20
-4.58156
11
8.9027
21
-4.58169
0
LINE
8
BLACK
6
CONTINUOUS
10
8.9027
20
-4.58169
11
8.90264
21
-4.5818
0
LINE
8
BLACK
6
CONTINUOUS
10
8.90264
20
-4.5818
11
8.90257
21
-4.58219
0
LINE
8
BLACK
6
CONTINUOUS
10
8.90257
20
-4.58219
11
8.90208
21
-4.58277
0
LINE
8
BLACK
6
CONTINUOUS
10
8.90208
20
-4.58277
11
8.90169
21
-4.58344
0
LINE
8
BLACK
6
CONTINUOUS
10
8.90169
20
-4.58344
11
8.90144
21
-4.58353
0
LINE
8
BLACK
6
CONTINUOUS
10
8.90144
20
-4.58353
11
8.90127
21
-4.58373
0
LINE
8
BLACK
6
CONTINUOUS
10
8.90127
20
-4.58373
11
8.90051
21
-4.58387
0
LINE
8
BLACK
6
CONTINUOUS
10
8.90051
20
-4.58387
11
8.89979
21
-4.58413
0
LINE
8
BLACK
6
CONTINUOUS
10
8.89979
20
-4.58413
11
8.8848
21
-4.58413
0
LINE
8
BLACK
6
CONTINUOUS
10
8.8848
20
-4.58413
11
8.88379
21
-4.58395
0
LINE
8
BLACK
6
CONTINUOUS
10
8.88379
20
-4.58395
11
8.88224
21
-4.58265
0
LINE
8
BLACK
6
CONTINUOUS
10
8.88224
20
-4.58265
11
8.88189
21
-4.58066
0
LINE
8
BLACK
6
CONTINUOUS
10
8.88189
20
-4.58066
11
8.8829
21
-4.57892
0
LINE
8
BLACK
6
CONTINUOUS
10
8.8829
20
-4.57892
11
8.8848
21
-4.57822
0
LINE
8
BLACK
6
CONTINUOUS
10
8.8848
20
-4.57822
11
8.89684
21
-4.57822
0
LINE
8
BLACK
6
CONTINUOUS
10
8.89684
20
-4.57822
11
8.89684
21
-4.56763
0
LINE
8
BLACK
6
CONTINUOUS
10
8.89684
20
-4.56763
11
8.8893
21
-4.56763
0
LINE
8
BLACK
6
CONTINUOUS
10
8.8893
20
-4.56763
11
8.88829
21
-4.56745
0
LINE
8
BLACK
6
CONTINUOUS
10
8.88829
20
-4.56745
11
8.88674
21
-4.56616
0
LINE
8
BLACK
6
CONTINUOUS
10
8.88674
20
-4.56616
11
8.88639
21
-4.56417
0
LINE
8
BLACK
6
CONTINUOUS
10
8.88639
20
-4.56417
11
8.8874
21
-4.56242
0
LINE
8
BLACK
6
CONTINUOUS
10
8.8874
20
-4.56242
11
8.8893
21
-4.56173
0
LINE
8
BLACK
6
CONTINUOUS
10
8.8893
20
-4.56173
11
8.89684
21
-4.56173
0
LINE
8
BLACK
6
CONTINUOUS
10
8.89684
20
-4.56173
11
8.89684
21
-4.55263
0
LINE
8
BLACK
6
CONTINUOUS
10
8.89684
20
-4.55263
11
8.8848
21
-4.55263
0
LINE
8
BLACK
6
CONTINUOUS
10
8.8848
20
-4.55263
11
8.88379
21
-4.55246
0
LINE
8
BLACK
6
CONTINUOUS
10
8.88379
20
-4.55246
11
8.88224
21
-4.55116
0
LINE
8
BLACK
6
CONTINUOUS
10
8.88224
20
-4.55116
11
8.88189
21
-4.54917
0
LINE
8
BLACK
6
CONTINUOUS
10
8.88189
20
-4.54917
11
8.8829
21
-4.54742
0
LINE
8
BLACK
6
CONTINUOUS
10
8.8829
20
-4.54742
11
8.8848
21
-4.54673
0
LINE
8
BLACK
6
CONTINUOUS
10
8.8848
20
-4.54673
11
8.89979
21
-4.54673
0
LINE
8
BLACK
6
CONTINUOUS
10
8.89979
20
-4.54673
11
8.90018
21
-4.5468
0
LINE
8
BLACK
6
CONTINUOUS
10
8.78518
20
-4.54688
11
8.78524
21
-4.54688
0
LINE
8
BLACK
6
CONTINUOUS
10
8.78524
20
-4.54688
11
8.78974
21
-4.54838
0
LINE
8
BLACK
6
CONTINUOUS
10
8.78974
20
-4.54838
11
8.79064
21
-4.54887
0
LINE
8
BLACK
6
CONTINUOUS
10
8.79064
20
-4.54887
11
8.79074
21
-4.54902
0
LINE
8
BLACK
6
CONTINUOUS
10
8.79074
20
-4.54902
11
8.7909
21
-4.54909
0
LINE
8
BLACK
6
CONTINUOUS
10
8.7909
20
-4.54909
11
8.7939
21
-4.55209
0
LINE
8
BLACK
6
CONTINUOUS
10
8.7939
20
-4.55209
11
8.7944
21
-4.55282
0
LINE
8
BLACK
6
CONTINUOUS
10
8.7944
20
-4.55282
11
8.79445
21
-4.55286
0
LINE
8
BLACK
6
CONTINUOUS
10
8.79445
20
-4.55286
11
8.79595
21
-4.55586
0
LINE
8
BLACK
6
CONTINUOUS
10
8.79595
20
-4.55586
11
8.79609
21
-4.55635
0
LINE
8
BLACK
6
CONTINUOUS
10
8.79609
20
-4.55635
11
8.79617
21
-4.55646
0
LINE
8
BLACK
6
CONTINUOUS
10
8.79617
20
-4.55646
11
8.79767
21
-4.56246
0
LINE
8
BLACK
6
CONTINUOUS
10
8.79767
20
-4.56246
11
8.79771
21
-4.56305
0
LINE
8
BLACK
6
CONTINUOUS
10
8.79771
20
-4.56305
11
8.79776
21
-4.56318
0
LINE
8
BLACK
6
CONTINUOUS
10
8.79776
20
-4.56318
11
8.79776
21
-4.56768
0
LINE
8
BLACK
6
CONTINUOUS
10
8.79776
20
-4.56768
11
8.79766
21
-4.56826
0
LINE
8
BLACK
6
CONTINUOUS
10
8.79766
20
-4.56826
11
8.79767
21
-4.5684
0
LINE
8
BLACK
6
CONTINUOUS
10
8.79767
20
-4.5684
11
8.79617
21
-4.57439
0
LINE
8
BLACK
6
CONTINUOUS
10
8.79617
20
-4.57439
11
8.79596
21
-4.57486
0
LINE
8
BLACK
6
CONTINUOUS
10
8.79596
20
-4.57486
11
8.79595
21
-4.575
0
LINE
8
BLACK
6
CONTINUOUS
10
8.79595
20
-4.575
11
8.79445
21
-4.578
0
LINE
8
BLACK
6
CONTINUOUS
10
8.79445
20
-4.578
11
8.79392
21
-4.57871
0
LINE
8
BLACK
6
CONTINUOUS
10
8.79392
20
-4.57871
11
8.7939
21
-4.57877
0
LINE
8
BLACK
6
CONTINUOUS
10
8.7939
20
-4.57877
11
8.7909
21
-4.58177
0
LINE
8
BLACK
6
CONTINUOUS
10
8.7909
20
-4.58177
11
8.79006
21
-4.58235
0
LINE
8
BLACK
6
CONTINUOUS
10
8.79006
20
-4.58235
11
8.78988
21
-4.58237
0
LINE
8
BLACK
6
CONTINUOUS
10
8.78988
20
-4.58237
11
8.78974
21
-4.58248
0
LINE
8
BLACK
6
CONTINUOUS
10
8.78974
20
-4.58248
11
8.78524
21
-4.58398
0
LINE
8
BLACK
6
CONTINUOUS
10
8.78524
20
-4.58398
11
8.78437
21
-4.58411
0
LINE
8
BLACK
6
CONTINUOUS
10
8.78437
20
-4.58411
11
8.78431
21
-4.58413
0
LINE
8
BLACK
6
CONTINUOUS
10
8.78431
20
-4.58413
11
8.78131
21
-4.58413
0
LINE
8
BLACK
6
CONTINUOUS
10
8.78131
20
-4.58413
11
8.78044
21
-4.58398
0
LINE
8
BLACK
6
CONTINUOUS
10
8.78044
20
-4.58398
11
8.78037
21
-4.58398
0
LINE
8
BLACK
6
CONTINUOUS
10
8.78037
20
-4.58398
11
8.77588
21
-4.58248
0
LINE
8
BLACK
6
CONTINUOUS
10
8.77588
20
-4.58248
11
8.77497
21
-4.58199
0
LINE
8
BLACK
6
CONTINUOUS
10
8.77497
20
-4.58199
11
8.77488
21
-4.58184
0
LINE
8
BLACK
6
CONTINUOUS
10
8.77488
20
-4.58184
11
8.77472
21
-4.58177
0
LINE
8
BLACK
6
CONTINUOUS
10
8.77472
20
-4.58177
11
8.77322
21
-4.58027
0
LINE
8
BLACK
6
CONTINUOUS
10
8.77322
20
-4.58027
11
8.77263
21
-4.57943
0
LINE
8
BLACK
6
CONTINUOUS
10
8.77263
20
-4.57943
11
8.77246
21
-4.57741
0
LINE
8
BLACK
6
CONTINUOUS
10
8.77246
20
-4.57741
11
8.77362
21
-4.57576
0
LINE
8
BLACK
6
CONTINUOUS
10
8.77362
20
-4.57576
11
8.77557
21
-4.57524
0
LINE
8
BLACK
6
CONTINUOUS
10
8.77557
20
-4.57524
11
8.7774
21
-4.57609
0
LINE
8
BLACK
6
CONTINUOUS
10
8.7774
20
-4.57609
11
8.7784
21
-4.5771
0
LINE
8
BLACK
6
CONTINUOUS
10
8.7784
20
-4.5771
11
8.78179
21
-4.57822
0
LINE
8
BLACK
6
CONTINUOUS
10
8.78179
20
-4.57822
11
8.78383
21
-4.57822
0
LINE
8
BLACK
6
CONTINUOUS
10
8.78383
20
-4.57822
11
8.78721
21
-4.5771
0
LINE
8
BLACK
6
CONTINUOUS
10
8.78721
20
-4.5771
11
8.78938
21
-4.57493
0
LINE
8
BLACK
6
CONTINUOUS
10
8.78938
20
-4.57493
11
8.79052
21
-4.57265
0
LINE
8
BLACK
6
CONTINUOUS
10
8.79052
20
-4.57265
11
8.79185
21
-4.56732
0
LINE
8
BLACK
6
CONTINUOUS
10
8.79185
20
-4.56732
11
8.79185
21
-4.56354
0
LINE
8
BLACK
6
CONTINUOUS
10
8.79185
20
-4.56354
11
8.79052
21
-4.55821
0
LINE
8
BLACK
6
CONTINUOUS
10
8.79052
20
-4.55821
11
8.78938
21
-4.55593
0
LINE
8
BLACK
6
CONTINUOUS
10
8.78938
20
-4.55593
11
8.78721
21
-4.55376
0
LINE
8
BLACK
6
CONTINUOUS
10
8.78721
20
-4.55376
11
8.78383
21
-4.55263
0
LINE
8
BLACK
6
CONTINUOUS
10
8.78383
20
-4.55263
11
8.78179
21
-4.55263
0
LINE
8
BLACK
6
CONTINUOUS
10
8.78179
20
-4.55263
11
8.7784
21
-4.55376
0
LINE
8
BLACK
6
CONTINUOUS
10
8.7784
20
-4.55376
11
8.7774
21
-4.55477
0
LINE
8
BLACK
6
CONTINUOUS
10
8.7774
20
-4.55477
11
8.77656
21
-4.55536
0
LINE
8
BLACK
6
CONTINUOUS
10
8.77656
20
-4.55536
11
8.77455
21
-4.55553
0
LINE
8
BLACK
6
CONTINUOUS
10
8.77455
20
-4.55553
11
8.77289
21
-4.55437
0
LINE
8
BLACK
6
CONTINUOUS
10
8.77289
20
-4.55437
11
8.77237
21
-4.55242
0
LINE
8
BLACK
6
CONTINUOUS
10
8.77237
20
-4.55242
11
8.77322
21
-4.55059
0
LINE
8
BLACK
6
CONTINUOUS
10
8.77322
20
-4.55059
11
8.77472
21
-4.54909
0
LINE
8
BLACK
6
CONTINUOUS
10
8.77472
20
-4.54909
11
8.77556
21
-4.5485
0
LINE
8
BLACK
6
CONTINUOUS
10
8.77556
20
-4.5485
11
8.77574
21
-4.54849
0
LINE
8
BLACK
6
CONTINUOUS
10
8.77574
20
-4.54849
11
8.77588
21
-4.54838
0
LINE
8
BLACK
6
CONTINUOUS
10
8.77588
20
-4.54838
11
8.78037
21
-4.54688
0
LINE
8
BLACK
6
CONTINUOUS
10
8.78037
20
-4.54688
11
8.78125
21
-4.54675
0
LINE
8
BLACK
6
CONTINUOUS
10
8.78125
20
-4.54675
11
8.78131
21
-4.54673
0
LINE
8
BLACK
6
CONTINUOUS
10
8.78131
20
-4.54673
11
8.78431
21
-4.54673
0
LINE
8
BLACK
6
CONTINUOUS
10
8.78431
20
-4.54673
11
8.78518
21
-4.54688
0
LINE
8
BLACK
6
CONTINUOUS
10
7.90638
20
-4.54688
11
7.90645
21
-4.54688
0
LINE
8
BLACK
6
CONTINUOUS
10
7.90645
20
-4.54688
11
7.91094
21
-4.54838
0
LINE
8
BLACK
6
CONTINUOUS
10
7.91094
20
-4.54838
11
7.91185
21
-4.54887
0
LINE
8
BLACK
6
CONTINUOUS
10
7.91185
20
-4.54887
11
7.91194
21
-4.54902
0
LINE
8
BLACK
6
CONTINUOUS
10
7.91194
20
-4.54902
11
7.9121
21
-4.54909
0
LINE
8
BLACK
6
CONTINUOUS
10
7.9121
20
-4.54909
11
7.9151
21
-4.55209
0
LINE
8
BLACK
6
CONTINUOUS
10
7.9151
20
-4.55209
11
7.91561
21
-4.55282
0
LINE
8
BLACK
6
CONTINUOUS
10
7.91561
20
-4.55282
11
7.91565
21
-4.55286
0
LINE
8
BLACK
6
CONTINUOUS
10
7.91565
20
-4.55286
11
7.91715
21
-4.55586
0
LINE
8
BLACK
6
CONTINUOUS
10
7.91715
20
-4.55586
11
7.9173
21
-4.55635
0
LINE
8
BLACK
6
CONTINUOUS
10
7.9173
20
-4.55635
11
7.91738
21
-4.55646
0
LINE
8
BLACK
6
CONTINUOUS
10
7.91738
20
-4.55646
11
7.91888
21
-4.56246
0
LINE
8
BLACK
6
CONTINUOUS
10
7.91888
20
-4.56246
11
7.91892
21
-4.56305
0
LINE
8
BLACK
6
CONTINUOUS
10
7.91892
20
-4.56305
11
7.91896
21
-4.56318
0
LINE
8
BLACK
6
CONTINUOUS
10
7.91896
20
-4.56318
11
7.91896
21
-4.56768
0
LINE
8
BLACK
6
CONTINUOUS
10
7.91896
20
-4.56768
11
7.91886
21
-4.56826
0
LINE
8
BLACK
6
CONTINUOUS
10
7.91886
20
-4.56826
11
7.91888
21
-4.5684
0
LINE
8
BLACK
6
CONTINUOUS
10
7.91888
20
-4.5684
11
7.91738
21
-4.57439
0
LINE
8
BLACK
6
CONTINUOUS
10
7.91738
20
-4.57439
11
7.91717
21
-4.57486
0
LINE
8
BLACK
6
CONTINUOUS
10
7.91717
20
-4.57486
11
7.91715
21
-4.575
0
LINE
8
BLACK
6
CONTINUOUS
10
7.91715
20
-4.575
11
7.91565
21
-4.578
0
LINE
8
BLACK
6
CONTINUOUS
10
7.91565
20
-4.578
11
7.91513
21
-4.57871
0
LINE
8
BLACK
6
CONTINUOUS
10
7.91513
20
-4.57871
11
7.9151
21
-4.57877
0
LINE
8
BLACK
6
CONTINUOUS
10
7.9151
20
-4.57877
11
7.9121
21
-4.58177
0
LINE
8
BLACK
6
CONTINUOUS
10
7.9121
20
-4.58177
11
7.91126
21
-4.58235
0
LINE
8
BLACK
6
CONTINUOUS
10
7.91126
20
-4.58235
11
7.91108
21
-4.58237
0
LINE
8
BLACK
6
CONTINUOUS
10
7.91108
20
-4.58237
11
7.91094
21
-4.58248
0
LINE
8
BLACK
6
CONTINUOUS
10
7.91094
20
-4.58248
11
7.90645
21
-4.58398
0
LINE
8
BLACK
6
CONTINUOUS
10
7.90645
20
-4.58398
11
7.90557
21
-4.58411
0
LINE
8
BLACK
6
CONTINUOUS
10
7.90557
20
-4.58411
11
7.90551
21
-4.58413
0
LINE
8
BLACK
6
CONTINUOUS
10
7.90551
20
-4.58413
11
7.90251
21
-4.58413
0
LINE
8
BLACK
6
CONTINUOUS
10
7.90251
20
-4.58413
11
7.90164
21
-4.58398
0
LINE
8
BLACK
6
CONTINUOUS
10
7.90164
20
-4.58398
11
7.90158
21
-4.58398
0
LINE
8
BLACK
6
CONTINUOUS
10
7.90158
20
-4.58398
11
7.89708
21
-4.58248
0
LINE
8
BLACK
6
CONTINUOUS
10
7.89708
20
-4.58248
11
7.89618
21
-4.58199
0
LINE
8
BLACK
6
CONTINUOUS
10
7.89618
20
-4.58199
11
7.89608
21
-4.58184
0
LINE
8
BLACK
6
CONTINUOUS
10
7.89608
20
-4.58184
11
7.89592
21
-4.58177
0
LINE
8
BLACK
6
CONTINUOUS
10
7.89592
20
-4.58177
11
7.89443
21
-4.58027
0
LINE
8
BLACK
6
CONTINUOUS
10
7.89443
20
-4.58027
11
7.89432
21
-4.58012
0
LINE
8
BLACK
6
CONTINUOUS
10
7.89432
20
-4.58012
11
7.89425
21
-4.58008
0
LINE
8
BLACK
6
CONTINUOUS
10
7.89425
20
-4.58008
11
7.89421
21
-4.57995
0
LINE
8
BLACK
6
CONTINUOUS
10
7.89421
20
-4.57995
11
7.89384
21
-4.57943
0
LINE
8
BLACK
6
CONTINUOUS
10
7.89384
20
-4.57943
11
7.89378
21
-4.57878
0
LINE
8
BLACK
6
CONTINUOUS
10
7.89378
20
-4.57878
11
7.89356
21
-4.57818
0
LINE
8
BLACK
6
CONTINUOUS
10
7.89356
20
-4.57818
11
7.89356
21
-4.56768
0
LINE
8
BLACK
6
CONTINUOUS
10
7.89356
20
-4.56768
11
7.89363
21
-4.5673
0
LINE
8
BLACK
6
CONTINUOUS
10
7.89363
20
-4.5673
11
7.8936
21
-4.56717
0
LINE
8
BLACK
6
CONTINUOUS
10
7.8936
20
-4.56717
11
7.89367
21
-4.56705
0
LINE
8
BLACK
6
CONTINUOUS
10
7.89367
20
-4.56705
11
7.89374
21
-4.56667
0
LINE
8
BLACK
6
CONTINUOUS
10
7.89374
20
-4.56667
11
7.89423
21
-4.56608
0
LINE
8
BLACK
6
CONTINUOUS
10
7.89423
20
-4.56608
11
7.89461
21
-4.56542
0
LINE
8
BLACK
6
CONTINUOUS
10
7.89461
20
-4.56542
11
7.89487
21
-4.56533
0
LINE
8
BLACK
6
CONTINUOUS
10
7.89487
20
-4.56533
11
7.89504
21
-4.56512
0
LINE
8
BLACK
6
CONTINUOUS
10
7.89504
20
-4.56512
11
7.89579
21
-4.56499
0
LINE
8
BLACK
6
CONTINUOUS
10
7.89579
20
-4.56499
11
7.89651
21
-4.56473
0
LINE
8
BLACK
6
CONTINUOUS
10
7.89651
20
-4.56473
11
7.90251
21
-4.56473
0
LINE
8
BLACK
6
CONTINUOUS
10
7.90251
20
-4.56473
11
7.90352
21
-4.5649
0
LINE
8
BLACK
6
CONTINUOUS
10
7.90352
20
-4.5649
11
7.90507
21
-4.5662
0
LINE
8
BLACK
6
CONTINUOUS
10
7.90507
20
-4.5662
11
7.90542
21
-4.56819
0
LINE
8
BLACK
6
CONTINUOUS
10
7.90542
20
-4.56819
11
7.90441
21
-4.56994
0
LINE
8
BLACK
6
CONTINUOUS
10
7.90441
20
-4.56994
11
7.90251
21
-4.57063
0
LINE
8
BLACK
6
CONTINUOUS
10
7.90251
20
-4.57063
11
7.89947
21
-4.57063
0
LINE
8
BLACK
6
CONTINUOUS
10
7.89947
20
-4.57063
11
7.89947
21
-4.57695
0
LINE
8
BLACK
6
CONTINUOUS
10
7.89947
20
-4.57695
11
7.89961
21
-4.5771
0
LINE
8
BLACK
6
CONTINUOUS
10
7.89961
20
-4.5771
11
7.90299
21
-4.57822
0
LINE
8
BLACK
6
CONTINUOUS
10
7.90299
20
-4.57822
11
7.90503
21
-4.57822
0
LINE
8
BLACK
6
CONTINUOUS
10
7.90503
20
-4.57822
11
7.90842
21
-4.5771
0
LINE
8
BLACK
6
CONTINUOUS
10
7.90842
20
-4.5771
11
7.91058
21
-4.57493
0
LINE
8
BLACK
6
CONTINUOUS
10
7.91058
20
-4.57493
11
7.91172
21
-4.57265
0
LINE
8
BLACK
6
CONTINUOUS
10
7.91172
20
-4.57265
11
7.91306
21
-4.56732
0
LINE
8
BLACK
6
CONTINUOUS
10
7.91306
20
-4.56732
11
7.91306
21
-4.56354
0
LINE
8
BLACK
6
CONTINUOUS
10
7.91306
20
-4.56354
11
7.91172
21
-4.55821
0
LINE
8
BLACK
6
CONTINUOUS
10
7.91172
20
-4.55821
11
7.91058
21
-4.55593
0
LINE
8
BLACK
6
CONTINUOUS
10
7.91058
20
-4.55593
11
7.90842
21
-4.55376
0
LINE
8
BLACK
6
CONTINUOUS
10
7.90842
20
-4.55376
11
7.90503
21
-4.55263
0
LINE
8
BLACK
6
CONTINUOUS
10
7.90503
20
-4.55263
11
7.90171
21
-4.55263
0
LINE
8
BLACK
6
CONTINUOUS
10
7.90171
20
-4.55263
11
7.89933
21
-4.55382
0
LINE
8
BLACK
6
CONTINUOUS
10
7.89933
20
-4.55382
11
7.89835
21
-4.55411
0
LINE
8
BLACK
6
CONTINUOUS
10
7.89835
20
-4.55411
11
7.89639
21
-4.55365
0
LINE
8
BLACK
6
CONTINUOUS
10
7.89639
20
-4.55365
11
7.89518
21
-4.55202
0
LINE
8
BLACK
6
CONTINUOUS
10
7.89518
20
-4.55202
11
7.8953
21
-4.55001
0
LINE
8
BLACK
6
CONTINUOUS
10
7.8953
20
-4.55001
11
7.89669
21
-4.54854
0
LINE
8
BLACK
6
CONTINUOUS
10
7.89669
20
-4.54854
11
7.89969
21
-4.54704
0
LINE
8
BLACK
6
CONTINUOUS
10
7.89969
20
-4.54704
11
7.90067
21
-4.54675
0
LINE
8
BLACK
6
CONTINUOUS
10
7.90067
20
-4.54675
11
7.90085
21
-4.54679
0
LINE
8
BLACK
6
CONTINUOUS
10
7.90085
20
-4.54679
11
7.90101
21
-4.54673
0
LINE
8
BLACK
6
CONTINUOUS
10
7.90101
20
-4.54673
11
7.90551
21
-4.54673
0
LINE
8
BLACK
6
CONTINUOUS
10
7.90551
20
-4.54673
11
7.90638
21
-4.54688
0
LINE
8
BLACK
6
CONTINUOUS
10
8.2441
20
-4.5468
11
8.24423
21
-4.54677
0
LINE
8
BLACK
6
CONTINUOUS
10
8.24423
20
-4.54677
11
8.24435
21
-4.54684
0
LINE
8
BLACK
6
CONTINUOUS
10
8.24435
20
-4.54684
11
8.24473
21
-4.54691
0
LINE
8
BLACK
6
CONTINUOUS
10
8.24473
20
-4.54691
11
8.24532
21
-4.5474
0
LINE
8
BLACK
6
CONTINUOUS
10
8.24532
20
-4.5474
11
8.24598
21
-4.54778
0
LINE
8
BLACK
6
CONTINUOUS
10
8.24598
20
-4.54778
11
8.24607
21
-4.54803
0
LINE
8
BLACK
6
CONTINUOUS
10
8.24607
20
-4.54803
11
8.24628
21
-4.5482
0
LINE
8
BLACK
6
CONTINUOUS
10
8.24628
20
-4.5482
11
8.24641
21
-4.54896
0
LINE
8
BLACK
6
CONTINUOUS
10
8.24641
20
-4.54896
11
8.24667
21
-4.54968
0
LINE
8
BLACK
6
CONTINUOUS
10
8.24667
20
-4.54968
11
8.24667
21
-4.58118
0
LINE
8
BLACK
6
CONTINUOUS
10
8.24667
20
-4.58118
11
8.2466
21
-4.58156
0
LINE
8
BLACK
6
CONTINUOUS
10
8.2466
20
-4.58156
11
8.24663
21
-4.58169
0
LINE
8
BLACK
6
CONTINUOUS
10
8.24663
20
-4.58169
11
8.24656
21
-4.5818
0
LINE
8
BLACK
6
CONTINUOUS
10
8.24656
20
-4.5818
11
8.24649
21
-4.58219
0
LINE
8
BLACK
6
CONTINUOUS
10
8.24649
20
-4.58219
11
8.246
21
-4.58277
0
LINE
8
BLACK
6
CONTINUOUS
10
8.246
20
-4.58277
11
8.24562
21
-4.58344
0
LINE
8
BLACK
6
CONTINUOUS
10
8.24562
20
-4.58344
11
8.24537
21
-4.58353
0
LINE
8
BLACK
6
CONTINUOUS
10
8.24537
20
-4.58353
11
8.2452
21
-4.58373
0
LINE
8
BLACK
6
CONTINUOUS
10
8.2452
20
-4.58373
11
8.24444
21
-4.58387
0
LINE
8
BLACK
6
CONTINUOUS
10
8.24444
20
-4.58387
11
8.24372
21
-4.58413
0
LINE
8
BLACK
6
CONTINUOUS
10
8.24372
20
-4.58413
11
8.23622
21
-4.58413
0
LINE
8
BLACK
6
CONTINUOUS
10
8.23622
20
-4.58413
11
8.23535
21
-4.58398
0
LINE
8
BLACK
6
CONTINUOUS
10
8.23535
20
-4.58398
11
8.23529
21
-4.58398
0
LINE
8
BLACK
6
CONTINUOUS
10
8.23529
20
-4.58398
11
8.23079
21
-4.58248
0
LINE
8
BLACK
6
CONTINUOUS
10
8.23079
20
-4.58248
11
8.22989
21
-4.58199
0
LINE
8
BLACK
6
CONTINUOUS
10
8.22989
20
-4.58199
11
8.22979
21
-4.58184
0
LINE
8
BLACK
6
CONTINUOUS
10
8.22979
20
-4.58184
11
8.22963
21
-4.58177
0
LINE
8
BLACK
6
CONTINUOUS
10
8.22963
20
-4.58177
11
8.22663
21
-4.57877
0
LINE
8
BLACK
6
CONTINUOUS
10
8.22663
20
-4.57877
11
8.22613
21
-4.57804
0
LINE
8
BLACK
6
CONTINUOUS
10
8.22613
20
-4.57804
11
8.22608
21
-4.578
0
LINE
8
BLACK
6
CONTINUOUS
10
8.22608
20
-4.578
11
8.22458
21
-4.575
0
LINE
8
BLACK
6
CONTINUOUS
10
8.22458
20
-4.575
11
8.22444
21
-4.57451
0
LINE
8
BLACK
6
CONTINUOUS
10
8.22444
20
-4.57451
11
8.22436
21
-4.57439
0
LINE
8
BLACK
6
CONTINUOUS
10
8.22436
20
-4.57439
11
8.22286
21
-4.5684
0
LINE
8
BLACK
6
CONTINUOUS
10
8.22286
20
-4.5684
11
8.22282
21
-4.56781
0
LINE
8
BLACK
6
CONTINUOUS
10
8.22282
20
-4.56781
11
8.22277
21
-4.56768
0
LINE
8
BLACK
6
CONTINUOUS
10
8.22277
20
-4.56768
11
8.22277
21
-4.56318
0
LINE
8
BLACK
6
CONTINUOUS
10
8.22277
20
-4.56318
11
8.22287
21
-4.5626
0
LINE
8
BLACK
6
CONTINUOUS
10
8.22287
20
-4.5626
11
8.22286
21
-4.56246
0
LINE
8
BLACK
6
CONTINUOUS
10
8.22286
20
-4.56246
11
8.22436
21
-4.55646
0
LINE
8
BLACK
6
CONTINUOUS
10
8.22436
20
-4.55646
11
8.22456
21
-4.556
0
LINE
8
BLACK
6
CONTINUOUS
10
8.22456
20
-4.556
11
8.22458
21
-4.55586
0
LINE
8
BLACK
6
CONTINUOUS
10
8.22458
20
-4.55586
11
8.22608
21
-4.55286
0
LINE
8
BLACK
6
CONTINUOUS
10
8.22608
20
-4.55286
11
8.22661
21
-4.55215
0
LINE
8
BLACK
6
CONTINUOUS
10
8.22661
20
-4.55215
11
8.22663
21
-4.55209
0
LINE
8
BLACK
6
CONTINUOUS
10
8.22663
20
-4.55209
11
8.22963
21
-4.54909
0
LINE
8
BLACK
6
CONTINUOUS
10
8.22963
20
-4.54909
11
8.23047
21
-4.5485
0
LINE
8
BLACK
6
CONTINUOUS
10
8.23047
20
-4.5485
11
8.23065
21
-4.54849
0
LINE
8
BLACK
6
CONTINUOUS
10
8.23065
20
-4.54849
11
8.23079
21
-4.54838
0
LINE
8
BLACK
6
CONTINUOUS
10
8.23079
20
-4.54838
11
8.23529
21
-4.54688
0
LINE
8
BLACK
6
CONTINUOUS
10
8.23529
20
-4.54688
11
8.23616
21
-4.54675
0
LINE
8
BLACK
6
CONTINUOUS
10
8.23616
20
-4.54675
11
8.23622
21
-4.54673
0
LINE
8
BLACK
6
CONTINUOUS
10
8.23622
20
-4.54673
11
8.24372
21
-4.54673
0
LINE
8
BLACK
6
CONTINUOUS
10
8.24372
20
-4.54673
11
8.2441
21
-4.5468
0
LINE
8
BLACK
6
CONTINUOUS
10
8.2367
20
-4.55263
11
8.23332
21
-4.55376
0
LINE
8
BLACK
6
CONTINUOUS
10
8.23332
20
-4.55376
11
8.23115
21
-4.55593
0
LINE
8
BLACK
6
CONTINUOUS
10
8.23115
20
-4.55593
11
8.23001
21
-4.55821
0
LINE
8
BLACK
6
CONTINUOUS
10
8.23001
20
-4.55821
11
8.22867
21
-4.56354
0
LINE
8
BLACK
6
CONTINUOUS
10
8.22867
20
-4.56354
11
8.22867
21
-4.56732
0
LINE
8
BLACK
6
CONTINUOUS
10
8.22867
20
-4.56732
11
8.23001
21
-4.57265
0
LINE
8
BLACK
6
CONTINUOUS
10
8.23001
20
-4.57265
11
8.23115
21
-4.57493
0
LINE
8
BLACK
6
CONTINUOUS
10
8.23115
20
-4.57493
11
8.23332
21
-4.5771
0
LINE
8
BLACK
6
CONTINUOUS
10
8.23332
20
-4.5771
11
8.2367
21
-4.57822
0
LINE
8
BLACK
6
CONTINUOUS
10
8.2367
20
-4.57822
11
8.24077
21
-4.57822
0
LINE
8
BLACK
6
CONTINUOUS
10
8.24077
20
-4.57822
11
8.24077
21
-4.55263
0
LINE
8
BLACK
6
CONTINUOUS
10
8.24077
20
-4.55263
11
8.2367
21
-4.55263
0
LINE
8
BLACK
6
CONTINUOUS
10
8.30008
20
-4.54688
11
8.30015
21
-4.54688
0
LINE
8
BLACK
6
CONTINUOUS
10
8.30015
20
-4.54688
11
8.30465
21
-4.54838
0
LINE
8
BLACK
6
CONTINUOUS
10
8.30465
20
-4.54838
11
8.30555
21
-4.54887
0
LINE
8
BLACK
6
CONTINUOUS
10
8.30555
20
-4.54887
11
8.30564
21
-4.54902
0
LINE
8
BLACK
6
CONTINUOUS
10
8.30564
20
-4.54902
11
8.3058
21
-4.54909
0
LINE
8
BLACK
6
CONTINUOUS
10
8.3058
20
-4.54909
11
8.3088
21
-4.55209
0
LINE
8
BLACK
6
CONTINUOUS
10
8.3088
20
-4.55209
11
8.30931
21
-4.55282
0
LINE
8
BLACK
6
CONTINUOUS
10
8.30931
20
-4.55282
11
8.30935
21
-4.55286
0
LINE
8
BLACK
6
CONTINUOUS
10
8.30935
20
-4.55286
11
8.31085
21
-4.55586
0
LINE
8
BLACK
6
CONTINUOUS
10
8.31085
20
-4.55586
11
8.311
21
-4.55635
0
LINE
8
BLACK
6
CONTINUOUS
10
8.311
20
-4.55635
11
8.31108
21
-4.55646
0
LINE
8
BLACK
6
CONTINUOUS
10
8.31108
20
-4.55646
11
8.31258
21
-4.56246
0
LINE
8
BLACK
6
CONTINUOUS
10
8.31258
20
-4.56246
11
8.31262
21
-4.56305
0
LINE
8
BLACK
6
CONTINUOUS
10
8.31262
20
-4.56305
11
8.31266
21
-4.56318
0
LINE
8
BLACK
6
CONTINUOUS
10
8.31266
20
-4.56318
11
8.31266
21
-4.56768
0
LINE
8
BLACK
6
CONTINUOUS
10
8.31266
20
-4.56768
11
8.31256
21
-4.56826
0
LINE
8
BLACK
6
CONTINUOUS
10
8.31256
20
-4.56826
11
8.31258
21
-4.5684
0
LINE
8
BLACK
6
CONTINUOUS
10
8.31258
20
-4.5684
11
8.31108
21
-4.57439
0
LINE
8
BLACK
6
CONTINUOUS
10
8.31108
20
-4.57439
11
8.31087
21
-4.57486
0
LINE
8
BLACK
6
CONTINUOUS
10
8.31087
20
-4.57486
11
8.31085
21
-4.575
0
LINE
8
BLACK
6
CONTINUOUS
10
8.31085
20
-4.575
11
8.30935
21
-4.578
0
LINE
8
BLACK
6
CONTINUOUS
10
8.30935
20
-4.578
11
8.30883
21
-4.57871
0
LINE
8
BLACK
6
CONTINUOUS
10
8.30883
20
-4.57871
11
8.3088
21
-4.57877
0
LINE
8
BLACK
6
CONTINUOUS
10
8.3088
20
-4.57877
11
8.3058
21
-4.58177
0
LINE
8
BLACK
6
CONTINUOUS
10
8.3058
20
-4.58177
11
8.30496
21
-4.58235
0
LINE
8
BLACK
6
CONTINUOUS
10
8.30496
20
-4.58235
11
8.30478
21
-4.58237
0
LINE
8
BLACK
6
CONTINUOUS
10
8.30478
20
-4.58237
11
8.30465
21
-4.58248
0
LINE
8
BLACK
6
CONTINUOUS
10
8.30465
20
-4.58248
11
8.30015
21
-4.58398
0
LINE
8
BLACK
6
CONTINUOUS
10
8.30015
20
-4.58398
11
8.29927
21
-4.58411
0
LINE
8
BLACK
6
CONTINUOUS
10
8.29927
20
-4.58411
11
8.29921
21
-4.58413
0
LINE
8
BLACK
6
CONTINUOUS
10
8.29921
20
-4.58413
11
8.29621
21
-4.58413
0
LINE
8
BLACK
6
CONTINUOUS
10
8.29621
20
-4.58413
11
8.29534
21
-4.58398
0
LINE
8
BLACK
6
CONTINUOUS
10
8.29534
20
-4.58398
11
8.29528
21
-4.58398
0
LINE
8
BLACK
6
CONTINUOUS
10
8.29528
20
-4.58398
11
8.29078
21
-4.58248
0
LINE
8
BLACK
6
CONTINUOUS
10
8.29078
20
-4.58248
11
8.28988
21
-4.58199
0
LINE
8
BLACK
6
CONTINUOUS
10
8.28988
20
-4.58199
11
8.28979
21
-4.58184
0
LINE
8
BLACK
6
CONTINUOUS
10
8.28979
20
-4.58184
11
8.28963
21
-4.58177
0
LINE
8
BLACK
6
CONTINUOUS
10
8.28963
20
-4.58177
11
8.28813
21
-4.58027
0
LINE
8
BLACK
6
CONTINUOUS
10
8.28813
20
-4.58027
11
8.28802
21
-4.58012
0
LINE
8
BLACK
6
CONTINUOUS
10
8.28802
20
-4.58012
11
8.28795
21
-4.58008
0
LINE
8
BLACK
6
CONTINUOUS
10
8.28795
20
-4.58008
11
8.28791
21
-4.57995
0
LINE
8
BLACK
6
CONTINUOUS
10
8.28791
20
-4.57995
11
8.28754
21
-4.57943
0
LINE
8
BLACK
6
CONTINUOUS
10
8.28754
20
-4.57943
11
8.28748
21
-4.57878
0
LINE
8
BLACK
6
CONTINUOUS
10
8.28748
20
-4.57878
11
8.28726
21
-4.57818
0
LINE
8
BLACK
6
CONTINUOUS
10
8.28726
20
-4.57818
11
8.28726
21
-4.56768
0
LINE
8
BLACK
6
CONTINUOUS
10
8.28726
20
-4.56768
11
8.28733
21
-4.5673
0
LINE
8
BLACK
6
CONTINUOUS
10
8.28733
20
-4.5673
11
8.28731
21
-4.56717
0
LINE
8
BLACK
6
CONTINUOUS
10
8.28731
20
-4.56717
11
8.28737
21
-4.56705
0
LINE
8
BLACK
6
CONTINUOUS
10
8.28737
20
-4.56705
11
8.28744
21
-4.56667
0
LINE
8
BLACK
6
CONTINUOUS
10
8.28744
20
-4.56667
11
8.28793
21
-4.56608
0
LINE
8
BLACK
6
CONTINUOUS
10
8.28793
20
-4.56608
11
8.28832
21
-4.56542
0
LINE
8
BLACK
6
CONTINUOUS
10
8.28832
20
-4.56542
11
8.28857
21
-4.56533
0
LINE
8
BLACK
6
CONTINUOUS
10
8.28857
20
-4.56533
11
8.28874
21
-4.56512
0
LINE
8
BLACK
6
CONTINUOUS
10
8.28874
20
-4.56512
11
8.28949
21
-4.56499
0
LINE
8
BLACK
6
CONTINUOUS
10
8.28949
20
-4.56499
11
8.29021
21
-4.56473
0
LINE
8
BLACK
6
CONTINUOUS
10
8.29021
20
-4.56473
11
8.29621
21
-4.56473
0
LINE
8
BLACK
6
CONTINUOUS
10
8.29621
20
-4.56473
11
8.29722
21
-4.5649
0
LINE
8
BLACK
6
CONTINUOUS
10
8.29722
20
-4.5649
11
8.29877
21
-4.5662
0
LINE
8
BLACK
6
CONTINUOUS
10
8.29877
20
-4.5662
11
8.29912
21
-4.56819
0
LINE
8
BLACK
6
CONTINUOUS
10
8.29912
20
-4.56819
11
8.29811
21
-4.56994
0
LINE
8
BLACK
6
CONTINUOUS
10
8.29811
20
-4.56994
11
8.29621
21
-4.57063
0
LINE
8
BLACK
6
CONTINUOUS
10
8.29621
20
-4.57063
11
8.29317
21
-4.57063
0
LINE
8
BLACK
6
CONTINUOUS
10
8.29317
20
-4.57063
11
8.29317
21
-4.57695
0
LINE
8
BLACK
6
CONTINUOUS
10
8.29317
20
-4.57695
11
8.29331
21
-4.5771
0
LINE
8
BLACK
6
CONTINUOUS
10
8.29331
20
-4.5771
11
8.29669
21
-4.57822
0
LINE
8
BLACK
6
CONTINUOUS
10
8.29669
20
-4.57822
11
8.29873
21
-4.57822
0
LINE
8
BLACK
6
CONTINUOUS
10
8.29873
20
-4.57822
11
8.30212
21
-4.5771
0
LINE
8
BLACK
6
CONTINUOUS
10
8.30212
20
-4.5771
11
8.30428
21
-4.57493
0
LINE
8
BLACK
6
CONTINUOUS
10
8.30428
20
-4.57493
11
8.30543
21
-4.57265
0
LINE
8
BLACK
6
CONTINUOUS
10
8.30543
20
-4.57265
11
8.30676
21
-4.56732
0
LINE
8
BLACK
6
CONTINUOUS
10
8.30676
20
-4.56732
11
8.30676
21
-4.56354
0
LINE
8
BLACK
6
CONTINUOUS
10
8.30676
20
-4.56354
11
8.30543
21
-4.55821
0
LINE
8
BLACK
6
CONTINUOUS
10
8.30543
20
-4.55821
11
8.30428
21
-4.55593
0
LINE
8
BLACK
6
CONTINUOUS
10
8.30428
20
-4.55593
11
8.30212
21
-4.55376
0
LINE
8
BLACK
6
CONTINUOUS
10
8.30212
20
-4.55376
11
8.29873
21
-4.55263
0
LINE
8
BLACK
6
CONTINUOUS
10
8.29873
20
-4.55263
11
8.29541
21
-4.55263
0
LINE
8
BLACK
6
CONTINUOUS
10
8.29541
20
-4.55263
11
8.29303
21
-4.55382
0
LINE
8
BLACK
6
CONTINUOUS
10
8.29303
20
-4.55382
11
8.29205
21
-4.55411
0
LINE
8
BLACK
6
CONTINUOUS
10
8.29205
20
-4.55411
11
8.29009
21
-4.55365
0
LINE
8
BLACK
6
CONTINUOUS
10
8.29009
20
-4.55365
11
8.28888
21
-4.55202
0
LINE
8
BLACK
6
CONTINUOUS
10
8.28888
20
-4.55202
11
8.289
21
-4.55001
0
LINE
8
BLACK
6
CONTINUOUS
10
8.289
20
-4.55001
11
8.29039
21
-4.54854
0
LINE
8
BLACK
6
CONTINUOUS
10
8.29039
20
-4.54854
11
8.29339
21
-4.54704
0
LINE
8
BLACK
6
CONTINUOUS
10
8.29339
20
-4.54704
11
8.29438
21
-4.54675
0
LINE
8
BLACK
6
CONTINUOUS
10
8.29438
20
-4.54675
11
8.29455
21
-4.54679
0
LINE
8
BLACK
6
CONTINUOUS
10
8.29455
20
-4.54679
11
8.29471
21
-4.54673
0
LINE
8
BLACK
6
CONTINUOUS
10
8.29471
20
-4.54673
11
8.29921
21
-4.54673
0
LINE
8
BLACK
6
CONTINUOUS
10
8.29921
20
-4.54673
11
8.30008
21
-4.54688
0
LINE
8
BLACK
6
CONTINUOUS
10
7.8504
20
-4.5468
11
7.85053
21
-4.54677
0
LINE
8
BLACK
6
CONTINUOUS
10
7.85053
20
-4.54677
11
7.85065
21
-4.54684
0
LINE
8
BLACK
6
CONTINUOUS
10
7.85065
20
-4.54684
11
7.85103
21
-4.54691
0
LINE
8
BLACK
6
CONTINUOUS
10
7.85103
20
-4.54691
11
7.85162
21
-4.5474
0
LINE
8
BLACK
6
CONTINUOUS
10
7.85162
20
-4.5474
11
7.85228
21
-4.54778
0
LINE
8
BLACK
6
CONTINUOUS
10
7.85228
20
-4.54778
11
7.85237
21
-4.54803
0
LINE
8
BLACK
6
CONTINUOUS
10
7.85237
20
-4.54803
11
7.85258
21
-4.5482
0
LINE
8
BLACK
6
CONTINUOUS
10
7.85258
20
-4.5482
11
7.85271
21
-4.54896
0
LINE
8
BLACK
6
CONTINUOUS
10
7.85271
20
-4.54896
11
7.85297
21
-4.54968
0
LINE
8
BLACK
6
CONTINUOUS
10
7.85297
20
-4.54968
11
7.85297
21
-4.58118
0
LINE
8
BLACK
6
CONTINUOUS
10
7.85297
20
-4.58118
11
7.8529
21
-4.58156
0
LINE
8
BLACK
6
CONTINUOUS
10
7.8529
20
-4.58156
11
7.85293
21
-4.58169
0
LINE
8
BLACK
6
CONTINUOUS
10
7.85293
20
-4.58169
11
7.85286
21
-4.5818
0
LINE
8
BLACK
6
CONTINUOUS
10
7.85286
20
-4.5818
11
7.85279
21
-4.58219
0
LINE
8
BLACK
6
CONTINUOUS
10
7.85279
20
-4.58219
11
7.8523
21
-4.58277
0
LINE
8
BLACK
6
CONTINUOUS
10
7.8523
20
-4.58277
11
7.85192
21
-4.58344
0
LINE
8
BLACK
6
CONTINUOUS
10
7.85192
20
-4.58344
11
7.85167
21
-4.58353
0
LINE
8
BLACK
6
CONTINUOUS
10
7.85167
20
-4.58353
11
7.8515
21
-4.58373
0
LINE
8
BLACK
6
CONTINUOUS
10
7.8515
20
-4.58373
11
7.85074
21
-4.58387
0
LINE
8
BLACK
6
CONTINUOUS
10
7.85074
20
-4.58387
11
7.85002
21
-4.58413
0
LINE
8
BLACK
6
CONTINUOUS
10
7.85002
20
-4.58413
11
7.84252
21
-4.58413
0
LINE
8
BLACK
6
CONTINUOUS
10
7.84252
20
-4.58413
11
7.84165
21
-4.58398
0
LINE
8
BLACK
6
CONTINUOUS
10
7.84165
20
-4.58398
11
7.84159
21
-4.58398
0
LINE
8
BLACK
6
CONTINUOUS
10
7.84159
20
-4.58398
11
7.83709
21
-4.58248
0
LINE
8
BLACK
6
CONTINUOUS
10
7.83709
20
-4.58248
11
7.83618
21
-4.58199
0
LINE
8
BLACK
6
CONTINUOUS
10
7.83618
20
-4.58199
11
7.83609
21
-4.58184
0
LINE
8
BLACK
6
CONTINUOUS
10
7.83609
20
-4.58184
11
7.83593
21
-4.58177
0
LINE
8
BLACK
6
CONTINUOUS
10
7.83593
20
-4.58177
11
7.83293
21
-4.57877
0
LINE
8
BLACK
6
CONTINUOUS
10
7.83293
20
-4.57877
11
7.83243
21
-4.57804
0
LINE
8
BLACK
6
CONTINUOUS
10
7.83243
20
-4.57804
11
7.83238
21
-4.578
0
LINE
8
BLACK
6
CONTINUOUS
10
7.83238
20
-4.578
11
7.83088
21
-4.575
0
LINE
8
BLACK
6
CONTINUOUS
10
7.83088
20
-4.575
11
7.83073
21
-4.57451
0
LINE
8
BLACK
6
CONTINUOUS
10
7.83073
20
-4.57451
11
7.83066
21
-4.57439
0
LINE
8
BLACK
6
CONTINUOUS
10
7.83066
20
-4.57439
11
7.82916
21
-4.5684
0
LINE
8
BLACK
6
CONTINUOUS
10
7.82916
20
-4.5684
11
7.82911
21
-4.56781
0
LINE
8
BLACK
6
CONTINUOUS
10
7.82911
20
-4.56781
11
7.82907
21
-4.56768
0
LINE
8
BLACK
6
CONTINUOUS
10
7.82907
20
-4.56768
11
7.82907
21
-4.56318
0
LINE
8
BLACK
6
CONTINUOUS
10
7.82907
20
-4.56318
11
7.82917
21
-4.5626
0
LINE
8
BLACK
6
CONTINUOUS
10
7.82917
20
-4.5626
11
7.82916
21
-4.56246
0
LINE
8
BLACK
6
CONTINUOUS
10
7.82916
20
-4.56246
11
7.83066
21
-4.55646
0
LINE
8
BLACK
6
CONTINUOUS
10
7.83066
20
-4.55646
11
7.83086
21
-4.556
0
LINE
8
BLACK
6
CONTINUOUS
10
7.83086
20
-4.556
11
7.83088
21
-4.55586
0
LINE
8
BLACK
6
CONTINUOUS
10
7.83088
20
-4.55586
11
7.83238
21
-4.55286
0
LINE
8
BLACK
6
CONTINUOUS
10
7.83238
20
-4.55286
11
7.83291
21
-4.55215
0
LINE
8
BLACK
6
CONTINUOUS
10
7.83291
20
-4.55215
11
7.83293
21
-4.55209
0
LINE
8
BLACK
6
CONTINUOUS
10
7.83293
20
-4.55209
11
7.83593
21
-4.54909
0
LINE
8
BLACK
6
CONTINUOUS
10
7.83593
20
-4.54909
11
7.83677
21
-4.5485
0
LINE
8
BLACK
6
CONTINUOUS
10
7.83677
20
-4.5485
11
7.83695
21
-4.54849
0
LINE
8
BLACK
6
CONTINUOUS
10
7.83695
20
-4.54849
11
7.83709
21
-4.54838
0
LINE
8
BLACK
6
CONTINUOUS
10
7.83709
20
-4.54838
11
7.84159
21
-4.54688
0
LINE
8
BLACK
6
CONTINUOUS
10
7.84159
20
-4.54688
11
7.84246
21
-4.54675
0
LINE
8
BLACK
6
CONTINUOUS
10
7.84246
20
-4.54675
11
7.84252
21
-4.54673
0
LINE
8
BLACK
6
CONTINUOUS
10
7.84252
20
-4.54673
11
7.85002
21
-4.54673
0
LINE
8
BLACK
6
CONTINUOUS
10
7.85002
20
-4.54673
11
7.8504
21
-4.5468
0
LINE
8
BLACK
6
CONTINUOUS
10
7.843
20
-4.55263
11
7.83962
21
-4.55376
0
LINE
8
BLACK
6
CONTINUOUS
10
7.83962
20
-4.55376
11
7.83745
21
-4.55593
0
LINE
8
BLACK
6
CONTINUOUS
10
7.83745
20
-4.55593
11
7.83631
21
-4.55821
0
LINE
8
BLACK
6
CONTINUOUS
10
7.83631
20
-4.55821
11
7.83497
21
-4.56354
0
LINE
8
BLACK
6
CONTINUOUS
10
7.83497
20
-4.56354
11
7.83497
21
-4.56732
0
LINE
8
BLACK
6
CONTINUOUS
10
7.83497
20
-4.56732
11
7.83631
21
-4.57265
0
LINE
8
BLACK
6
CONTINUOUS
10
7.83631
20
-4.57265
11
7.83745
21
-4.57493
0
LINE
8
BLACK
6
CONTINUOUS
10
7.83745
20
-4.57493
11
7.83962
21
-4.5771
0
LINE
8
BLACK
6
CONTINUOUS
10
7.83962
20
-4.5771
11
7.843
21
-4.57822
0
LINE
8
BLACK
6
CONTINUOUS
10
7.843
20
-4.57822
11
7.84707
21
-4.57822
0
LINE
8
BLACK
6
CONTINUOUS
10
7.84707
20
-4.57822
11
7.84707
21
-4.55263
0
LINE
8
BLACK
6
CONTINUOUS
10
7.84707
20
-4.55263
11
7.843
21
-4.55263
0
LINE
8
BLACK
6
CONTINUOUS
10
7.8081
20
-4.54691
11
7.80823
21
-4.54702
0
LINE
8
BLACK
6
CONTINUOUS
10
7.80823
20
-4.54702
11
7.80841
21
-4.54704
0
LINE
8
BLACK
6
CONTINUOUS
10
7.80841
20
-4.54704
11
7.81141
21
-4.54854
0
LINE
8
BLACK
6
CONTINUOUS
10
7.81141
20
-4.54854
11
7.81212
21
-4.54907
0
LINE
8
BLACK
6
CONTINUOUS
10
7.81212
20
-4.54907
11
7.81217
21
-4.54909
0
LINE
8
BLACK
6
CONTINUOUS
10
7.81217
20
-4.54909
11
7.81517
21
-4.55209
0
LINE
8
BLACK
6
CONTINUOUS
10
7.81517
20
-4.55209
11
7.81576
21
-4.55293
0
LINE
8
BLACK
6
CONTINUOUS
10
7.81576
20
-4.55293
11
7.81579
21
-4.55322
0
LINE
8
BLACK
6
CONTINUOUS
10
7.81579
20
-4.55322
11
7.81595
21
-4.55346
0
LINE
8
BLACK
6
CONTINUOUS
10
7.81595
20
-4.55346
11
7.81745
21
-4.55946
0
LINE
8
BLACK
6
CONTINUOUS
10
7.81745
20
-4.55946
11
7.81749
21
-4.56005
0
LINE
8
BLACK
6
CONTINUOUS
10
7.81749
20
-4.56005
11
7.81754
21
-4.56018
0
LINE
8
BLACK
6
CONTINUOUS
10
7.81754
20
-4.56018
11
7.81754
21
-4.57068
0
LINE
8
BLACK
6
CONTINUOUS
10
7.81754
20
-4.57068
11
7.81744
21
-4.57126
0
LINE
8
BLACK
6
CONTINUOUS
10
7.81744
20
-4.57126
11
7.81745
21
-4.57139
0
LINE
8
BLACK
6
CONTINUOUS
10
7.81745
20
-4.57139
11
7.81595
21
-4.57739
0
LINE
8
BLACK
6
CONTINUOUS
10
7.81595
20
-4.57739
11
7.81553
21
-4.57833
0
LINE
8
BLACK
6
CONTINUOUS
10
7.81553
20
-4.57833
11
7.8153
21
-4.5785
0
LINE
8
BLACK
6
CONTINUOUS
10
7.8153
20
-4.5785
11
7.81517
21
-4.57877
0
LINE
8
BLACK
6
CONTINUOUS
10
7.81517
20
-4.57877
11
7.81217
21
-4.58177
0
LINE
8
BLACK
6
CONTINUOUS
10
7.81217
20
-4.58177
11
7.81145
21
-4.58227
0
LINE
8
BLACK
6
CONTINUOUS
10
7.81145
20
-4.58227
11
7.81141
21
-4.58232
0
LINE
8
BLACK
6
CONTINUOUS
10
7.81141
20
-4.58232
11
7.80841
21
-4.58382
0
LINE
8
BLACK
6
CONTINUOUS
10
7.80841
20
-4.58382
11
7.80742
21
-4.58411
0
LINE
8
BLACK
6
CONTINUOUS
10
7.80742
20
-4.58411
11
7.80725
21
-4.58407
0
LINE
8
BLACK
6
CONTINUOUS
10
7.80725
20
-4.58407
11
7.80709
21
-4.58413
0
LINE
8
BLACK
6
CONTINUOUS
10
7.80709
20
-4.58413
11
7.80109
21
-4.58413
0
LINE
8
BLACK
6
CONTINUOUS
10
7.80109
20
-4.58413
11
7.80008
21
-4.58395
0
LINE
8
BLACK
6
CONTINUOUS
10
7.80008
20
-4.58395
11
7.79994
21
-4.58384
0
LINE
8
BLACK
6
CONTINUOUS
10
7.79994
20
-4.58384
11
7.79977
21
-4.58382
0
LINE
8
BLACK
6
CONTINUOUS
10
7.79977
20
-4.58382
11
7.79677
21
-4.58232
0
LINE
8
BLACK
6
CONTINUOUS
10
7.79677
20
-4.58232
11
7.79606
21
-4.58179
0
LINE
8
BLACK
6
CONTINUOUS
10
7.79606
20
-4.58179
11
7.796
21
-4.58177
0
LINE
8
BLACK
6
CONTINUOUS
10
7.796
20
-4.58177
11
7.793
21
-4.57877
0
LINE
8
BLACK
6
CONTINUOUS
10
7.793
20
-4.57877
11
7.79241
21
-4.57793
0
LINE
8
BLACK
6
CONTINUOUS
10
7.79241
20
-4.57793
11
7.79239
21
-4.57764
0
LINE
8
BLACK
6
CONTINUOUS
10
7.79239
20
-4.57764
11
7.79222
21
-4.57739
0
LINE
8
BLACK
6
CONTINUOUS
10
7.79222
20
-4.57739
11
7.79072
21
-4.57139
0
LINE
8
BLACK
6
CONTINUOUS
10
7.79072
20
-4.57139
11
7.79068
21
-4.57081
0
LINE
8
BLACK
6
CONTINUOUS
10
7.79068
20
-4.57081
11
7.79064
21
-4.57068
0
LINE
8
BLACK
6
CONTINUOUS
10
7.79064
20
-4.57068
11
7.79064
21
-4.56018
0
LINE
8
BLACK
6
CONTINUOUS
10
7.79064
20
-4.56018
11
7.79074
21
-4.5596
0
LINE
8
BLACK
6
CONTINUOUS
10
7.79074
20
-4.5596
11
7.79072
21
-4.55946
0
LINE
8
BLACK
6
CONTINUOUS
10
7.79072
20
-4.55946
11
7.79222
21
-4.55346
0
LINE
8
BLACK
6
CONTINUOUS
10
7.79222
20
-4.55346
11
7.79264
21
-4.55253
0
LINE
8
BLACK
6
CONTINUOUS
10
7.79264
20
-4.55253
11
7.79288
21
-4.55236
0
LINE
8
BLACK
6
CONTINUOUS
10
7.79288
20
-4.55236
11
7.793
21
-4.55209
0
LINE
8
BLACK
6
CONTINUOUS
10
7.793
20
-4.55209
11
7.796
21
-4.54909
0
LINE
8
BLACK
6
CONTINUOUS
10
7.796
20
-4.54909
11
7.79672
21
-4.54859
0
LINE
8
BLACK
6
CONTINUOUS
10
7.79672
20
-4.54859
11
7.79677
21
-4.54854
0
LINE
8
BLACK
6
CONTINUOUS
10
7.79677
20
-4.54854
11
7.79977
21
-4.54704
0
LINE
8
BLACK
6
CONTINUOUS
10
7.79977
20
-4.54704
11
7.80075
21
-4.54675
0
LINE
8
BLACK
6
CONTINUOUS
10
7.80075
20
-4.54675
11
7.80092
21
-4.54679
0
LINE
8
BLACK
6
CONTINUOUS
10
7.80092
20
-4.54679
11
7.80109
21
-4.54673
0
LINE
8
BLACK
6
CONTINUOUS
10
7.80109
20
-4.54673
11
7.80709
21
-4.54673
0
LINE
8
BLACK
6
CONTINUOUS
10
7.80709
20
-4.54673
11
7.8081
21
-4.54691
0
LINE
8
BLACK
6
CONTINUOUS
10
7.80178
20
-4.55263
11
7.79984
21
-4.55361
0
LINE
8
BLACK
6
CONTINUOUS
10
7.79984
20
-4.55361
11
7.79775
21
-4.55569
0
LINE
8
BLACK
6
CONTINUOUS
10
7.79775
20
-4.55569
11
7.79654
21
-4.56054
0
LINE
8
BLACK
6
CONTINUOUS
10
7.79654
20
-4.56054
11
7.79654
21
-4.57032
0
LINE
8
BLACK
6
CONTINUOUS
10
7.79654
20
-4.57032
11
7.79775
21
-4.57517
0
LINE
8
BLACK
6
CONTINUOUS
10
7.79775
20
-4.57517
11
7.79984
21
-4.57725
0
LINE
8
BLACK
6
CONTINUOUS
10
7.79984
20
-4.57725
11
7.80178
21
-4.57822
0
LINE
8
BLACK
6
CONTINUOUS
10
7.80178
20
-4.57822
11
7.80639
21
-4.57822
0
LINE
8
BLACK
6
CONTINUOUS
10
7.80639
20
-4.57822
11
7.80834
21
-4.57725
0
LINE
8
BLACK
6
CONTINUOUS
10
7.80834
20
-4.57725
11
7.81042
21
-4.57517
0
LINE
8
BLACK
6
CONTINUOUS
10
7.81042
20
-4.57517
11
7.81163
21
-4.57032
0
LINE
8
BLACK
6
CONTINUOUS
10
7.81163
20
-4.57032
11
7.81163
21
-4.56054
0
LINE
8
BLACK
6
CONTINUOUS
10
7.81163
20
-4.56054
11
7.81042
21
-4.55569
0
LINE
8
BLACK
6
CONTINUOUS
10
7.81042
20
-4.55569
11
7.80834
21
-4.55361
0
LINE
8
BLACK
6
CONTINUOUS
10
7.80834
20
-4.55361
11
7.80639
21
-4.55263
0
LINE
8
BLACK
6
CONTINUOUS
10
7.80639
20
-4.55263
11
7.80178
21
-4.55263
0
LINE
8
BLACK
6
CONTINUOUS
10
7.78235
20
-4.54778
11
7.78304
21
-4.54968
0
LINE
8
BLACK
6
CONTINUOUS
10
7.78304
20
-4.54968
11
7.78304
21
-4.57518
0
LINE
8
BLACK
6
CONTINUOUS
10
7.78304
20
-4.57518
11
7.78286
21
-4.57619
0
LINE
8
BLACK
6
CONTINUOUS
10
7.78286
20
-4.57619
11
7.78275
21
-4.57632
0
LINE
8
BLACK
6
CONTINUOUS
10
7.78275
20
-4.57632
11
7.78273
21
-4.5765
0
LINE
8
BLACK
6
CONTINUOUS
10
7.78273
20
-4.5765
11
7.78123
21
-4.5795
0
LINE
8
BLACK
6
CONTINUOUS
10
7.78123
20
-4.5795
11
7.78071
21
-4.58021
0
LINE
8
BLACK
6
CONTINUOUS
10
7.78071
20
-4.58021
11
7.78068
21
-4.58027
0
LINE
8
BLACK
6
CONTINUOUS
10
7.78068
20
-4.58027
11
7.77918
21
-4.58177
0
LINE
8
BLACK
6
CONTINUOUS
10
7.77918
20
-4.58177
11
7.77846
21
-4.58227
0
LINE
8
BLACK
6
CONTINUOUS
10
7.77846
20
-4.58227
11
7.77841
21
-4.58232
0
LINE
8
BLACK
6
CONTINUOUS
10
7.77841
20
-4.58232
11
7.77541
21
-4.58382
0
LINE
8
BLACK
6
CONTINUOUS
10
7.77541
20
-4.58382
11
7.77443
21
-4.58411
0
LINE
8
BLACK
6
CONTINUOUS
10
7.77443
20
-4.58411
11
7.77426
21
-4.58407
0
LINE
8
BLACK
6
CONTINUOUS
10
7.77426
20
-4.58407
11
7.77409
21
-4.58413
0
LINE
8
BLACK
6
CONTINUOUS
10
7.77409
20
-4.58413
11
7.76809
21
-4.58413
0
LINE
8
BLACK
6
CONTINUOUS
10
7.76809
20
-4.58413
11
7.76708
21
-4.58395
0
LINE
8
BLACK
6
CONTINUOUS
10
7.76708
20
-4.58395
11
7.76695
21
-4.58384
0
LINE
8
BLACK
6
CONTINUOUS
10
7.76695
20
-4.58384
11
7.76677
21
-4.58382
0
LINE
8
BLACK
6
CONTINUOUS
10
7.76677
20
-4.58382
11
7.76377
21
-4.58232
0
LINE
8
BLACK
6
CONTINUOUS
10
7.76377
20
-4.58232
11
7.76306
21
-4.58179
0
LINE
8
BLACK
6
CONTINUOUS
10
7.76306
20
-4.58179
11
7.763
21
-4.58177
0
LINE
8
BLACK
6
CONTINUOUS
10
7.763
20
-4.58177
11
7.7615
21
-4.58027
0
LINE
8
BLACK
6
CONTINUOUS
10
7.7615
20
-4.58027
11
7.761
21
-4.57954
0
LINE
8
BLACK
6
CONTINUOUS
10
7.761
20
-4.57954
11
7.76095
21
-4.5795
0
LINE
8
BLACK
6
CONTINUOUS
10
7.76095
20
-4.5795
11
7.75945
21
-4.5765
0
LINE
8
BLACK
6
CONTINUOUS
10
7.75945
20
-4.5765
11
7.75916
21
-4.57552
0
LINE
8
BLACK
6
CONTINUOUS
10
7.75916
20
-4.57552
11
7.7592
21
-4.57534
0
LINE
8
BLACK
6
CONTINUOUS
10
7.7592
20
-4.57534
11
7.75914
21
-4.57518
0
LINE
8
BLACK
6
CONTINUOUS
10
7.75914
20
-4.57518
11
7.75914
21
-4.54968
0
LINE
8
BLACK
6
CONTINUOUS
10
7.75914
20
-4.54968
11
7.75932
21
-4.54867
0
LINE
8
BLACK
6
CONTINUOUS
10
7.75932
20
-4.54867
11
7.76062
21
-4.54712
0
LINE
8
BLACK
6
CONTINUOUS
10
7.76062
20
-4.54712
11
7.7626
21
-4.54677
0
LINE
8
BLACK
6
CONTINUOUS
10
7.7626
20
-4.54677
11
7.76435
21
-4.54778
0
LINE
8
BLACK
6
CONTINUOUS
10
7.76435
20
-4.54778
11
7.76504
21
-4.54968
0
LINE
8
BLACK
6
CONTINUOUS
10
7.76504
20
-4.54968
11
7.76504
21
-4.57448
0
LINE
8
BLACK
6
CONTINUOUS
10
7.76504
20
-4.57448
11
7.76602
21
-4.57643
0
LINE
8
BLACK
6
CONTINUOUS
10
7.76602
20
-4.57643
11
7.76684
21
-4.57725
0
LINE
8
BLACK
6
CONTINUOUS
10
7.76684
20
-4.57725
11
7.76879
21
-4.57822
0
LINE
8
BLACK
6
CONTINUOUS
10
7.76879
20
-4.57822
11
7.77339
21
-4.57822
0
LINE
8
BLACK
6
CONTINUOUS
10
7.77339
20
-4.57822
11
7.77534
21
-4.57725
0
LINE
8
BLACK
6
CONTINUOUS
10
7.77534
20
-4.57725
11
7.77616
21
-4.57643
0
LINE
8
BLACK
6
CONTINUOUS
10
7.77616
20
-4.57643
11
7.77714
21
-4.57448
0
LINE
8
BLACK
6
CONTINUOUS
10
7.77714
20
-4.57448
11
7.77714
21
-4.54968
0
LINE
8
BLACK
6
CONTINUOUS
10
7.77714
20
-4.54968
11
7.77732
21
-4.54867
0
LINE
8
BLACK
6
CONTINUOUS
10
7.77732
20
-4.54867
11
7.77861
21
-4.54712
0
LINE
8
BLACK
6
CONTINUOUS
10
7.77861
20
-4.54712
11
7.7806
21
-4.54677
0
LINE
8
BLACK
6
CONTINUOUS
10
7.7806
20
-4.54677
11
7.78235
21
-4.54778
0
LINE
8
BLACK
6
CONTINUOUS
10
8.27696
20
-4.54682
11
8.27723
21
-4.54677
0
LINE
8
BLACK
6
CONTINUOUS
10
8.27723
20
-4.54677
11
8.27789
21
-4.54715
0
LINE
8
BLACK
6
CONTINUOUS
10
8.27789
20
-4.54715
11
8.2786
21
-4.54741
0
LINE
8
BLACK
6
CONTINUOUS
10
8.2786
20
-4.54741
11
8.27874
21
-4.54765
0
LINE
8
BLACK
6
CONTINUOUS
10
8.27874
20
-4.54765
11
8.27898
21
-4.54778
0
LINE
8
BLACK
6
CONTINUOUS
10
8.27898
20
-4.54778
11
8.27924
21
-4.5485
0
LINE
8
BLACK
6
CONTINUOUS
10
8.27924
20
-4.5485
11
8.27962
21
-4.54916
0
LINE
8
BLACK
6
CONTINUOUS
10
8.27962
20
-4.54916
11
8.27957
21
-4.54942
0
LINE
8
BLACK
6
CONTINUOUS
10
8.27957
20
-4.54942
11
8.27967
21
-4.54968
0
LINE
8
BLACK
6
CONTINUOUS
10
8.27967
20
-4.54968
11
8.27967
21
-4.58118
0
LINE
8
BLACK
6
CONTINUOUS
10
8.27967
20
-4.58118
11
8.27949
21
-4.58219
0
LINE
8
BLACK
6
CONTINUOUS
10
8.27949
20
-4.58219
11
8.27819
21
-4.58373
0
LINE
8
BLACK
6
CONTINUOUS
10
8.27819
20
-4.58373
11
8.2762
21
-4.58409
0
LINE
8
BLACK
6
CONTINUOUS
10
8.2762
20
-4.58409
11
8.27445
21
-4.58308
0
LINE
8
BLACK
6
CONTINUOUS
10
8.27445
20
-4.58308
11
8.27376
21
-4.58118
0
LINE
8
BLACK
6
CONTINUOUS
10
8.27376
20
-4.58118
11
8.27376
21
-4.5608
0
LINE
8
BLACK
6
CONTINUOUS
10
8.27376
20
-4.5608
11
8.26128
21
-4.58264
0
LINE
8
BLACK
6
CONTINUOUS
10
8.26128
20
-4.58264
11
8.26063
21
-4.58343
0
LINE
8
BLACK
6
CONTINUOUS
10
8.26063
20
-4.58343
11
8.26037
21
-4.58353
0
LINE
8
BLACK
6
CONTINUOUS
10
8.26037
20
-4.58353
11
8.26019
21
-4.58373
0
LINE
8
BLACK
6
CONTINUOUS
10
8.26019
20
-4.58373
11
8.25944
21
-4.58387
0
LINE
8
BLACK
6
CONTINUOUS
10
8.25944
20
-4.58387
11
8.25873
21
-4.58413
0
LINE
8
BLACK
6
CONTINUOUS
10
8.25873
20
-4.58413
11
8.25847
21
-4.58404
0
LINE
8
BLACK
6
CONTINUOUS
10
8.25847
20
-4.58404
11
8.2582
21
-4.58409
0
LINE
8
BLACK
6
CONTINUOUS
10
8.2582
20
-4.58409
11
8.25755
21
-4.5837
0
LINE
8
BLACK
6
CONTINUOUS
10
8.25755
20
-4.5837
11
8.25683
21
-4.58345
0
LINE
8
BLACK
6
CONTINUOUS
10
8.25683
20
-4.58345
11
8.25669
21
-4.58321
0
LINE
8
BLACK
6
CONTINUOUS
10
8.25669
20
-4.58321
11
8.25646
21
-4.58308
0
LINE
8
BLACK
6
CONTINUOUS
10
8.25646
20
-4.58308
11
8.2562
21
-4.58236
0
LINE
8
BLACK
6
CONTINUOUS
10
8.2562
20
-4.58236
11
8.25581
21
-4.5817
0
LINE
8
BLACK
6
CONTINUOUS
10
8.25581
20
-4.5817
11
8.25586
21
-4.58143
0
LINE
8
BLACK
6
CONTINUOUS
10
8.25586
20
-4.58143
11
8.25576
21
-4.58118
0
LINE
8
BLACK
6
CONTINUOUS
10
8.25576
20
-4.58118
11
8.25576
21
-4.54968
0
LINE
8
BLACK
6
CONTINUOUS
10
8.25576
20
-4.54968
11
8.25594
21
-4.54867
0
LINE
8
BLACK
6
CONTINUOUS
10
8.25594
20
-4.54867
11
8.25724
21
-4.54712
0
LINE
8
BLACK
6
CONTINUOUS
10
8.25724
20
-4.54712
11
8.25923
21
-4.54677
0
LINE
8
BLACK
6
CONTINUOUS
10
8.25923
20
-4.54677
11
8.26098
21
-4.54778
0
LINE
8
BLACK
6
CONTINUOUS
10
8.26098
20
-4.54778
11
8.26167
21
-4.54968
0
LINE
8
BLACK
6
CONTINUOUS
10
8.26167
20
-4.54968
11
8.26167
21
-4.57006
0
LINE
8
BLACK
6
CONTINUOUS
10
8.26167
20
-4.57006
11
8.27415
21
-4.54822
0
LINE
8
BLACK
6
CONTINUOUS
10
8.27415
20
-4.54822
11
8.27481
21
-4.54743
0
LINE
8
BLACK
6
CONTINUOUS
10
8.27481
20
-4.54743
11
8.27506
21
-4.54733
0
LINE
8
BLACK
6
CONTINUOUS
10
8.27506
20
-4.54733
11
8.27524
21
-4.54712
0
LINE
8
BLACK
6
CONTINUOUS
10
8.27524
20
-4.54712
11
8.27599
21
-4.54699
0
LINE
8
BLACK
6
CONTINUOUS
10
8.27599
20
-4.54699
11
8.2767
21
-4.54673
0
LINE
8
BLACK
6
CONTINUOUS
10
8.2767
20
-4.54673
11
8.27696
21
-4.54682
0
LINE
8
BLACK
6
CONTINUOUS
10
7.88326
20
-4.54682
11
7.88353
21
-4.54677
0
LINE
8
BLACK
6
CONTINUOUS
10
7.88353
20
-4.54677
11
7.88419
21
-4.54715
0
LINE
8
BLACK
6
CONTINUOUS
10
7.88419
20
-4.54715
11
7.8849
21
-4.54741
0
LINE
8
BLACK
6
CONTINUOUS
10
7.8849
20
-4.54741
11
7.88504
21
-4.54765
0
LINE
8
BLACK
6
CONTINUOUS
10
7.88504
20
-4.54765
11
7.88528
21
-4.54778
0
LINE
8
BLACK
6
CONTINUOUS
10
7.88528
20
-4.54778
11
7.88554
21
-4.5485
0
LINE
8
BLACK
6
CONTINUOUS
10
7.88554
20
-4.5485
11
7.88592
21
-4.54916
0
LINE
8
BLACK
6
CONTINUOUS
10
7.88592
20
-4.54916
11
7.88587
21
-4.54942
0
LINE
8
BLACK
6
CONTINUOUS
10
7.88587
20
-4.54942
11
7.88597
21
-4.54968
0
LINE
8
BLACK
6
CONTINUOUS
10
7.88597
20
-4.54968
11
7.88597
21
-4.58118
0
LINE
8
BLACK
6
CONTINUOUS
10
7.88597
20
-4.58118
11
7.88579
21
-4.58219
0
LINE
8
BLACK
6
CONTINUOUS
10
7.88579
20
-4.58219
11
7.88449
21
-4.58373
0
LINE
8
BLACK
6
CONTINUOUS
10
7.88449
20
-4.58373
11
7.8825
21
-4.58409
0
LINE
8
BLACK
6
CONTINUOUS
10
7.8825
20
-4.58409
11
7.88075
21
-4.58308
0
LINE
8
BLACK
6
CONTINUOUS
10
7.88075
20
-4.58308
11
7.88006
21
-4.58118
0
LINE
8
BLACK
6
CONTINUOUS
10
7.88006
20
-4.58118
11
7.88006
21
-4.5608
0
LINE
8
BLACK
6
CONTINUOUS
10
7.88006
20
-4.5608
11
7.86758
21
-4.58264
0
LINE
8
BLACK
6
CONTINUOUS
10
7.86758
20
-4.58264
11
7.86692
21
-4.58343
0
LINE
8
BLACK
6
CONTINUOUS
10
7.86692
20
-4.58343
11
7.86667
21
-4.58353
0
LINE
8
BLACK
6
CONTINUOUS
10
7.86667
20
-4.58353
11
7.86649
21
-4.58373
0
LINE
8
BLACK
6
CONTINUOUS
10
7.86649
20
-4.58373
11
7.86574
21
-4.58387
0
LINE
8
BLACK
6
CONTINUOUS
10
7.86574
20
-4.58387
11
7.86503
21
-4.58413
0
LINE
8
BLACK
6
CONTINUOUS
10
7.86503
20
-4.58413
11
7.86477
21
-4.58404
0
LINE
8
BLACK
6
CONTINUOUS
10
7.86477
20
-4.58404
11
7.8645
21
-4.58409
0
LINE
8
BLACK
6
CONTINUOUS
10
7.8645
20
-4.58409
11
7.86385
21
-4.5837
0
LINE
8
BLACK
6
CONTINUOUS
10
7.86385
20
-4.5837
11
7.86313
21
-4.58345
0
LINE
8
BLACK
6
CONTINUOUS
10
7.86313
20
-4.58345
11
7.86299
21
-4.58321
0
LINE
8
BLACK
6
CONTINUOUS
10
7.86299
20
-4.58321
11
7.86275
21
-4.58308
0
LINE
8
BLACK
6
CONTINUOUS
10
7.86275
20
-4.58308
11
7.86249
21
-4.58236
0
LINE
8
BLACK
6
CONTINUOUS
10
7.86249
20
-4.58236
11
7.86211
21
-4.5817
0
LINE
8
BLACK
6
CONTINUOUS
10
7.86211
20
-4.5817
11
7.86216
21
-4.58143
0
LINE
8
BLACK
6
CONTINUOUS
10
7.86216
20
-4.58143
11
7.86206
21
-4.58118
0
LINE
8
BLACK
6
CONTINUOUS
10
7.86206
20
-4.58118
11
7.86206
21
-4.54968
0
LINE
8
BLACK
6
CONTINUOUS
10
7.86206
20
-4.54968
11
7.86224
21
-4.54867
0
LINE
8
BLACK
6
CONTINUOUS
10
7.86224
20
-4.54867
11
7.86354
21
-4.54712
0
LINE
8
BLACK
6
CONTINUOUS
10
7.86354
20
-4.54712
11
7.86553
21
-4.54677
0
LINE
8
BLACK
6
CONTINUOUS
10
7.86553
20
-4.54677
11
7.86728
21
-4.54778
0
LINE
8
BLACK
6
CONTINUOUS
10
7.86728
20
-4.54778
11
7.86797
21
-4.54968
0
LINE
8
BLACK
6
CONTINUOUS
10
7.86797
20
-4.54968
11
7.86797
21
-4.57006
0
LINE
8
BLACK
6
CONTINUOUS
10
7.86797
20
-4.57006
11
7.88045
21
-4.54822
0
LINE
8
BLACK
6
CONTINUOUS
10
7.88045
20
-4.54822
11
7.88111
21
-4.54743
0
LINE
8
BLACK
6
CONTINUOUS
10
7.88111
20
-4.54743
11
7.88136
21
-4.54733
0
LINE
8
BLACK
6
CONTINUOUS
10
7.88136
20
-4.54733
11
7.88154
21
-4.54712
0
LINE
8
BLACK
6
CONTINUOUS
10
7.88154
20
-4.54712
11
7.88229
21
-4.54699
0
LINE
8
BLACK
6
CONTINUOUS
10
7.88229
20
-4.54699
11
7.883
21
-4.54673
0
LINE
8
BLACK
6
CONTINUOUS
10
7.883
20
-4.54673
11
7.88326
21
-4.54682
0
LINE
8
BLACK
6
CONTINUOUS
10
8.17103
20
-4.54682
11
8.1713
21
-4.54677
0
LINE
8
BLACK
6
CONTINUOUS
10
8.1713
20
-4.54677
11
8.17196
21
-4.54715
0
LINE
8
BLACK
6
CONTINUOUS
10
8.17196
20
-4.54715
11
8.17268
21
-4.54741
0
LINE
8
BLACK
6
CONTINUOUS
10
8.17268
20
-4.54741
11
8.17282
21
-4.54765
0
LINE
8
BLACK
6
CONTINUOUS
10
8.17282
20
-4.54765
11
8.17305
21
-4.54778
0
LINE
8
BLACK
6
CONTINUOUS
10
8.17305
20
-4.54778
11
8.17331
21
-4.5485
0
LINE
8
BLACK
6
CONTINUOUS
10
8.17331
20
-4.5485
11
8.1737
21
-4.54916
0
LINE
8
BLACK
6
CONTINUOUS
10
8.1737
20
-4.54916
11
8.17365
21
-4.54942
0
LINE
8
BLACK
6
CONTINUOUS
10
8.17365
20
-4.54942
11
8.17374
21
-4.54968
0
LINE
8
BLACK
6
CONTINUOUS
10
8.17374
20
-4.54968
11
8.17374
21
-4.58118
0
LINE
8
BLACK
6
CONTINUOUS
10
8.17374
20
-4.58118
11
8.17357
21
-4.58219
0
LINE
8
BLACK
6
CONTINUOUS
10
8.17357
20
-4.58219
11
8.17227
21
-4.58373
0
LINE
8
BLACK
6
CONTINUOUS
10
8.17227
20
-4.58373
11
8.17028
21
-4.58409
0
LINE
8
BLACK
6
CONTINUOUS
10
8.17028
20
-4.58409
11
8.16853
21
-4.58308
0
LINE
8
BLACK
6
CONTINUOUS
10
8.16853
20
-4.58308
11
8.16784
21
-4.58118
0
LINE
8
BLACK
6
CONTINUOUS
10
8.16784
20
-4.58118
11
8.16784
21
-4.5608
0
LINE
8
BLACK
6
CONTINUOUS
10
8.16784
20
-4.5608
11
8.15536
21
-4.58264
0
LINE
8
BLACK
6
CONTINUOUS
10
8.15536
20
-4.58264
11
8.1547
21
-4.58343
0
LINE
8
BLACK
6
CONTINUOUS
10
8.1547
20
-4.58343
11
8.15445
21
-4.58353
0
LINE
8
BLACK
6
CONTINUOUS
10
8.15445
20
-4.58353
11
8.15427
21
-4.58373
0
LINE
8
BLACK
6
CONTINUOUS
10
8.15427
20
-4.58373
11
8.15352
21
-4.58387
0
LINE
8
BLACK
6
CONTINUOUS
10
8.15352
20
-4.58387
11
8.15281
21
-4.58413
0
LINE
8
BLACK
6
CONTINUOUS
10
8.15281
20
-4.58413
11
8.15255
21
-4.58404
0
LINE
8
BLACK
6
CONTINUOUS
10
8.15255
20
-4.58404
11
8.15228
21
-4.58409
0
LINE
8
BLACK
6
CONTINUOUS
10
8.15228
20
-4.58409
11
8.15162
21
-4.5837
0
LINE
8
BLACK
6
CONTINUOUS
10
8.15162
20
-4.5837
11
8.15091
21
-4.58345
0
LINE
8
BLACK
6
CONTINUOUS
10
8.15091
20
-4.58345
11
8.15077
21
-4.58321
0
LINE
8
BLACK
6
CONTINUOUS
10
8.15077
20
-4.58321
11
8.15053
21
-4.58308
0
LINE
8
BLACK
6
CONTINUOUS
10
8.15053
20
-4.58308
11
8.15027
21
-4.58236
0
LINE
8
BLACK
6
CONTINUOUS
10
8.15027
20
-4.58236
11
8.14989
21
-4.5817
0
LINE
8
BLACK
6
CONTINUOUS
10
8.14989
20
-4.5817
11
8.14993
21
-4.58143
0
LINE
8
BLACK
6
CONTINUOUS
10
8.14993
20
-4.58143
11
8.14984
21
-4.58118
0
LINE
8
BLACK
6
CONTINUOUS
10
8.14984
20
-4.58118
11
8.14984
21
-4.54968
0
LINE
8
BLACK
6
CONTINUOUS
10
8.14984
20
-4.54968
11
8.15002
21
-4.54867
0
LINE
8
BLACK
6
CONTINUOUS
10
8.15002
20
-4.54867
11
8.15132
21
-4.54712
0
LINE
8
BLACK
6
CONTINUOUS
10
8.15132
20
-4.54712
11
8.15331
21
-4.54677
0
LINE
8
BLACK
6
CONTINUOUS
10
8.15331
20
-4.54677
11
8.15506
21
-4.54778
0
LINE
8
BLACK
6
CONTINUOUS
10
8.15506
20
-4.54778
11
8.15575
21
-4.54968
0
LINE
8
BLACK
6
CONTINUOUS
10
8.15575
20
-4.54968
11
8.15575
21
-4.57006
0
LINE
8
BLACK
6
CONTINUOUS
10
8.15575
20
-4.57006
11
8.16823
21
-4.54822
0
LINE
8
BLACK
6
CONTINUOUS
10
8.16823
20
-4.54822
11
8.16888
21
-4.54743
0
LINE
8
BLACK
6
CONTINUOUS
10
8.16888
20
-4.54743
11
8.16914
21
-4.54733
0
LINE
8
BLACK
6
CONTINUOUS
10
8.16914
20
-4.54733
11
8.16931
21
-4.54712
0
LINE
8
BLACK
6
CONTINUOUS
10
8.16931
20
-4.54712
11
8.17006
21
-4.54699
0
LINE
8
BLACK
6
CONTINUOUS
10
8.17006
20
-4.54699
11
8.17078
21
-4.54673
0
LINE
8
BLACK
6
CONTINUOUS
10
8.17078
20
-4.54673
11
8.17103
21
-4.54682
0
LINE
8
BLACK
6
CONTINUOUS
10
8.87634
20
-4.54755
11
8.87723
21
-4.54936
0
LINE
8
BLACK
6
CONTINUOUS
10
8.87723
20
-4.54936
11
8.87675
21
-4.55132
0
LINE
8
BLACK
6
CONTINUOUS
10
8.87675
20
-4.55132
11
8.86735
21
-4.56543
0
LINE
8
BLACK
6
CONTINUOUS
10
8.86735
20
-4.56543
11
8.87675
21
-4.57954
0
LINE
8
BLACK
6
CONTINUOUS
10
8.87675
20
-4.57954
11
8.87717
21
-4.58048
0
LINE
8
BLACK
6
CONTINUOUS
10
8.87717
20
-4.58048
11
8.87694
21
-4.58249
0
LINE
8
BLACK
6
CONTINUOUS
10
8.87694
20
-4.58249
11
8.87548
21
-4.58388
0
LINE
8
BLACK
6
CONTINUOUS
10
8.87548
20
-4.58388
11
8.87347
21
-4.58401
0
LINE
8
BLACK
6
CONTINUOUS
10
8.87347
20
-4.58401
11
8.87184
21
-4.58282
0
LINE
8
BLACK
6
CONTINUOUS
10
8.87184
20
-4.58282
11
8.8638
21
-4.57075
0
LINE
8
BLACK
6
CONTINUOUS
10
8.8638
20
-4.57075
11
8.85576
21
-4.58282
0
LINE
8
BLACK
6
CONTINUOUS
10
8.85576
20
-4.58282
11
8.85505
21
-4.58356
0
LINE
8
BLACK
6
CONTINUOUS
10
8.85505
20
-4.58356
11
8.85311
21
-4.58412
0
LINE
8
BLACK
6
CONTINUOUS
10
8.85311
20
-4.58412
11
8.85126
21
-4.58331
0
LINE
8
BLACK
6
CONTINUOUS
10
8.85126
20
-4.58331
11
8.85036
21
-4.5815
0
LINE
8
BLACK
6
CONTINUOUS
10
8.85036
20
-4.5815
11
8.85084
21
-4.57954
0
LINE
8
BLACK
6
CONTINUOUS
10
8.85084
20
-4.57954
11
8.86025
21
-4.56543
0
LINE
8
BLACK
6
CONTINUOUS
10
8.86025
20
-4.56543
11
8.85084
21
-4.55132
0
LINE
8
BLACK
6
CONTINUOUS
10
8.85084
20
-4.55132
11
8.85043
21
-4.55038
0
LINE
8
BLACK
6
CONTINUOUS
10
8.85043
20
-4.55038
11
8.85065
21
-4.54837
0
LINE
8
BLACK
6
CONTINUOUS
10
8.85065
20
-4.54837
11
8.85211
21
-4.54698
0
LINE
8
BLACK
6
CONTINUOUS
10
8.85211
20
-4.54698
11
8.85413
21
-4.54685
0
LINE
8
BLACK
6
CONTINUOUS
10
8.85413
20
-4.54685
11
8.85576
21
-4.54804
0
LINE
8
BLACK
6
CONTINUOUS
10
8.85576
20
-4.54804
11
8.8638
21
-4.56011
0
LINE
8
BLACK
6
CONTINUOUS
10
8.8638
20
-4.56011
11
8.87184
21
-4.54804
0
LINE
8
BLACK
6
CONTINUOUS
10
8.87184
20
-4.54804
11
8.87255
21
-4.5473
0
LINE
8
BLACK
6
CONTINUOUS
10
8.87255
20
-4.5473
11
8.87449
21
-4.54673
0
LINE
8
BLACK
6
CONTINUOUS
10
8.87449
20
-4.54673
11
8.87634
21
-4.54755
0
LINE
8
BLACK
6
CONTINUOUS
10
8.37669
20
-4.54717
11
8.37794
21
-4.54875
0
LINE
8
BLACK
6
CONTINUOUS
10
8.37794
20
-4.54875
11
8.38564
21
-4.57184
0
LINE
8
BLACK
6
CONTINUOUS
10
8.38564
20
-4.57184
11
8.39334
21
-4.54875
0
LINE
8
BLACK
6
CONTINUOUS
10
8.39334
20
-4.54875
11
8.39383
21
-4.54785
0
LINE
8
BLACK
6
CONTINUOUS
10
8.39383
20
-4.54785
11
8.39555
21
-4.54679
0
LINE
8
BLACK
6
CONTINUOUS
10
8.39555
20
-4.54679
11
8.39754
21
-4.54708
0
LINE
8
BLACK
6
CONTINUOUS
10
8.39754
20
-4.54708
11
8.39888
21
-4.5486
0
LINE
8
BLACK
6
CONTINUOUS
10
8.39888
20
-4.5486
11
8.39894
21
-4.55061
0
LINE
8
BLACK
6
CONTINUOUS
10
8.39894
20
-4.55061
11
8.38844
21
-4.58211
0
LINE
8
BLACK
6
CONTINUOUS
10
8.38844
20
-4.58211
11
8.38795
21
-4.58301
0
LINE
8
BLACK
6
CONTINUOUS
10
8.38795
20
-4.58301
11
8.38788
21
-4.58306
0
LINE
8
BLACK
6
CONTINUOUS
10
8.38788
20
-4.58306
11
8.38785
21
-4.58314
0
LINE
8
BLACK
6
CONTINUOUS
10
8.38785
20
-4.58314
11
8.38703
21
-4.58358
0
LINE
8
BLACK
6
CONTINUOUS
10
8.38703
20
-4.58358
11
8.38623
21
-4.58407
0
LINE
8
BLACK
6
CONTINUOUS
10
8.38623
20
-4.58407
11
8.38615
21
-4.58406
0
LINE
8
BLACK
6
CONTINUOUS
10
8.38615
20
-4.58406
11
8.38607
21
-4.5841
0
LINE
8
BLACK
6
CONTINUOUS
10
8.38607
20
-4.5841
11
8.38516
21
-4.58391
0
LINE
8
BLACK
6
CONTINUOUS
10
8.38516
20
-4.58391
11
8.38423
21
-4.58377
0
LINE
8
BLACK
6
CONTINUOUS
10
8.38423
20
-4.58377
11
8.38418
21
-4.58371
0
LINE
8
BLACK
6
CONTINUOUS
10
8.38418
20
-4.58371
11
8.38409
21
-4.58369
0
LINE
8
BLACK
6
CONTINUOUS
10
8.38409
20
-4.58369
11
8.38351
21
-4.58296
0
LINE
8
BLACK
6
CONTINUOUS
10
8.38351
20
-4.58296
11
8.38289
21
-4.58226
0
LINE
8
BLACK
6
CONTINUOUS
10
8.38289
20
-4.58226
11
8.38289
21
-4.58218
0
LINE
8
BLACK
6
CONTINUOUS
10
8.38289
20
-4.58218
11
8.38284
21
-4.58211
0
LINE
8
BLACK
6
CONTINUOUS
10
8.38284
20
-4.58211
11
8.37234
21
-4.55061
0
LINE
8
BLACK
6
CONTINUOUS
10
8.37234
20
-4.55061
11
8.37219
21
-4.5496
0
LINE
8
BLACK
6
CONTINUOUS
10
8.37219
20
-4.5496
11
8.37293
21
-4.54772
0
LINE
8
BLACK
6
CONTINUOUS
10
8.37293
20
-4.54772
11
8.37471
21
-4.54676
0
LINE
8
BLACK
6
CONTINUOUS
10
8.37471
20
-4.54676
11
8.37669
21
-4.54717
0
LINE
8
BLACK
6
CONTINUOUS
10
8.75629
20
-4.54695
11
8.75722
21
-4.54708
0
LINE
8
BLACK
6
CONTINUOUS
10
8.75722
20
-4.54708
11
8.75727
21
-4.54715
0
LINE
8
BLACK
6
CONTINUOUS
10
8.75727
20
-4.54715
11
8.75736
21
-4.54717
0
LINE
8
BLACK
6
CONTINUOUS
10
8.75736
20
-4.54717
11
8.75794
21
-4.5479
0
LINE
8
BLACK
6
CONTINUOUS
10
8.75794
20
-4.5479
11
8.75856
21
-4.5486
0
LINE
8
BLACK
6
CONTINUOUS
10
8.75856
20
-4.5486
11
8.75856
21
-4.54868
0
LINE
8
BLACK
6
CONTINUOUS
10
8.75856
20
-4.54868
11
8.75861
21
-4.54875
0
LINE
8
BLACK
6
CONTINUOUS
10
8.75861
20
-4.54875
11
8.76911
21
-4.58024
0
LINE
8
BLACK
6
CONTINUOUS
10
8.76911
20
-4.58024
11
8.76926
21
-4.58126
0
LINE
8
BLACK
6
CONTINUOUS
10
8.76926
20
-4.58126
11
8.76852
21
-4.58314
0
LINE
8
BLACK
6
CONTINUOUS
10
8.76852
20
-4.58314
11
8.76674
21
-4.5841
0
LINE
8
BLACK
6
CONTINUOUS
10
8.76674
20
-4.5841
11
8.76476
21
-4.58369
0
LINE
8
BLACK
6
CONTINUOUS
10
8.76476
20
-4.58369
11
8.76351
21
-4.58211
0
LINE
8
BLACK
6
CONTINUOUS
10
8.76351
20
-4.58211
11
8.76118
21
-4.57513
0
LINE
8
BLACK
6
CONTINUOUS
10
8.76118
20
-4.57513
11
8.75044
21
-4.57513
0
LINE
8
BLACK
6
CONTINUOUS
10
8.75044
20
-4.57513
11
8.74811
21
-4.58211
0
LINE
8
BLACK
6
CONTINUOUS
10
8.74811
20
-4.58211
11
8.74763
21
-4.58301
0
LINE
8
BLACK
6
CONTINUOUS
10
8.74763
20
-4.58301
11
8.74591
21
-4.58407
0
LINE
8
BLACK
6
CONTINUOUS
10
8.74591
20
-4.58407
11
8.74391
21
-4.58377
0
LINE
8
BLACK
6
CONTINUOUS
10
8.74391
20
-4.58377
11
8.74257
21
-4.58226
0
LINE
8
BLACK
6
CONTINUOUS
10
8.74257
20
-4.58226
11
8.74251
21
-4.58024
0
LINE
8
BLACK
6
CONTINUOUS
10
8.74251
20
-4.58024
11
8.75301
21
-4.54875
0
LINE
8
BLACK
6
CONTINUOUS
10
8.75301
20
-4.54875
11
8.7535
21
-4.54785
0
LINE
8
BLACK
6
CONTINUOUS
10
8.7535
20
-4.54785
11
8.75357
21
-4.5478
0
LINE
8
BLACK
6
CONTINUOUS
10
8.75357
20
-4.5478
11
8.7536
21
-4.54772
0
LINE
8
BLACK
6
CONTINUOUS
10
8.7536
20
-4.54772
11
8.75442
21
-4.54728
0
LINE
8
BLACK
6
CONTINUOUS
10
8.75442
20
-4.54728
11
8.75522
21
-4.54679
0
LINE
8
BLACK
6
CONTINUOUS
10
8.75522
20
-4.54679
11
8.7553
21
-4.5468
0
LINE
8
BLACK
6
CONTINUOUS
10
8.7553
20
-4.5468
11
8.75538
21
-4.54676
0
LINE
8
BLACK
6
CONTINUOUS
10
8.75538
20
-4.54676
11
8.75629
21
-4.54695
0
LINE
8
BLACK
6
CONTINUOUS
10
8.75241
20
-4.56923
11
8.75921
21
-4.56923
0
LINE
8
BLACK
6
CONTINUOUS
10
8.75921
20
-4.56923
11
8.75581
21
-4.55902
0
LINE
8
BLACK
6
CONTINUOUS
10
8.75581
20
-4.55902
11
8.75241
21
-4.56923
0
LINE
8
BLACK
6
CONTINUOUS
10
7.98299
20
-4.54717
11
7.98424
21
-4.54875
0
LINE
8
BLACK
6
CONTINUOUS
10
7.98424
20
-4.54875
11
7.99194
21
-4.57184
0
LINE
8
BLACK
6
CONTINUOUS
10
7.99194
20
-4.57184
11
7.99964
21
-4.54875
0
LINE
8
BLACK
6
CONTINUOUS
10
7.99964
20
-4.54875
11
8.00012
21
-4.54785
0
LINE
8
BLACK
6
CONTINUOUS
10
8.00012
20
-4.54785
11
8.00185
21
-4.54679
0
LINE
8
BLACK
6
CONTINUOUS
10
8.00185
20
-4.54679
11
8.00384
21
-4.54708
0
LINE
8
BLACK
6
CONTINUOUS
10
8.00384
20
-4.54708
11
8.00518
21
-4.5486
0
LINE
8
BLACK
6
CONTINUOUS
10
8.00518
20
-4.5486
11
8.00524
21
-4.55061
0
LINE
8
BLACK
6
CONTINUOUS
10
8.00524
20
-4.55061
11
7.99474
21
-4.58211
0
LINE
8
BLACK
6
CONTINUOUS
10
7.99474
20
-4.58211
11
7.99425
21
-4.58301
0
LINE
8
BLACK
6
CONTINUOUS
10
7.99425
20
-4.58301
11
7.99418
21
-4.58306
0
LINE
8
BLACK
6
CONTINUOUS
10
7.99418
20
-4.58306
11
7.99415
21
-4.58314
0
LINE
8
BLACK
6
CONTINUOUS
10
7.99415
20
-4.58314
11
7.99333
21
-4.58358
0
LINE
8
BLACK
6
CONTINUOUS
10
7.99333
20
-4.58358
11
7.99253
21
-4.58407
0
LINE
8
BLACK
6
CONTINUOUS
10
7.99253
20
-4.58407
11
7.99245
21
-4.58406
0
LINE
8
BLACK
6
CONTINUOUS
10
7.99245
20
-4.58406
11
7.99237
21
-4.5841
0
LINE
8
BLACK
6
CONTINUOUS
10
7.99237
20
-4.5841
11
7.99146
21
-4.58391
0
LINE
8
BLACK
6
CONTINUOUS
10
7.99146
20
-4.58391
11
7.99053
21
-4.58377
0
LINE
8
BLACK
6
CONTINUOUS
10
7.99053
20
-4.58377
11
7.99048
21
-4.58371
0
LINE
8
BLACK
6
CONTINUOUS
10
7.99048
20
-4.58371
11
7.99039
21
-4.58369
0
LINE
8
BLACK
6
CONTINUOUS
10
7.99039
20
-4.58369
11
7.98981
21
-4.58296
0
LINE
8
BLACK
6
CONTINUOUS
10
7.98981
20
-4.58296
11
7.98919
21
-4.58226
0
LINE
8
BLACK
6
CONTINUOUS
10
7.98919
20
-4.58226
11
7.98919
21
-4.58218
0
LINE
8
BLACK
6
CONTINUOUS
10
7.98919
20
-4.58218
11
7.98914
21
-4.58211
0
LINE
8
BLACK
6
CONTINUOUS
10
7.98914
20
-4.58211
11
7.97864
21
-4.55061
0
LINE
8
BLACK
6
CONTINUOUS
10
7.97864
20
-4.55061
11
7.97849
21
-4.5496
0
LINE
8
BLACK
6
CONTINUOUS
10
7.97849
20
-4.5496
11
7.97923
21
-4.54772
0
LINE
8
BLACK
6
CONTINUOUS
10
7.97923
20
-4.54772
11
7.98101
21
-4.54676
0
LINE
8
BLACK
6
CONTINUOUS
10
7.98101
20
-4.54676
11
7.98299
21
-4.54717
0
LINE
8
BLACK
6
CONTINUOUS
10
7.7526
20
-4.54691
11
7.75415
21
-4.5482
0
LINE
8
BLACK
6
CONTINUOUS
10
7.75415
20
-4.5482
11
7.7545
21
-4.55019
0
LINE
8
BLACK
6
CONTINUOUS
10
7.7545
20
-4.55019
11
7.75349
21
-4.55194
0
LINE
8
BLACK
6
CONTINUOUS
10
7.75349
20
-4.55194
11
7.75159
21
-4.55263
0
LINE
8
BLACK
6
CONTINUOUS
10
7.75159
20
-4.55263
11
7.74555
21
-4.55263
0
LINE
8
BLACK
6
CONTINUOUS
10
7.74555
20
-4.55263
11
7.74555
21
-4.58118
0
LINE
8
BLACK
6
CONTINUOUS
10
7.74555
20
-4.58118
11
7.74537
21
-4.58219
0
LINE
8
BLACK
6
CONTINUOUS
10
7.74537
20
-4.58219
11
7.74407
21
-4.58373
0
LINE
8
BLACK
6
CONTINUOUS
10
7.74407
20
-4.58373
11
7.74208
21
-4.58409
0
LINE
8
BLACK
6
CONTINUOUS
10
7.74208
20
-4.58409
11
7.74033
21
-4.58308
0
LINE
8
BLACK
6
CONTINUOUS
10
7.74033
20
-4.58308
11
7.73964
21
-4.58118
0
LINE
8
BLACK
6
CONTINUOUS
10
7.73964
20
-4.58118
11
7.73964
21
-4.55263
0
LINE
8
BLACK
6
CONTINUOUS
10
7.73964
20
-4.55263
11
7.7336
21
-4.55263
0
LINE
8
BLACK
6
CONTINUOUS
10
7.7336
20
-4.55263
11
7.73259
21
-4.55246
0
LINE
8
BLACK
6
CONTINUOUS
10
7.73259
20
-4.55246
11
7.73104
21
-4.55116
0
LINE
8
BLACK
6
CONTINUOUS
10
7.73104
20
-4.55116
11
7.73069
21
-4.54917
0
LINE
8
BLACK
6
CONTINUOUS
10
7.73069
20
-4.54917
11
7.7317
21
-4.54742
0
LINE
8
BLACK
6
CONTINUOUS
10
7.7317
20
-4.54742
11
7.7336
21
-4.54673
0
LINE
8
BLACK
6
CONTINUOUS
10
7.7336
20
-4.54673
11
7.75159
21
-4.54673
0
LINE
8
BLACK
6
CONTINUOUS
10
7.75159
20
-4.54673
11
7.7526
21
-4.54691
0
LINE
8
BLACK
6
CONTINUOUS
10
8.7352
20
-4.5468
11
8.73533
21
-4.54677
0
LINE
8
BLACK
6
CONTINUOUS
10
8.73533
20
-4.54677
11
8.73544
21
-4.54684
0
LINE
8
BLACK
6
CONTINUOUS
10
8.73544
20
-4.54684
11
8.73582
21
-4.54691
0
LINE
8
BLACK
6
CONTINUOUS
10
8.73582
20
-4.54691
11
8.73641
21
-4.5474
0
LINE
8
BLACK
6
CONTINUOUS
10
8.73641
20
-4.5474
11
8.73708
21
-4.54778
0
LINE
8
BLACK
6
CONTINUOUS
10
8.73708
20
-4.54778
11
8.73717
21
-4.54803
0
LINE
8
BLACK
6
CONTINUOUS
10
8.73717
20
-4.54803
11
8.73737
21
-4.5482
0
LINE
8
BLACK
6
CONTINUOUS
10
8.73737
20
-4.5482
11
8.7375
21
-4.54896
0
LINE
8
BLACK
6
CONTINUOUS
10
8.7375
20
-4.54896
11
8.73777
21
-4.54968
0
LINE
8
BLACK
6
CONTINUOUS
10
8.73777
20
-4.54968
11
8.73777
21
-4.58118
0
LINE
8
BLACK
6
CONTINUOUS
10
8.73777
20
-4.58118
11
8.73759
21
-4.58219
0
LINE
8
BLACK
6
CONTINUOUS
10
8.73759
20
-4.58219
11
8.73629
21
-4.58373
0
LINE
8
BLACK
6
CONTINUOUS
10
8.73629
20
-4.58373
11
8.7343
21
-4.58409
0
LINE
8
BLACK
6
CONTINUOUS
10
8.7343
20
-4.58409
11
8.73255
21
-4.58308
0
LINE
8
BLACK
6
CONTINUOUS
10
8.73255
20
-4.58308
11
8.73186
21
-4.58118
0
LINE
8
BLACK
6
CONTINUOUS
10
8.73186
20
-4.58118
11
8.73186
21
-4.56913
0
LINE
8
BLACK
6
CONTINUOUS
10
8.73186
20
-4.56913
11
8.72282
21
-4.56913
0
LINE
8
BLACK
6
CONTINUOUS
10
8.72282
20
-4.56913
11
8.72181
21
-4.56895
0
LINE
8
BLACK
6
CONTINUOUS
10
8.72181
20
-4.56895
11
8.72167
21
-4.56884
0
LINE
8
BLACK
6
CONTINUOUS
10
8.72167
20
-4.56884
11
8.7215
21
-4.56882
0
LINE
8
BLACK
6
CONTINUOUS
10
8.7215
20
-4.56882
11
8.7185
21
-4.56732
0
LINE
8
BLACK
6
CONTINUOUS
10
8.7185
20
-4.56732
11
8.71779
21
-4.56679
0
LINE
8
BLACK
6
CONTINUOUS
10
8.71779
20
-4.56679
11
8.71773
21
-4.56677
0
LINE
8
BLACK
6
CONTINUOUS
10
8.71773
20
-4.56677
11
8.71623
21
-4.56527
0
LINE
8
BLACK
6
CONTINUOUS
10
8.71623
20
-4.56527
11
8.71572
21
-4.56454
0
LINE
8
BLACK
6
CONTINUOUS
10
8.71572
20
-4.56454
11
8.71568
21
-4.5645
0
LINE
8
BLACK
6
CONTINUOUS
10
8.71568
20
-4.5645
11
8.71418
21
-4.5615
0
LINE
8
BLACK
6
CONTINUOUS
10
8.71418
20
-4.5615
11
8.71388
21
-4.56052
0
LINE
8
BLACK
6
CONTINUOUS
10
8.71388
20
-4.56052
11
8.71392
21
-4.56035
0
LINE
8
BLACK
6
CONTINUOUS
10
8.71392
20
-4.56035
11
8.71386
21
-4.56018
0
LINE
8
BLACK
6
CONTINUOUS
10
8.71386
20
-4.56018
11
8.71386
21
-4.55568
0
LINE
8
BLACK
6
CONTINUOUS
10
8.71386
20
-4.55568
11
8.71404
21
-4.55467
0
LINE
8
BLACK
6
CONTINUOUS
10
8.71404
20
-4.55467
11
8.71416
21
-4.55454
0
LINE
8
BLACK
6
CONTINUOUS
10
8.71416
20
-4.55454
11
8.71418
21
-4.55436
0
LINE
8
BLACK
6
CONTINUOUS
10
8.71418
20
-4.55436
11
8.71568
21
-4.55136
0
LINE
8
BLACK
6
CONTINUOUS
10
8.71568
20
-4.55136
11
8.7162
21
-4.55065
0
LINE
8
BLACK
6
CONTINUOUS
10
8.7162
20
-4.55065
11
8.71623
21
-4.55059
0
LINE
8
BLACK
6
CONTINUOUS
10
8.71623
20
-4.55059
11
8.71773
21
-4.54909
0
LINE
8
BLACK
6
CONTINUOUS
10
8.71773
20
-4.54909
11
8.71845
21
-4.54859
0
LINE
8
BLACK
6
CONTINUOUS
10
8.71845
20
-4.54859
11
8.7185
21
-4.54854
0
LINE
8
BLACK
6
CONTINUOUS
10
8.7185
20
-4.54854
11
8.7215
21
-4.54704
0
LINE
8
BLACK
6
CONTINUOUS
10
8.7215
20
-4.54704
11
8.72248
21
-4.54675
0
LINE
8
BLACK
6
CONTINUOUS
10
8.72248
20
-4.54675
11
8.72265
21
-4.54679
0
LINE
8
BLACK
6
CONTINUOUS
10
8.72265
20
-4.54679
11
8.72282
21
-4.54673
0
LINE
8
BLACK
6
CONTINUOUS
10
8.72282
20
-4.54673
11
8.73481
21
-4.54673
0
LINE
8
BLACK
6
CONTINUOUS
10
8.73481
20
-4.54673
11
8.7352
21
-4.5468
0
LINE
8
BLACK
6
CONTINUOUS
10
8.72351
20
-4.55263
11
8.72157
21
-4.55361
0
LINE
8
BLACK
6
CONTINUOUS
10
8.72157
20
-4.55361
11
8.72074
21
-4.55443
0
LINE
8
BLACK
6
CONTINUOUS
10
8.72074
20
-4.55443
11
8.71977
21
-4.55638
0
LINE
8
BLACK
6
CONTINUOUS
10
8.71977
20
-4.55638
11
8.71977
21
-4.55948
0
LINE
8
BLACK
6
CONTINUOUS
10
8.71977
20
-4.55948
11
8.72074
21
-4.56143
0
LINE
8
BLACK
6
CONTINUOUS
10
8.72074
20
-4.56143
11
8.72157
21
-4.56225
0
LINE
8
BLACK
6
CONTINUOUS
10
8.72157
20
-4.56225
11
8.72351
21
-4.56323
0
LINE
8
BLACK
6
CONTINUOUS
10
8.72351
20
-4.56323
11
8.73186
21
-4.56323
0
LINE
8
BLACK
6
CONTINUOUS
10
8.73186
20
-4.56323
11
8.73186
21
-4.55263
0
LINE
8
BLACK
6
CONTINUOUS
10
8.73186
20
-4.55263
11
8.72351
21
-4.55263
0
LINE
8
BLACK
6
CONTINUOUS
10
8.84681
20
-4.54691
11
8.84836
21
-4.5482
0
LINE
8
BLACK
6
CONTINUOUS
10
8.84836
20
-4.5482
11
8.84871
21
-4.55019
0
LINE
8
BLACK
6
CONTINUOUS
10
8.84871
20
-4.55019
11
8.8477
21
-4.55194
0
LINE
8
BLACK
6
CONTINUOUS
10
8.8477
20
-4.55194
11
8.8458
21
-4.55263
0
LINE
8
BLACK
6
CONTINUOUS
10
8.8458
20
-4.55263
11
8.83975
21
-4.55263
0
LINE
8
BLACK
6
CONTINUOUS
10
8.83975
20
-4.55263
11
8.83975
21
-4.58118
0
LINE
8
BLACK
6
CONTINUOUS
10
8.83975
20
-4.58118
11
8.83958
21
-4.58219
0
LINE
8
BLACK
6
CONTINUOUS
10
8.83958
20
-4.58219
11
8.83828
21
-4.58373
0
LINE
8
BLACK
6
CONTINUOUS
10
8.83828
20
-4.58373
11
8.83629
21
-4.58409
0
LINE
8
BLACK
6
CONTINUOUS
10
8.83629
20
-4.58409
11
8.83454
21
-4.58308
0
LINE
8
BLACK
6
CONTINUOUS
10
8.83454
20
-4.58308
11
8.83385
21
-4.58118
0
LINE
8
BLACK
6
CONTINUOUS
10
8.83385
20
-4.58118
11
8.83385
21
-4.55263
0
LINE
8
BLACK
6
CONTINUOUS
10
8.83385
20
-4.55263
11
8.8278
21
-4.55263
0
LINE
8
BLACK
6
CONTINUOUS
10
8.8278
20
-4.55263
11
8.82679
21
-4.55246
0
LINE
8
BLACK
6
CONTINUOUS
10
8.82679
20
-4.55246
11
8.82525
21
-4.55116
0
LINE
8
BLACK
6
CONTINUOUS
10
8.82525
20
-4.55116
11
8.82489
21
-4.54917
0
LINE
8
BLACK
6
CONTINUOUS
10
8.82489
20
-4.54917
11
8.8259
21
-4.54742
0
LINE
8
BLACK
6
CONTINUOUS
10
8.8259
20
-4.54742
11
8.8278
21
-4.54673
0
LINE
8
BLACK
6
CONTINUOUS
10
8.8278
20
-4.54673
11
8.8458
21
-4.54673
0
LINE
8
BLACK
6
CONTINUOUS
10
8.8458
20
-4.54673
11
8.84681
21
-4.54691
0
LINE
8
BLACK
6
CONTINUOUS
10
8.35491
20
-4.55528
11
8.3556
21
-4.55718
0
LINE
8
BLACK
6
CONTINUOUS
10
8.3556
20
-4.55718
11
8.3556
21
-4.56623
0
LINE
8
BLACK
6
CONTINUOUS
10
8.3556
20
-4.56623
11
8.36464
21
-4.56623
0
LINE
8
BLACK
6
CONTINUOUS
10
8.36464
20
-4.56623
11
8.36565
21
-4.5664
0
LINE
8
BLACK
6
CONTINUOUS
10
8.36565
20
-4.5664
11
8.3672
21
-4.5677
0
LINE
8
BLACK
6
CONTINUOUS
10
8.3672
20
-4.5677
11
8.36755
21
-4.56969
0
LINE
8
BLACK
6
CONTINUOUS
10
8.36755
20
-4.56969
11
8.36654
21
-4.57144
0
LINE
8
BLACK
6
CONTINUOUS
10
8.36654
20
-4.57144
11
8.36464
21
-4.57213
0
LINE
8
BLACK
6
CONTINUOUS
10
8.36464
20
-4.57213
11
8.3556
21
-4.57213
0
LINE
8
BLACK
6
CONTINUOUS
10
8.3556
20
-4.57213
11
8.3556
21
-4.58118
0
LINE
8
BLACK
6
CONTINUOUS
10
8.3556
20
-4.58118
11
8.35542
21
-4.58219
0
LINE
8
BLACK
6
CONTINUOUS
10
8.35542
20
-4.58219
11
8.35412
21
-4.58373
0
LINE
8
BLACK
6
CONTINUOUS
10
8.35412
20
-4.58373
11
8.35213
21
-4.58409
0
LINE
8
BLACK
6
CONTINUOUS
10
8.35213
20
-4.58409
11
8.35038
21
-4.58308
0
LINE
8
BLACK
6
CONTINUOUS
10
8.35038
20
-4.58308
11
8.34969
21
-4.58118
0
LINE
8
BLACK
6
CONTINUOUS
10
8.34969
20
-4.58118
11
8.34969
21
-4.57213
0
LINE
8
BLACK
6
CONTINUOUS
10
8.34969
20
-4.57213
11
8.34064
21
-4.57213
0
LINE
8
BLACK
6
CONTINUOUS
10
8.34064
20
-4.57213
11
8.33963
21
-4.57195
0
LINE
8
BLACK
6
CONTINUOUS
10
8.33963
20
-4.57195
11
8.33809
21
-4.57066
0
LINE
8
BLACK
6
CONTINUOUS
10
8.33809
20
-4.57066
11
8.33774
21
-4.56867
0
LINE
8
BLACK
6
CONTINUOUS
10
8.33774
20
-4.56867
11
8.33875
21
-4.56692
0
LINE
8
BLACK
6
CONTINUOUS
10
8.33875
20
-4.56692
11
8.34064
21
-4.56623
0
LINE
8
BLACK
6
CONTINUOUS
10
8.34064
20
-4.56623
11
8.34969
21
-4.56623
0
LINE
8
BLACK
6
CONTINUOUS
10
8.34969
20
-4.56623
11
8.34969
21
-4.55718
0
LINE
8
BLACK
6
CONTINUOUS
10
8.34969
20
-4.55718
11
8.34987
21
-4.55617
0
LINE
8
BLACK
6
CONTINUOUS
10
8.34987
20
-4.55617
11
8.35117
21
-4.55462
0
LINE
8
BLACK
6
CONTINUOUS
10
8.35117
20
-4.55462
11
8.35316
21
-4.55427
0
LINE
8
BLACK
6
CONTINUOUS
10
8.35316
20
-4.55427
11
8.35491
21
-4.55528
0
LINE
8
BLACK
6
CONTINUOUS
10
7.9612
20
-4.55528
11
7.9619
21
-4.55718
0
LINE
8
BLACK
6
CONTINUOUS
10
7.9619
20
-4.55718
11
7.9619
21
-4.56623
0
LINE
8
BLACK
6
CONTINUOUS
10
7.9619
20
-4.56623
11
7.97094
21
-4.56623
0
LINE
8
BLACK
6
CONTINUOUS
10
7.97094
20
-4.56623
11
7.97195
21
-4.5664
0
LINE
8
BLACK
6
CONTINUOUS
10
7.97195
20
-4.5664
11
7.9735
21
-4.5677
0
LINE
8
BLACK
6
CONTINUOUS
10
7.9735
20
-4.5677
11
7.97385
21
-4.56969
0
LINE
8
BLACK
6
CONTINUOUS
10
7.97385
20
-4.56969
11
7.97284
21
-4.57144
0
LINE
8
BLACK
6
CONTINUOUS
10
7.97284
20
-4.57144
11
7.97094
21
-4.57213
0
LINE
8
BLACK
6
CONTINUOUS
10
7.97094
20
-4.57213
11
7.9619
21
-4.57213
0
LINE
8
BLACK
6
CONTINUOUS
10
7.9619
20
-4.57213
11
7.9619
21
-4.58118
0
LINE
8
BLACK
6
CONTINUOUS
10
7.9619
20
-4.58118
11
7.96172
21
-4.58219
0
LINE
8
BLACK
6
CONTINUOUS
10
7.96172
20
-4.58219
11
7.96042
21
-4.58373
0
LINE
8
BLACK
6
CONTINUOUS
10
7.96042
20
-4.58373
11
7.95843
21
-4.58409
0
LINE
8
BLACK
6
CONTINUOUS
10
7.95843
20
-4.58409
11
7.95668
21
-4.58308
0
LINE
8
BLACK
6
CONTINUOUS
10
7.95668
20
-4.58308
11
7.95599
21
-4.58118
0
LINE
8
BLACK
6
CONTINUOUS
10
7.95599
20
-4.58118
11
7.95599
21
-4.57213
0
LINE
8
BLACK
6
CONTINUOUS
10
7.95599
20
-4.57213
11
7.94694
21
-4.57213
0
LINE
8
BLACK
6
CONTINUOUS
10
7.94694
20
-4.57213
11
7.94593
21
-4.57195
0
LINE
8
BLACK
6
CONTINUOUS
10
7.94593
20
-4.57195
11
7.94439
21
-4.57066
0
LINE
8
BLACK
6
CONTINUOUS
10
7.94439
20
-4.57066
11
7.94404
21
-4.56867
0
LINE
8
BLACK
6
CONTINUOUS
10
7.94404
20
-4.56867
11
7.94505
21
-4.56692
0
LINE
8
BLACK
6
CONTINUOUS
10
7.94505
20
-4.56692
11
7.94694
21
-4.56623
0
LINE
8
BLACK
6
CONTINUOUS
10
7.94694
20
-4.56623
11
7.95599
21
-4.56623
0
LINE
8
BLACK
6
CONTINUOUS
10
7.95599
20
-4.56623
11
7.95599
21
-4.55718
0
LINE
8
BLACK
6
CONTINUOUS
10
7.95599
20
-4.55718
11
7.95617
21
-4.55617
0
LINE
8
BLACK
6
CONTINUOUS
10
7.95617
20
-4.55617
11
7.95747
21
-4.55462
0
LINE
8
BLACK
6
CONTINUOUS
10
7.95747
20
-4.55462
11
7.95946
21
-4.55427
0
LINE
8
BLACK
6
CONTINUOUS
10
7.95946
20
-4.55427
11
7.9612
21
-4.55528
0
LINE
8
BLACK
6
CONTINUOUS
10
8.18805
20
-4.54778
11
8.18874
21
-4.54968
0
LINE
8
BLACK
6
CONTINUOUS
10
8.18874
20
-4.54968
11
8.18874
21
-4.58118
0
LINE
8
BLACK
6
CONTINUOUS
10
8.18874
20
-4.58118
11
8.18856
21
-4.58219
0
LINE
8
BLACK
6
CONTINUOUS
10
8.18856
20
-4.58219
11
8.18727
21
-4.58373
0
LINE
8
BLACK
6
CONTINUOUS
10
8.18727
20
-4.58373
11
8.18528
21
-4.58409
0
LINE
8
BLACK
6
CONTINUOUS
10
8.18528
20
-4.58409
11
8.18353
21
-4.58308
0
LINE
8
BLACK
6
CONTINUOUS
10
8.18353
20
-4.58308
11
8.18284
21
-4.58118
0
LINE
8
BLACK
6
CONTINUOUS
10
8.18284
20
-4.58118
11
8.18284
21
-4.54968
0
LINE
8
BLACK
6
CONTINUOUS
10
8.18284
20
-4.54968
11
8.18301
21
-4.54867
0
LINE
8
BLACK
6
CONTINUOUS
10
8.18301
20
-4.54867
11
8.18431
21
-4.54712
0
LINE
8
BLACK
6
CONTINUOUS
10
8.18431
20
-4.54712
11
8.1863
21
-4.54677
0
LINE
8
BLACK
6
CONTINUOUS
10
8.1863
20
-4.54677
11
8.18805
21
-4.54778
0
LINE
8
BLACK
6
CONTINUOUS
10
7.37411
20
-4.54988
11
7.3748
21
-4.55155
0
LINE
8
BLACK
6
CONTINUOUS
10
7.3748
20
-4.55155
11
7.3748
21
-4.56262
0
LINE
8
BLACK
6
CONTINUOUS
10
7.3748
20
-4.56262
11
7.37411
21
-4.56429
0
LINE
8
BLACK
6
CONTINUOUS
10
7.37411
20
-4.56429
11
7.37244
21
-4.56498
0
LINE
8
BLACK
6
CONTINUOUS
10
7.37244
20
-4.56498
11
7.37077
21
-4.56429
0
LINE
8
BLACK
6
CONTINUOUS
10
7.37077
20
-4.56429
11
7.37008
21
-4.56262
0
LINE
8
BLACK
6
CONTINUOUS
10
7.37008
20
-4.56262
11
7.37008
21
-4.55155
0
LINE
8
BLACK
6
CONTINUOUS
10
7.37008
20
-4.55155
11
7.37077
21
-4.54988
0
LINE
8
BLACK
6
CONTINUOUS
10
7.37077
20
-4.54988
11
7.37244
21
-4.54919
0
LINE
8
BLACK
6
CONTINUOUS
10
7.37244
20
-4.54919
11
7.37411
21
-4.54988
0
LINE
8
BLACK
6
CONTINUOUS
10
7.33395
20
-4.54988
11
7.33465
21
-4.55155
0
LINE
8
BLACK
6
CONTINUOUS
10
7.33465
20
-4.55155
11
7.33465
21
-4.56262
0
LINE
8
BLACK
6
CONTINUOUS
10
7.33465
20
-4.56262
11
7.33395
21
-4.56429
0
LINE
8
BLACK
6
CONTINUOUS
10
7.33395
20
-4.56429
11
7.33228
21
-4.56498
0
LINE
8
BLACK
6
CONTINUOUS
10
7.33228
20
-4.56498
11
7.33061
21
-4.56429
0
LINE
8
BLACK
6
CONTINUOUS
10
7.33061
20
-4.56429
11
7.32992
21
-4.56262
0
LINE
8
BLACK
6
CONTINUOUS
10
7.32992
20
-4.56262
11
7.32992
21
-4.55155
0
LINE
8
BLACK
6
CONTINUOUS
10
7.32992
20
-4.55155
11
7.33061
21
-4.54988
0
LINE
8
BLACK
6
CONTINUOUS
10
7.33061
20
-4.54988
11
7.33228
21
-4.54919
0
LINE
8
BLACK
6
CONTINUOUS
10
7.33228
20
-4.54919
11
7.33395
21
-4.54988
0
LINE
8
BLACK
6
CONTINUOUS
10
8.48803
20
-4.52904
11
8.48873
21
-4.53071
0
LINE
8
BLACK
6
CONTINUOUS
10
8.48873
20
-4.53071
11
8.48803
21
-4.53238
0
LINE
8
BLACK
6
CONTINUOUS
10
8.48803
20
-4.53238
11
8.48636
21
-4.53307
0
LINE
8
BLACK
6
CONTINUOUS
10
8.48636
20
-4.53307
11
8.47427
21
-4.53307
0
LINE
8
BLACK
6
CONTINUOUS
10
8.47427
20
-4.53307
11
8.4726
21
-4.53238
0
LINE
8
BLACK
6
CONTINUOUS
10
8.4726
20
-4.53238
11
8.4719
21
-4.53071
0
LINE
8
BLACK
6
CONTINUOUS
10
8.4719
20
-4.53071
11
8.4726
21
-4.52904
0
LINE
8
BLACK
6
CONTINUOUS
10
8.4726
20
-4.52904
11
8.47427
21
-4.52835
0
LINE
8
BLACK
6
CONTINUOUS
10
8.47427
20
-4.52835
11
8.48636
21
-4.52835
0
LINE
8
BLACK
6
CONTINUOUS
10
8.48636
20
-4.52835
11
8.48803
21
-4.52904
0
LINE
8
BLACK
6
CONTINUOUS
10
8.61402
20
-4.50935
11
8.61471
21
-4.51102
0
LINE
8
BLACK
6
CONTINUOUS
10
8.61471
20
-4.51102
11
8.61402
21
-4.51269
0
LINE
8
BLACK
6
CONTINUOUS
10
8.61402
20
-4.51269
11
8.61235
21
-4.51339
0
LINE
8
BLACK
6
CONTINUOUS
10
8.61235
20
-4.51339
11
8.60025
21
-4.51339
0
LINE
8
BLACK
6
CONTINUOUS
10
8.60025
20
-4.51339
11
8.59858
21
-4.51269
0
LINE
8
BLACK
6
CONTINUOUS
10
8.59858
20
-4.51269
11
8.59789
21
-4.51102
0
LINE
8
BLACK
6
CONTINUOUS
10
8.59789
20
-4.51102
11
8.59858
21
-4.50935
0
LINE
8
BLACK
6
CONTINUOUS
10
8.59858
20
-4.50935
11
8.60025
21
-4.50866
0
LINE
8
BLACK
6
CONTINUOUS
10
8.60025
20
-4.50866
11
8.61235
21
-4.50866
0
LINE
8
BLACK
6
CONTINUOUS
10
8.61235
20
-4.50866
11
8.61402
21
-4.50935
0
LINE
8
BLACK
6
CONTINUOUS
10
7.86812
20
-4.50857
11
7.86881
21
-4.51024
0
LINE
8
BLACK
6
CONTINUOUS
10
7.86881
20
-4.51024
11
7.86812
21
-4.51191
0
LINE
8
BLACK
6
CONTINUOUS
10
7.86812
20
-4.51191
11
7.86645
21
-4.5126
0
LINE
8
BLACK
6
CONTINUOUS
10
7.86645
20
-4.5126
11
7.85796
21
-4.5126
0
LINE
8
BLACK
6
CONTINUOUS
10
7.85796
20
-4.5126
11
7.85629
21
-4.51191
0
LINE
8
BLACK
6
CONTINUOUS
10
7.85629
20
-4.51191
11
7.8556
21
-4.51024
0
LINE
8
BLACK
6
CONTINUOUS
10
7.8556
20
-4.51024
11
7.85629
21
-4.50857
0
LINE
8
BLACK
6
CONTINUOUS
10
7.85629
20
-4.50857
11
7.85796
21
-4.50787
0
LINE
8
BLACK
6
CONTINUOUS
10
7.85796
20
-4.50787
11
7.86645
21
-4.50787
0
LINE
8
BLACK
6
CONTINUOUS
10
7.86645
20
-4.50787
11
7.86812
21
-4.50857
0
LINE
8
BLACK
6
CONTINUOUS
10
8.48803
20
-4.49912
11
8.48873
21
-4.50079
0
LINE
8
BLACK
6
CONTINUOUS
10
8.48873
20
-4.50079
11
8.48803
21
-4.50246
0
LINE
8
BLACK
6
CONTINUOUS
10
8.48803
20
-4.50246
11
8.48636
21
-4.50315
0
LINE
8
BLACK
6
CONTINUOUS
10
8.48636
20
-4.50315
11
8.47427
21
-4.50315
0
LINE
8
BLACK
6
CONTINUOUS
10
8.47427
20
-4.50315
11
8.4726
21
-4.50246
0
LINE
8
BLACK
6
CONTINUOUS
10
8.4726
20
-4.50246
11
8.4719
21
-4.50079
0
LINE
8
BLACK
6
CONTINUOUS
10
8.4719
20
-4.50079
11
8.4726
21
-4.49912
0
LINE
8
BLACK
6
CONTINUOUS
10
8.4726
20
-4.49912
11
8.47427
21
-4.49843
0
LINE
8
BLACK
6
CONTINUOUS
10
8.47427
20
-4.49843
11
8.48636
21
-4.49843
0
LINE
8
BLACK
6
CONTINUOUS
10
8.48636
20
-4.49843
11
8.48803
21
-4.49912
0
LINE
8
BLACK
6
CONTINUOUS
10
7.64106
20
-4.49085
11
7.64176
21
-4.49252
0
LINE
8
BLACK
6
CONTINUOUS
10
7.64176
20
-4.49252
11
7.64106
21
-4.49419
0
LINE
8
BLACK
6
CONTINUOUS
10
7.64106
20
-4.49419
11
7.63939
21
-4.49488
0
LINE
8
BLACK
6
CONTINUOUS
10
7.63939
20
-4.49488
11
7.62832
21
-4.49488
0
LINE
8
BLACK
6
CONTINUOUS
10
7.62832
20
-4.49488
11
7.62665
21
-4.49419
0
LINE
8
BLACK
6
CONTINUOUS
10
7.62665
20
-4.49419
11
7.62596
21
-4.49252
0
LINE
8
BLACK
6
CONTINUOUS
10
7.62596
20
-4.49252
11
7.62665
21
-4.49085
0
LINE
8
BLACK
6
CONTINUOUS
10
7.62665
20
-4.49085
11
7.62832
21
-4.49016
0
LINE
8
BLACK
6
CONTINUOUS
10
7.62832
20
-4.49016
11
7.63939
21
-4.49016
0
LINE
8
BLACK
6
CONTINUOUS
10
7.63939
20
-4.49016
11
7.64106
21
-4.49085
0
LINE
8
BLACK
6
CONTINUOUS
10
8.48803
20
-4.48573
11
8.48873
21
-4.4874
0
LINE
8
BLACK
6
CONTINUOUS
10
8.48873
20
-4.4874
11
8.48803
21
-4.48907
0
LINE
8
BLACK
6
CONTINUOUS
10
8.48803
20
-4.48907
11
8.48636
21
-4.48976
0
LINE
8
BLACK
6
CONTINUOUS
10
8.48636
20
-4.48976
11
8.47427
21
-4.48976
0
LINE
8
BLACK
6
CONTINUOUS
10
8.47427
20
-4.48976
11
8.4726
21
-4.48907
0
LINE
8
BLACK
6
CONTINUOUS
10
8.4726
20
-4.48907
11
8.4719
21
-4.4874
0
LINE
8
BLACK
6
CONTINUOUS
10
8.4719
20
-4.4874
11
8.4726
21
-4.48573
0
LINE
8
BLACK
6
CONTINUOUS
10
8.4726
20
-4.48573
11
8.47427
21
-4.48504
0
LINE
8
BLACK
6
CONTINUOUS
10
8.47427
20
-4.48504
11
8.48636
21
-4.48504
0
LINE
8
BLACK
6
CONTINUOUS
10
8.48636
20
-4.48504
11
8.48803
21
-4.48573
0
LINE
8
BLACK
6
CONTINUOUS
10
7.86812
20
-4.48022
11
7.86881
21
-4.48189
0
LINE
8
BLACK
6
CONTINUOUS
10
7.86881
20
-4.48189
11
7.86812
21
-4.48356
0
LINE
8
BLACK
6
CONTINUOUS
10
7.86812
20
-4.48356
11
7.86645
21
-4.48425
0
LINE
8
BLACK
6
CONTINUOUS
10
7.86645
20
-4.48425
11
7.85796
21
-4.48425
0
LINE
8
BLACK
6
CONTINUOUS
10
7.85796
20
-4.48425
11
7.85629
21
-4.48356
0
LINE
8
BLACK
6
CONTINUOUS
10
7.85629
20
-4.48356
11
7.8556
21
-4.48189
0
LINE
8
BLACK
6
CONTINUOUS
10
7.8556
20
-4.48189
11
7.85629
21
-4.48022
0
LINE
8
BLACK
6
CONTINUOUS
10
7.85629
20
-4.48022
11
7.85796
21
-4.47953
0
LINE
8
BLACK
6
CONTINUOUS
10
7.85796
20
-4.47953
11
7.86645
21
-4.47953
0
LINE
8
BLACK
6
CONTINUOUS
10
7.86645
20
-4.47953
11
7.86812
21
-4.48022
0
LINE
8
BLACK
6
CONTINUOUS
10
8.61402
20
-4.47943
11
8.61471
21
-4.4811
0
LINE
8
BLACK
6
CONTINUOUS
10
8.61471
20
-4.4811
11
8.61402
21
-4.48277
0
LINE
8
BLACK
6
CONTINUOUS
10
8.61402
20
-4.48277
11
8.61235
21
-4.48346
0
LINE
8
BLACK
6
CONTINUOUS
10
8.61235
20
-4.48346
11
8.60025
21
-4.48346
0
LINE
8
BLACK
6
CONTINUOUS
10
8.60025
20
-4.48346
11
8.59858
21
-4.48277
0
LINE
8
BLACK
6
CONTINUOUS
10
8.59858
20
-4.48277
11
8.59789
21
-4.4811
0
LINE
8
BLACK
6
CONTINUOUS
10
8.59789
20
-4.4811
11
8.59858
21
-4.47943
0
LINE
8
BLACK
6
CONTINUOUS
10
8.59858
20
-4.47943
11
8.60025
21
-4.47874
0
LINE
8
BLACK
6
CONTINUOUS
10
8.60025
20
-4.47874
11
8.61235
21
-4.47874
0
LINE
8
BLACK
6
CONTINUOUS
10
8.61235
20
-4.47874
11
8.61402
21
-4.47943
0
LINE
8
BLACK
6
CONTINUOUS
10
7.86992
20
-4.46211
11
7.87062
21
-4.46378
0
LINE
8
BLACK
6
CONTINUOUS
10
7.87062
20
-4.46378
11
7.86992
21
-4.46545
0
LINE
8
BLACK
6
CONTINUOUS
10
7.86992
20
-4.46545
11
7.86825
21
-4.46614
0
LINE
8
BLACK
6
CONTINUOUS
10
7.86825
20
-4.46614
11
7.85616
21
-4.46614
0
LINE
8
BLACK
6
CONTINUOUS
10
7.85616
20
-4.46614
11
7.85449
21
-4.46545
0
LINE
8
BLACK
6
CONTINUOUS
10
7.85449
20
-4.46545
11
7.85379
21
-4.46378
0
LINE
8
BLACK
6
CONTINUOUS
10
7.85379
20
-4.46378
11
7.85449
21
-4.46211
0
LINE
8
BLACK
6
CONTINUOUS
10
7.85449
20
-4.46211
11
7.85616
21
-4.46142
0
LINE
8
BLACK
6
CONTINUOUS
10
7.85616
20
-4.46142
11
7.86825
21
-4.46142
0
LINE
8
BLACK
6
CONTINUOUS
10
7.86825
20
-4.46142
11
7.86992
21
-4.46211
0
LINE
8
BLACK
6
CONTINUOUS
10
8.56638
20
-4.46211
11
8.56707
21
-4.46378
0
LINE
8
BLACK
6
CONTINUOUS
10
8.56707
20
-4.46378
11
8.56638
21
-4.46545
0
LINE
8
BLACK
6
CONTINUOUS
10
8.56638
20
-4.46545
11
8.56471
21
-4.46614
0
LINE
8
BLACK
6
CONTINUOUS
10
8.56471
20
-4.46614
11
8.55261
21
-4.46614
0
LINE
8
BLACK
6
CONTINUOUS
10
8.55261
20
-4.46614
11
8.55094
21
-4.46545
0
LINE
8
BLACK
6
CONTINUOUS
10
8.55094
20
-4.46545
11
8.55025
21
-4.46378
0
LINE
8
BLACK
6
CONTINUOUS
10
8.55025
20
-4.46378
11
8.55094
21
-4.46211
0
LINE
8
BLACK
6
CONTINUOUS
10
8.55094
20
-4.46211
11
8.55261
21
-4.46142
0
LINE
8
BLACK
6
CONTINUOUS
10
8.55261
20
-4.46142
11
8.56471
21
-4.46142
0
LINE
8
BLACK
6
CONTINUOUS
10
8.56471
20
-4.46142
11
8.56638
21
-4.46211
0
LINE
8
BLACK
6
CONTINUOUS
10
8.48803
20
-4.45581
11
8.48873
21
-4.45748
0
LINE
8
BLACK
6
CONTINUOUS
10
8.48873
20
-4.45748
11
8.48803
21
-4.45915
0
LINE
8
BLACK
6
CONTINUOUS
10
8.48803
20
-4.45915
11
8.48636
21
-4.45984
0
LINE
8
BLACK
6
CONTINUOUS
10
8.48636
20
-4.45984
11
8.47427
21
-4.45984
0
LINE
8
BLACK
6
CONTINUOUS
10
8.47427
20
-4.45984
11
8.4726
21
-4.45915
0
LINE
8
BLACK
6
CONTINUOUS
10
8.4726
20
-4.45915
11
8.4719
21
-4.45748
0
LINE
8
BLACK
6
CONTINUOUS
10
8.4719
20
-4.45748
11
8.4726
21
-4.45581
0
LINE
8
BLACK
6
CONTINUOUS
10
8.4726
20
-4.45581
11
8.47427
21
-4.45512
0
LINE
8
BLACK
6
CONTINUOUS
10
8.47427
20
-4.45512
11
8.48636
21
-4.45512
0
LINE
8
BLACK
6
CONTINUOUS
10
8.48636
20
-4.45512
11
8.48803
21
-4.45581
0
LINE
8
BLACK
6
CONTINUOUS
10
8.07175
20
-4.4411
11
8.07244
21
-4.44277
0
LINE
8
BLACK
6
CONTINUOUS
10
8.07244
20
-4.44277
11
8.07244
21
-4.45487
0
LINE
8
BLACK
6
CONTINUOUS
10
8.07244
20
-4.45487
11
8.07175
21
-4.45654
0
LINE
8
BLACK
6
CONTINUOUS
10
8.07175
20
-4.45654
11
8.07008
21
-4.45723
0
LINE
8
BLACK
6
CONTINUOUS
10
8.07008
20
-4.45723
11
8.06841
21
-4.45654
0
LINE
8
BLACK
6
CONTINUOUS
10
8.06841
20
-4.45654
11
8.06772
21
-4.45487
0
LINE
8
BLACK
6
CONTINUOUS
10
8.06772
20
-4.45487
11
8.06772
21
-4.44277
0
LINE
8
BLACK
6
CONTINUOUS
10
8.06772
20
-4.44277
11
8.06841
21
-4.4411
0
LINE
8
BLACK
6
CONTINUOUS
10
8.06841
20
-4.4411
11
8.07008
21
-4.44041
0
LINE
8
BLACK
6
CONTINUOUS
10
8.07008
20
-4.44041
11
8.07175
21
-4.4411
0
LINE
8
BLACK
6
CONTINUOUS
10
8.04183
20
-4.4411
11
8.04252
21
-4.44277
0
LINE
8
BLACK
6
CONTINUOUS
10
8.04252
20
-4.44277
11
8.04252
21
-4.45487
0
LINE
8
BLACK
6
CONTINUOUS
10
8.04252
20
-4.45487
11
8.04183
21
-4.45654
0
LINE
8
BLACK
6
CONTINUOUS
10
8.04183
20
-4.45654
11
8.04016
21
-4.45723
0
LINE
8
BLACK
6
CONTINUOUS
10
8.04016
20
-4.45723
11
8.03849
21
-4.45654
0
LINE
8
BLACK
6
CONTINUOUS
10
8.03849
20
-4.45654
11
8.0378
21
-4.45487
0
LINE
8
BLACK
6
CONTINUOUS
10
8.0378
20
-4.45487
11
8.0378
21
-4.44277
0
LINE
8
BLACK
6
CONTINUOUS
10
8.0378
20
-4.44277
11
8.03849
21
-4.4411
0
LINE
8
BLACK
6
CONTINUOUS
10
8.03849
20
-4.4411
11
8.04016
21
-4.44041
0
LINE
8
BLACK
6
CONTINUOUS
10
8.04016
20
-4.44041
11
8.04183
21
-4.4411
0
LINE
8
BLACK
6
CONTINUOUS
10
7.64106
20
-4.45069
11
7.64176
21
-4.45236
0
LINE
8
BLACK
6
CONTINUOUS
10
7.64176
20
-4.45236
11
7.64106
21
-4.45403
0
LINE
8
BLACK
6
CONTINUOUS
10
7.64106
20
-4.45403
11
7.63939
21
-4.45472
0
LINE
8
BLACK
6
CONTINUOUS
10
7.63939
20
-4.45472
11
7.62832
21
-4.45472
0
LINE
8
BLACK
6
CONTINUOUS
10
7.62832
20
-4.45472
11
7.62665
21
-4.45403
0
LINE
8
BLACK
6
CONTINUOUS
10
7.62665
20
-4.45403
11
7.62596
21
-4.45236
0
LINE
8
BLACK
6
CONTINUOUS
10
7.62596
20
-4.45236
11
7.62665
21
-4.45069
0
LINE
8
BLACK
6
CONTINUOUS
10
7.62665
20
-4.45069
11
7.62832
21
-4.45
0
LINE
8
BLACK
6
CONTINUOUS
10
7.62832
20
-4.45
11
7.63939
21
-4.45
0
LINE
8
BLACK
6
CONTINUOUS
10
7.63939
20
-4.45
11
7.64106
21
-4.45069
0
LINE
8
BLACK
6
CONTINUOUS
10
7.86992
20
-4.43219
11
7.87062
21
-4.43386
0
LINE
8
BLACK
6
CONTINUOUS
10
7.87062
20
-4.43386
11
7.86992
21
-4.43553
0
LINE
8
BLACK
6
CONTINUOUS
10
7.86992
20
-4.43553
11
7.86825
21
-4.43622
0
LINE
8
BLACK
6
CONTINUOUS
10
7.86825
20
-4.43622
11
7.85616
21
-4.43622
0
LINE
8
BLACK
6
CONTINUOUS
10
7.85616
20
-4.43622
11
7.85449
21
-4.43553
0
LINE
8
BLACK
6
CONTINUOUS
10
7.85449
20
-4.43553
11
7.85379
21
-4.43386
0
LINE
8
BLACK
6
CONTINUOUS
10
7.85379
20
-4.43386
11
7.85449
21
-4.43219
0
LINE
8
BLACK
6
CONTINUOUS
10
7.85449
20
-4.43219
11
7.85616
21
-4.4315
0
LINE
8
BLACK
6
CONTINUOUS
10
7.85616
20
-4.4315
11
7.86825
21
-4.4315
0
LINE
8
BLACK
6
CONTINUOUS
10
7.86825
20
-4.4315
11
7.86992
21
-4.43219
0
LINE
8
BLACK
6
CONTINUOUS
10
8.56638
20
-4.43219
11
8.56707
21
-4.43386
0
LINE
8
BLACK
6
CONTINUOUS
10
8.56707
20
-4.43386
11
8.56638
21
-4.43553
0
LINE
8
BLACK
6
CONTINUOUS
10
8.56638
20
-4.43553
11
8.56471
21
-4.43622
0
LINE
8
BLACK
6
CONTINUOUS
10
8.56471
20
-4.43622
11
8.55261
21
-4.43622
0
LINE
8
BLACK
6
CONTINUOUS
10
8.55261
20
-4.43622
11
8.55094
21
-4.43553
0
LINE
8
BLACK
6
CONTINUOUS
10
8.55094
20
-4.43553
11
8.55025
21
-4.43386
0
LINE
8
BLACK
6
CONTINUOUS
10
8.55025
20
-4.43386
11
8.55094
21
-4.43219
0
LINE
8
BLACK
6
CONTINUOUS
10
8.55094
20
-4.43219
11
8.55261
21
-4.4315
0
LINE
8
BLACK
6
CONTINUOUS
10
8.55261
20
-4.4315
11
8.56471
21
-4.4315
0
LINE
8
BLACK
6
CONTINUOUS
10
8.56471
20
-4.4315
11
8.56638
21
-4.43219
0
LINE
8
BLACK
6
CONTINUOUS
10
7.58595
20
-4.42786
11
7.58664
21
-4.42953
0
LINE
8
BLACK
6
CONTINUOUS
10
7.58664
20
-4.42953
11
7.58595
21
-4.4312
0
LINE
8
BLACK
6
CONTINUOUS
10
7.58595
20
-4.4312
11
7.58427
21
-4.43189
0
LINE
8
BLACK
6
CONTINUOUS
10
7.58427
20
-4.43189
11
7.57321
21
-4.43189
0
LINE
8
BLACK
6
CONTINUOUS
10
7.57321
20
-4.43189
11
7.57154
21
-4.4312
0
LINE
8
BLACK
6
CONTINUOUS
10
7.57154
20
-4.4312
11
7.57084
21
-4.42953
0
LINE
8
BLACK
6
CONTINUOUS
10
7.57084
20
-4.42953
11
7.57154
21
-4.42786
0
LINE
8
BLACK
6
CONTINUOUS
10
7.57154
20
-4.42786
11
7.57321
21
-4.42717
0
LINE
8
BLACK
6
CONTINUOUS
10
7.57321
20
-4.42717
11
7.58427
21
-4.42717
0
LINE
8
BLACK
6
CONTINUOUS
10
7.58427
20
-4.42717
11
7.58595
21
-4.42786
0
LINE
8
BLACK
6
CONTINUOUS
10
8.29832
20
-4.40537
11
8.29902
21
-4.40704
0
LINE
8
BLACK
6
CONTINUOUS
10
8.29902
20
-4.40704
11
8.29902
21
-4.42761
0
LINE
8
BLACK
6
CONTINUOUS
10
8.29902
20
-4.42761
11
8.29832
21
-4.42928
0
LINE
8
BLACK
6
CONTINUOUS
10
8.29832
20
-4.42928
11
8.29665
21
-4.42997
0
LINE
8
BLACK
6
CONTINUOUS
10
8.29665
20
-4.42997
11
8.29498
21
-4.42928
0
LINE
8
BLACK
6
CONTINUOUS
10
8.29498
20
-4.42928
11
8.29429
21
-4.42761
0
LINE
8
BLACK
6
CONTINUOUS
10
8.29429
20
-4.42761
11
8.29429
21
-4.40704
0
LINE
8
BLACK
6
CONTINUOUS
10
8.29429
20
-4.40704
11
8.29498
21
-4.40537
0
LINE
8
BLACK
6
CONTINUOUS
10
8.29498
20
-4.40537
11
8.29665
21
-4.40468
0
LINE
8
BLACK
6
CONTINUOUS
10
8.29665
20
-4.40468
11
8.29832
21
-4.40537
0
LINE
8
BLACK
6
CONTINUOUS
10
8.24045
20
-4.40537
11
8.24114
21
-4.40704
0
LINE
8
BLACK
6
CONTINUOUS
10
8.24114
20
-4.40704
11
8.24114
21
-4.42761
0
LINE
8
BLACK
6
CONTINUOUS
10
8.24114
20
-4.42761
11
8.24045
21
-4.42928
0
LINE
8
BLACK
6
CONTINUOUS
10
8.24045
20
-4.42928
11
8.23878
21
-4.42997
0
LINE
8
BLACK
6
CONTINUOUS
10
8.23878
20
-4.42997
11
8.23711
21
-4.42928
0
LINE
8
BLACK
6
CONTINUOUS
10
8.23711
20
-4.42928
11
8.23642
21
-4.42761
0
LINE
8
BLACK
6
CONTINUOUS
10
8.23642
20
-4.42761
11
8.23642
21
-4.40704
0
LINE
8
BLACK
6
CONTINUOUS
10
8.23642
20
-4.40704
11
8.23711
21
-4.40537
0
LINE
8
BLACK
6
CONTINUOUS
10
8.23711
20
-4.40537
11
8.23878
21
-4.40468
0
LINE
8
BLACK
6
CONTINUOUS
10
8.23878
20
-4.40468
11
8.24045
21
-4.40537
0
LINE
8
BLACK
6
CONTINUOUS
10
8.56677
20
-4.4188
11
8.56747
21
-4.42047
0
LINE
8
BLACK
6
CONTINUOUS
10
8.56747
20
-4.42047
11
8.56677
21
-4.42214
0
LINE
8
BLACK
6
CONTINUOUS
10
8.56677
20
-4.42214
11
8.5651
21
-4.42283
0
LINE
8
BLACK
6
CONTINUOUS
10
8.5651
20
-4.42283
11
8.55301
21
-4.42283
0
LINE
8
BLACK
6
CONTINUOUS
10
8.55301
20
-4.42283
11
8.55134
21
-4.42214
0
LINE
8
BLACK
6
CONTINUOUS
10
8.55134
20
-4.42214
11
8.55064
21
-4.42047
0
LINE
8
BLACK
6
CONTINUOUS
10
8.55064
20
-4.42047
11
8.55134
21
-4.4188
0
LINE
8
BLACK
6
CONTINUOUS
10
8.55134
20
-4.4188
11
8.55301
21
-4.41811
0
LINE
8
BLACK
6
CONTINUOUS
10
8.55301
20
-4.41811
11
8.5651
21
-4.41811
0
LINE
8
BLACK
6
CONTINUOUS
10
8.5651
20
-4.41811
11
8.56677
21
-4.4188
0
LINE
8
BLACK
6
CONTINUOUS
10
7.68199
20
-4.39779
11
7.68268
21
-4.39946
0
LINE
8
BLACK
6
CONTINUOUS
10
7.68268
20
-4.39946
11
7.68268
21
-4.41156
0
LINE
8
BLACK
6
CONTINUOUS
10
7.68268
20
-4.41156
11
7.68199
21
-4.41323
0
LINE
8
BLACK
6
CONTINUOUS
10
7.68199
20
-4.41323
11
7.68031
21
-4.41392
0
LINE
8
BLACK
6
CONTINUOUS
10
7.68031
20
-4.41392
11
7.67864
21
-4.41323
0
LINE
8
BLACK
6
CONTINUOUS
10
7.67864
20
-4.41323
11
7.67795
21
-4.41156
0
LINE
8
BLACK
6
CONTINUOUS
10
7.67795
20
-4.41156
11
7.67795
21
-4.39946
0
LINE
8
BLACK
6
CONTINUOUS
10
7.67795
20
-4.39946
11
7.67864
21
-4.39779
0
LINE
8
BLACK
6
CONTINUOUS
10
7.67864
20
-4.39779
11
7.68031
21
-4.3971
0
LINE
8
BLACK
6
CONTINUOUS
10
7.68031
20
-4.3971
11
7.68199
21
-4.39779
0
LINE
8
BLACK
6
CONTINUOUS
10
7.65206
20
-4.39779
11
7.65276
21
-4.39946
0
LINE
8
BLACK
6
CONTINUOUS
10
7.65276
20
-4.39946
11
7.65276
21
-4.41156
0
LINE
8
BLACK
6
CONTINUOUS
10
7.65276
20
-4.41156
11
7.65206
21
-4.41323
0
LINE
8
BLACK
6
CONTINUOUS
10
7.65206
20
-4.41323
11
7.65039
21
-4.41392
0
LINE
8
BLACK
6
CONTINUOUS
10
7.65039
20
-4.41392
11
7.64872
21
-4.41323
0
LINE
8
BLACK
6
CONTINUOUS
10
7.64872
20
-4.41323
11
7.64803
21
-4.41156
0
LINE
8
BLACK
6
CONTINUOUS
10
7.64803
20
-4.41156
11
7.64803
21
-4.39946
0
LINE
8
BLACK
6
CONTINUOUS
10
7.64803
20
-4.39946
11
7.64872
21
-4.39779
0
LINE
8
BLACK
6
CONTINUOUS
10
7.64872
20
-4.39779
11
7.65039
21
-4.3971
0
LINE
8
BLACK
6
CONTINUOUS
10
7.65039
20
-4.3971
11
7.65206
21
-4.39779
0
LINE
8
BLACK
6
CONTINUOUS
10
8.56677
20
-4.38888
11
8.56747
21
-4.39055
0
LINE
8
BLACK
6
CONTINUOUS
10
8.56747
20
-4.39055
11
8.56677
21
-4.39222
0
LINE
8
BLACK
6
CONTINUOUS
10
8.56677
20
-4.39222
11
8.5651
21
-4.39291
0
LINE
8
BLACK
6
CONTINUOUS
10
8.5651
20
-4.39291
11
8.55301
21
-4.39291
0
LINE
8
BLACK
6
CONTINUOUS
10
8.55301
20
-4.39291
11
8.55134
21
-4.39222
0
LINE
8
BLACK
6
CONTINUOUS
10
8.55134
20
-4.39222
11
8.55064
21
-4.39055
0
LINE
8
BLACK
6
CONTINUOUS
10
8.55064
20
-4.39055
11
8.55134
21
-4.38888
0
LINE
8
BLACK
6
CONTINUOUS
10
8.55134
20
-4.38888
11
8.55301
21
-4.38819
0
LINE
8
BLACK
6
CONTINUOUS
10
8.55301
20
-4.38819
11
8.5651
21
-4.38819
0
LINE
8
BLACK
6
CONTINUOUS
10
8.5651
20
-4.38819
11
8.56677
21
-4.38888
0
LINE
8
BLACK
6
CONTINUOUS
10
7.58595
20
-4.3877
11
7.58664
21
-4.38937
0
LINE
8
BLACK
6
CONTINUOUS
10
7.58664
20
-4.38937
11
7.58595
21
-4.39104
0
LINE
8
BLACK
6
CONTINUOUS
10
7.58595
20
-4.39104
11
7.58427
21
-4.39173
0
LINE
8
BLACK
6
CONTINUOUS
10
7.58427
20
-4.39173
11
7.57321
21
-4.39173
0
LINE
8
BLACK
6
CONTINUOUS
10
7.57321
20
-4.39173
11
7.57154
21
-4.39104
0
LINE
8
BLACK
6
CONTINUOUS
10
7.57154
20
-4.39104
11
7.57084
21
-4.38937
0
LINE
8
BLACK
6
CONTINUOUS
10
7.57084
20
-4.38937
11
7.57154
21
-4.3877
0
LINE
8
BLACK
6
CONTINUOUS
10
7.57154
20
-4.3877
11
7.57321
21
-4.38701
0
LINE
8
BLACK
6
CONTINUOUS
10
7.57321
20
-4.38701
11
7.58427
21
-4.38701
0
LINE
8
BLACK
6
CONTINUOUS
10
7.58427
20
-4.38701
11
7.58595
21
-4.3877
0
LINE
8
BLACK
6
CONTINUOUS
10
8.56677
20
-4.3755
11
8.56747
21
-4.37717
0
LINE
8
BLACK
6
CONTINUOUS
10
8.56747
20
-4.37717
11
8.56677
21
-4.37884
0
LINE
8
BLACK
6
CONTINUOUS
10
8.56677
20
-4.37884
11
8.5651
21
-4.37953
0
LINE
8
BLACK
6
CONTINUOUS
10
8.5651
20
-4.37953
11
8.55301
21
-4.37953
0
LINE
8
BLACK
6
CONTINUOUS
10
8.55301
20
-4.37953
11
8.55134
21
-4.37884
0
LINE
8
BLACK
6
CONTINUOUS
10
8.55134
20
-4.37884
11
8.55064
21
-4.37717
0
LINE
8
BLACK
6
CONTINUOUS
10
8.55064
20
-4.37717
11
8.55134
21
-4.3755
0
LINE
8
BLACK
6
CONTINUOUS
10
8.55134
20
-4.3755
11
8.55301
21
-4.3748
0
LINE
8
BLACK
6
CONTINUOUS
10
8.55301
20
-4.3748
11
8.5651
21
-4.3748
0
LINE
8
BLACK
6
CONTINUOUS
10
8.5651
20
-4.3748
11
8.56677
21
-4.3755
0
LINE
8
BLACK
6
CONTINUOUS
10
7.94498
20
-4.36781
11
7.94331
21
-4.3685
0
LINE
8
BLACK
6
CONTINUOUS
10
7.94331
20
-4.3685
11
7.94164
21
-4.36781
0
LINE
8
BLACK
6
CONTINUOUS
10
7.94164
20
-4.36781
11
7.94094
21
-4.36614
0
LINE
8
BLACK
6
CONTINUOUS
10
7.94094
20
-4.36614
11
7.94094
21
-4.30315
0
LINE
8
BLACK
6
CONTINUOUS
10
7.94094
20
-4.30315
11
7.94164
21
-4.30148
0
LINE
8
BLACK
6
CONTINUOUS
10
7.94164
20
-4.30148
11
7.94331
21
-4.30079
0
LINE
8
BLACK
6
CONTINUOUS
10
7.94331
20
-4.30079
11
7.94498
21
-4.30148
0
LINE
8
BLACK
6
CONTINUOUS
10
7.94498
20
-4.30148
11
7.94567
21
-4.30315
0
LINE
8
BLACK
6
CONTINUOUS
10
7.94567
20
-4.30315
11
7.94567
21
-4.36614
0
LINE
8
BLACK
6
CONTINUOUS
10
7.94567
20
-4.36614
11
7.94498
21
-4.36781
0
LINE
8
BLACK
6
CONTINUOUS
10
7.82214
20
-4.36781
11
7.82047
21
-4.3685
0
LINE
8
BLACK
6
CONTINUOUS
10
7.82047
20
-4.3685
11
7.8188
21
-4.36781
0
LINE
8
BLACK
6
CONTINUOUS
10
7.8188
20
-4.36781
11
7.81811
21
-4.36614
0
LINE
8
BLACK
6
CONTINUOUS
10
7.81811
20
-4.36614
11
7.81811
21
-4.26378
0
LINE
8
BLACK
6
CONTINUOUS
10
7.81811
20
-4.26378
11
7.8188
21
-4.26211
0
LINE
8
BLACK
6
CONTINUOUS
10
7.8188
20
-4.26211
11
7.82047
21
-4.26142
0
LINE
8
BLACK
6
CONTINUOUS
10
7.82047
20
-4.26142
11
7.82214
21
-4.26211
0
LINE
8
BLACK
6
CONTINUOUS
10
7.82214
20
-4.26211
11
7.82283
21
-4.26378
0
LINE
8
BLACK
6
CONTINUOUS
10
7.82283
20
-4.26378
11
7.82283
21
-4.36614
0
LINE
8
BLACK
6
CONTINUOUS
10
7.82283
20
-4.36614
11
7.82214
21
-4.36781
0
LINE
8
BLACK
6
CONTINUOUS
10
7.64106
20
-4.35305
11
7.64176
21
-4.35472
0
LINE
8
BLACK
6
CONTINUOUS
10
7.64176
20
-4.35472
11
7.64106
21
-4.35639
0
LINE
8
BLACK
6
CONTINUOUS
10
7.64106
20
-4.35639
11
7.63939
21
-4.35709
0
LINE
8
BLACK
6
CONTINUOUS
10
7.63939
20
-4.35709
11
7.62832
21
-4.35709
0
LINE
8
BLACK
6
CONTINUOUS
10
7.62832
20
-4.35709
11
7.62665
21
-4.35639
0
LINE
8
BLACK
6
CONTINUOUS
10
7.62665
20
-4.35639
11
7.62596
21
-4.35472
0
LINE
8
BLACK
6
CONTINUOUS
10
7.62596
20
-4.35472
11
7.62665
21
-4.35305
0
LINE
8
BLACK
6
CONTINUOUS
10
7.62665
20
-4.35305
11
7.62832
21
-4.35236
0
LINE
8
BLACK
6
CONTINUOUS
10
7.62832
20
-4.35236
11
7.63939
21
-4.35236
0
LINE
8
BLACK
6
CONTINUOUS
10
7.63939
20
-4.35236
11
7.64106
21
-4.35305
0
LINE
8
BLACK
6
CONTINUOUS
10
8.56677
20
-4.34557
11
8.56747
21
-4.34724
0
LINE
8
BLACK
6
CONTINUOUS
10
8.56747
20
-4.34724
11
8.56677
21
-4.34891
0
LINE
8
BLACK
6
CONTINUOUS
10
8.56677
20
-4.34891
11
8.5651
21
-4.34961
0
LINE
8
BLACK
6
CONTINUOUS
10
8.5651
20
-4.34961
11
8.55301
21
-4.34961
0
LINE
8
BLACK
6
CONTINUOUS
10
8.55301
20
-4.34961
11
8.55134
21
-4.34891
0
LINE
8
BLACK
6
CONTINUOUS
10
8.55134
20
-4.34891
11
8.55064
21
-4.34724
0
LINE
8
BLACK
6
CONTINUOUS
10
8.55064
20
-4.34724
11
8.55134
21
-4.34557
0
LINE
8
BLACK
6
CONTINUOUS
10
8.55134
20
-4.34557
11
8.55301
21
-4.34488
0
LINE
8
BLACK
6
CONTINUOUS
10
8.55301
20
-4.34488
11
8.5651
21
-4.34488
0
LINE
8
BLACK
6
CONTINUOUS
10
8.5651
20
-4.34488
11
8.56677
21
-4.34557
0
LINE
8
BLACK
6
CONTINUOUS
10
8.56677
20
-4.33219
11
8.56747
21
-4.33386
0
LINE
8
BLACK
6
CONTINUOUS
10
8.56747
20
-4.33386
11
8.56677
21
-4.33553
0
LINE
8
BLACK
6
CONTINUOUS
10
8.56677
20
-4.33553
11
8.5651
21
-4.33622
0
LINE
8
BLACK
6
CONTINUOUS
10
8.5651
20
-4.33622
11
8.55301
21
-4.33622
0
LINE
8
BLACK
6
CONTINUOUS
10
8.55301
20
-4.33622
11
8.55134
21
-4.33553
0
LINE
8
BLACK
6
CONTINUOUS
10
8.55134
20
-4.33553
11
8.55064
21
-4.33386
0
LINE
8
BLACK
6
CONTINUOUS
10
8.55064
20
-4.33386
11
8.55134
21
-4.33219
0
LINE
8
BLACK
6
CONTINUOUS
10
8.55134
20
-4.33219
11
8.55301
21
-4.3315
0
LINE
8
BLACK
6
CONTINUOUS
10
8.55301
20
-4.3315
11
8.5651
21
-4.3315
0
LINE
8
BLACK
6
CONTINUOUS
10
8.5651
20
-4.3315
11
8.56677
21
-4.33219
0
LINE
8
BLACK
6
CONTINUOUS
10
7.64106
20
-4.3129
11
7.64176
21
-4.31457
0
LINE
8
BLACK
6
CONTINUOUS
10
7.64176
20
-4.31457
11
7.64106
21
-4.31624
0
LINE
8
BLACK
6
CONTINUOUS
10
7.64106
20
-4.31624
11
7.63939
21
-4.31693
0
LINE
8
BLACK
6
CONTINUOUS
10
7.63939
20
-4.31693
11
7.62832
21
-4.31693
0
LINE
8
BLACK
6
CONTINUOUS
10
7.62832
20
-4.31693
11
7.62665
21
-4.31624
0
LINE
8
BLACK
6
CONTINUOUS
10
7.62665
20
-4.31624
11
7.62596
21
-4.31457
0
LINE
8
BLACK
6
CONTINUOUS
10
7.62596
20
-4.31457
11
7.62665
21
-4.3129
0
LINE
8
BLACK
6
CONTINUOUS
10
7.62665
20
-4.3129
11
7.62832
21
-4.3122
0
LINE
8
BLACK
6
CONTINUOUS
10
7.62832
20
-4.3122
11
7.63939
21
-4.3122
0
LINE
8
BLACK
6
CONTINUOUS
10
7.63939
20
-4.3122
11
7.64106
21
-4.3129
0
LINE
8
BLACK
6
CONTINUOUS
10
8.56677
20
-4.30227
11
8.56747
21
-4.30394
0
LINE
8
BLACK
6
CONTINUOUS
10
8.56747
20
-4.30394
11
8.56677
21
-4.30561
0
LINE
8
BLACK
6
CONTINUOUS
10
8.56677
20
-4.30561
11
8.5651
21
-4.3063
0
LINE
8
BLACK
6
CONTINUOUS
10
8.5651
20
-4.3063
11
8.55301
21
-4.3063
0
LINE
8
BLACK
6
CONTINUOUS
10
8.55301
20
-4.3063
11
8.55134
21
-4.30561
0
LINE
8
BLACK
6
CONTINUOUS
10
8.55134
20
-4.30561
11
8.55064
21
-4.30394
0
LINE
8
BLACK
6
CONTINUOUS
10
8.55064
20
-4.30394
11
8.55134
21
-4.30227
0
LINE
8
BLACK
6
CONTINUOUS
10
8.55134
20
-4.30227
11
8.55301
21
-4.30157
0
LINE
8
BLACK
6
CONTINUOUS
10
8.55301
20
-4.30157
11
8.5651
21
-4.30157
0
LINE
8
BLACK
6
CONTINUOUS
10
8.5651
20
-4.30157
11
8.56677
21
-4.30227
0
LINE
8
BLACK
6
CONTINUOUS
10
8.21506
20
-4.28362
11
8.21575
21
-4.28529
0
LINE
8
BLACK
6
CONTINUOUS
10
8.21575
20
-4.28529
11
8.21575
21
-4.29739
0
LINE
8
BLACK
6
CONTINUOUS
10
8.21575
20
-4.29739
11
8.21506
21
-4.29906
0
LINE
8
BLACK
6
CONTINUOUS
10
8.21506
20
-4.29906
11
8.21339
21
-4.29975
0
LINE
8
BLACK
6
CONTINUOUS
10
8.21339
20
-4.29975
11
8.21172
21
-4.29906
0
LINE
8
BLACK
6
CONTINUOUS
10
8.21172
20
-4.29906
11
8.21102
21
-4.29739
0
LINE
8
BLACK
6
CONTINUOUS
10
8.21102
20
-4.29739
11
8.21102
21
-4.28529
0
LINE
8
BLACK
6
CONTINUOUS
10
8.21102
20
-4.28529
11
8.21172
21
-4.28362
0
LINE
8
BLACK
6
CONTINUOUS
10
8.21172
20
-4.28362
11
8.21339
21
-4.28293
0
LINE
8
BLACK
6
CONTINUOUS
10
8.21339
20
-4.28293
11
8.21506
21
-4.28362
0
LINE
8
BLACK
6
CONTINUOUS
10
8.24498
20
-4.28362
11
8.24567
21
-4.28529
0
LINE
8
BLACK
6
CONTINUOUS
10
8.24567
20
-4.28529
11
8.24567
21
-4.29739
0
LINE
8
BLACK
6
CONTINUOUS
10
8.24567
20
-4.29739
11
8.24498
21
-4.29906
0
LINE
8
BLACK
6
CONTINUOUS
10
8.24498
20
-4.29906
11
8.24331
21
-4.29975
0
LINE
8
BLACK
6
CONTINUOUS
10
8.24331
20
-4.29975
11
8.24164
21
-4.29906
0
LINE
8
BLACK
6
CONTINUOUS
10
8.24164
20
-4.29906
11
8.24094
21
-4.29739
0
LINE
8
BLACK
6
CONTINUOUS
10
8.24094
20
-4.29739
11
8.24094
21
-4.28529
0
LINE
8
BLACK
6
CONTINUOUS
10
8.24094
20
-4.28529
11
8.24164
21
-4.28362
0
LINE
8
BLACK
6
CONTINUOUS
10
8.24164
20
-4.28362
11
8.24331
21
-4.28293
0
LINE
8
BLACK
6
CONTINUOUS
10
8.24331
20
-4.28293
11
8.24498
21
-4.28362
0
LINE
8
BLACK
6
CONTINUOUS
10
7.64106
20
-4.29006
11
7.64176
21
-4.29173
0
LINE
8
BLACK
6
CONTINUOUS
10
7.64176
20
-4.29173
11
7.64106
21
-4.2934
0
LINE
8
BLACK
6
CONTINUOUS
10
7.64106
20
-4.2934
11
7.63939
21
-4.29409
0
LINE
8
BLACK
6
CONTINUOUS
10
7.63939
20
-4.29409
11
7.62832
21
-4.29409
0
LINE
8
BLACK
6
CONTINUOUS
10
7.62832
20
-4.29409
11
7.62665
21
-4.2934
0
LINE
8
BLACK
6
CONTINUOUS
10
7.62665
20
-4.2934
11
7.62596
21
-4.29173
0
LINE
8
BLACK
6
CONTINUOUS
10
7.62596
20
-4.29173
11
7.62665
21
-4.29006
0
LINE
8
BLACK
6
CONTINUOUS
10
7.62665
20
-4.29006
11
7.62832
21
-4.28937
0
LINE
8
BLACK
6
CONTINUOUS
10
7.62832
20
-4.28937
11
7.63939
21
-4.28937
0
LINE
8
BLACK
6
CONTINUOUS
10
7.63939
20
-4.28937
11
7.64106
21
-4.29006
0
LINE
8
BLACK
6
CONTINUOUS
10
8.56677
20
-4.28494
11
8.56747
21
-4.28661
0
LINE
8
BLACK
6
CONTINUOUS
10
8.56747
20
-4.28661
11
8.56677
21
-4.28828
0
LINE
8
BLACK
6
CONTINUOUS
10
8.56677
20
-4.28828
11
8.5651
21
-4.28898
0
LINE
8
BLACK
6
CONTINUOUS
10
8.5651
20
-4.28898
11
8.55301
21
-4.28898
0
LINE
8
BLACK
6
CONTINUOUS
10
8.55301
20
-4.28898
11
8.55134
21
-4.28828
0
LINE
8
BLACK
6
CONTINUOUS
10
8.55134
20
-4.28828
11
8.55064
21
-4.28661
0
LINE
8
BLACK
6
CONTINUOUS
10
8.55064
20
-4.28661
11
8.55134
21
-4.28494
0
LINE
8
BLACK
6
CONTINUOUS
10
8.55134
20
-4.28494
11
8.55301
21
-4.28425
0
LINE
8
BLACK
6
CONTINUOUS
10
8.55301
20
-4.28425
11
8.5651
21
-4.28425
0
LINE
8
BLACK
6
CONTINUOUS
10
8.5651
20
-4.28425
11
8.56677
21
-4.28494
0
LINE
8
BLACK
6
CONTINUOUS
10
8.48803
20
-4.28494
11
8.48873
21
-4.28661
0
LINE
8
BLACK
6
CONTINUOUS
10
8.48873
20
-4.28661
11
8.48803
21
-4.28828
0
LINE
8
BLACK
6
CONTINUOUS
10
8.48803
20
-4.28828
11
8.48636
21
-4.28898
0
LINE
8
BLACK
6
CONTINUOUS
10
8.48636
20
-4.28898
11
8.47427
21
-4.28898
0
LINE
8
BLACK
6
CONTINUOUS
10
8.47427
20
-4.28898
11
8.4726
21
-4.28828
0
LINE
8
BLACK
6
CONTINUOUS
10
8.4726
20
-4.28828
11
8.4719
21
-4.28661
0
LINE
8
BLACK
6
CONTINUOUS
10
8.4719
20
-4.28661
11
8.4726
21
-4.28494
0
LINE
8
BLACK
6
CONTINUOUS
10
8.4726
20
-4.28494
11
8.47427
21
-4.28425
0
LINE
8
BLACK
6
CONTINUOUS
10
8.47427
20
-4.28425
11
8.48636
21
-4.28425
0
LINE
8
BLACK
6
CONTINUOUS
10
8.48636
20
-4.28425
11
8.48803
21
-4.28494
0
LINE
8
BLACK
6
CONTINUOUS
10
8.56677
20
-4.25502
11
8.56747
21
-4.25669
0
LINE
8
BLACK
6
CONTINUOUS
10
8.56747
20
-4.25669
11
8.56677
21
-4.25836
0
LINE
8
BLACK
6
CONTINUOUS
10
8.56677
20
-4.25836
11
8.5651
21
-4.25906
0
LINE
8
BLACK
6
CONTINUOUS
10
8.5651
20
-4.25906
11
8.55301
21
-4.25906
0
LINE
8
BLACK
6
CONTINUOUS
10
8.55301
20
-4.25906
11
8.55134
21
-4.25836
0
LINE
8
BLACK
6
CONTINUOUS
10
8.55134
20
-4.25836
11
8.55064
21
-4.25669
0
LINE
8
BLACK
6
CONTINUOUS
10
8.55064
20
-4.25669
11
8.55134
21
-4.25502
0
LINE
8
BLACK
6
CONTINUOUS
10
8.55134
20
-4.25502
11
8.55301
21
-4.25433
0
LINE
8
BLACK
6
CONTINUOUS
10
8.55301
20
-4.25433
11
8.5651
21
-4.25433
0
LINE
8
BLACK
6
CONTINUOUS
10
8.5651
20
-4.25433
11
8.56677
21
-4.25502
0
LINE
8
BLACK
6
CONTINUOUS
10
8.48803
20
-4.25502
11
8.48873
21
-4.25669
0
LINE
8
BLACK
6
CONTINUOUS
10
8.48873
20
-4.25669
11
8.48803
21
-4.25836
0
LINE
8
BLACK
6
CONTINUOUS
10
8.48803
20
-4.25836
11
8.48636
21
-4.25906
0
LINE
8
BLACK
6
CONTINUOUS
10
8.48636
20
-4.25906
11
8.47427
21
-4.25906
0
LINE
8
BLACK
6
CONTINUOUS
10
8.47427
20
-4.25906
11
8.4726
21
-4.25836
0
LINE
8
BLACK
6
CONTINUOUS
10
8.4726
20
-4.25836
11
8.4719
21
-4.25669
0
LINE
8
BLACK
6
CONTINUOUS
10
8.4719
20
-4.25669
11
8.4726
21
-4.25502
0
LINE
8
BLACK
6
CONTINUOUS
10
8.4726
20
-4.25502
11
8.47427
21
-4.25433
0
LINE
8
BLACK
6
CONTINUOUS
10
8.47427
20
-4.25433
11
8.48636
21
-4.25433
0
LINE
8
BLACK
6
CONTINUOUS
10
8.48636
20
-4.25433
11
8.48803
21
-4.25502
0
LINE
8
BLACK
6
CONTINUOUS
10
7.64106
20
-4.2499
11
7.64176
21
-4.25157
0
LINE
8
BLACK
6
CONTINUOUS
10
7.64176
20
-4.25157
11
7.64106
21
-4.25325
0
LINE
8
BLACK
6
CONTINUOUS
10
7.64106
20
-4.25325
11
7.63939
21
-4.25394
0
LINE
8
BLACK
6
CONTINUOUS
10
7.63939
20
-4.25394
11
7.62832
21
-4.25394
0
LINE
8
BLACK
6
CONTINUOUS
10
7.62832
20
-4.25394
11
7.62665
21
-4.25325
0
LINE
8
BLACK
6
CONTINUOUS
10
7.62665
20
-4.25325
11
7.62596
21
-4.25157
0
LINE
8
BLACK
6
CONTINUOUS
10
7.62596
20
-4.25157
11
7.62665
21
-4.2499
0
LINE
8
BLACK
6
CONTINUOUS
10
7.62665
20
-4.2499
11
7.62832
21
-4.24921
0
LINE
8
BLACK
6
CONTINUOUS
10
7.62832
20
-4.24921
11
7.63939
21
-4.24921
0
LINE
8
BLACK
6
CONTINUOUS
10
7.63939
20
-4.24921
11
7.64106
21
-4.2499
0
LINE
8
BLACK
6
CONTINUOUS
10
7.62925
20
-4.20738
11
7.62994
21
-4.20906
0
LINE
8
BLACK
6
CONTINUOUS
10
7.62994
20
-4.20906
11
7.62925
21
-4.21073
0
LINE
8
BLACK
6
CONTINUOUS
10
7.62925
20
-4.21073
11
7.62758
21
-4.21142
0
LINE
8
BLACK
6
CONTINUOUS
10
7.62758
20
-4.21142
11
7.61651
21
-4.21142
0
LINE
8
BLACK
6
CONTINUOUS
10
7.61651
20
-4.21142
11
7.61484
21
-4.21073
0
LINE
8
BLACK
6
CONTINUOUS
10
7.61484
20
-4.21073
11
7.61415
21
-4.20906
0
LINE
8
BLACK
6
CONTINUOUS
10
7.61415
20
-4.20906
11
7.61484
21
-4.20738
0
LINE
8
BLACK
6
CONTINUOUS
10
7.61484
20
-4.20738
11
7.61651
21
-4.20669
0
LINE
8
BLACK
6
CONTINUOUS
10
7.61651
20
-4.20669
11
7.62758
21
-4.20669
0
LINE
8
BLACK
6
CONTINUOUS
10
7.62758
20
-4.20669
11
7.62925
21
-4.20738
0
LINE
8
BLACK
6
CONTINUOUS
10
7.7513
20
-4.20738
11
7.75199
21
-4.20906
0
LINE
8
BLACK
6
CONTINUOUS
10
7.75199
20
-4.20906
11
7.7513
21
-4.21073
0
LINE
8
BLACK
6
CONTINUOUS
10
7.7513
20
-4.21073
11
7.74963
21
-4.21142
0
LINE
8
BLACK
6
CONTINUOUS
10
7.74963
20
-4.21142
11
7.73856
21
-4.21142
0
LINE
8
BLACK
6
CONTINUOUS
10
7.73856
20
-4.21142
11
7.73689
21
-4.21073
0
LINE
8
BLACK
6
CONTINUOUS
10
7.73689
20
-4.21073
11
7.7362
21
-4.20906
0
LINE
8
BLACK
6
CONTINUOUS
10
7.7362
20
-4.20906
11
7.73689
21
-4.20738
0
LINE
8
BLACK
6
CONTINUOUS
10
7.73689
20
-4.20738
11
7.73856
21
-4.20669
0
LINE
8
BLACK
6
CONTINUOUS
10
7.73856
20
-4.20669
11
7.74963
21
-4.20669
0
LINE
8
BLACK
6
CONTINUOUS
10
7.74963
20
-4.20669
11
7.7513
21
-4.20738
0
LINE
8
BLACK
6
CONTINUOUS
10
7.5072
20
-4.20738
11
7.5079
21
-4.20906
0
LINE
8
BLACK
6
CONTINUOUS
10
7.5079
20
-4.20906
11
7.5072
21
-4.21073
0
LINE
8
BLACK
6
CONTINUOUS
10
7.5072
20
-4.21073
11
7.50553
21
-4.21142
0
LINE
8
BLACK
6
CONTINUOUS
10
7.50553
20
-4.21142
11
7.49447
21
-4.21142
0
LINE
8
BLACK
6
CONTINUOUS
10
7.49447
20
-4.21142
11
7.4928
21
-4.21073
0
LINE
8
BLACK
6
CONTINUOUS
10
7.4928
20
-4.21073
11
7.4921
21
-4.20906
0
LINE
8
BLACK
6
CONTINUOUS
10
7.4921
20
-4.20906
11
7.4928
21
-4.20738
0
LINE
8
BLACK
6
CONTINUOUS
10
7.4928
20
-4.20738
11
7.49447
21
-4.20669
0
LINE
8
BLACK
6
CONTINUOUS
10
7.49447
20
-4.20669
11
7.50553
21
-4.20669
0
LINE
8
BLACK
6
CONTINUOUS
10
7.50553
20
-4.20669
11
7.5072
21
-4.20738
0
LINE
8
BLACK
6
CONTINUOUS
10
7.38516
20
-4.20738
11
7.38585
21
-4.20906
0
LINE
8
BLACK
6
CONTINUOUS
10
7.38585
20
-4.20906
11
7.38516
21
-4.21073
0
LINE
8
BLACK
6
CONTINUOUS
10
7.38516
20
-4.21073
11
7.38349
21
-4.21142
0
LINE
8
BLACK
6
CONTINUOUS
10
7.38349
20
-4.21142
11
7.37242
21
-4.21142
0
LINE
8
BLACK
6
CONTINUOUS
10
7.37242
20
-4.21142
11
7.37075
21
-4.21073
0
LINE
8
BLACK
6
CONTINUOUS
10
7.37075
20
-4.21073
11
7.37006
21
-4.20906
0
LINE
8
BLACK
6
CONTINUOUS
10
7.37006
20
-4.20906
11
7.37075
21
-4.20738
0
LINE
8
BLACK
6
CONTINUOUS
10
7.37075
20
-4.20738
11
7.37242
21
-4.20669
0
LINE
8
BLACK
6
CONTINUOUS
10
7.37242
20
-4.20669
11
7.38349
21
-4.20669
0
LINE
8
BLACK
6
CONTINUOUS
10
7.38349
20
-4.20669
11
7.38516
21
-4.20738
0
LINE
8
BLACK
6
CONTINUOUS
10
8.6337
20
-4.19439
11
8.6344
21
-4.19606
0
LINE
8
BLACK
6
CONTINUOUS
10
8.6344
20
-4.19606
11
8.6337
21
-4.19773
0
LINE
8
BLACK
6
CONTINUOUS
10
8.6337
20
-4.19773
11
8.63203
21
-4.19843
0
LINE
8
BLACK
6
CONTINUOUS
10
8.63203
20
-4.19843
11
8.61994
21
-4.19843
0
LINE
8
BLACK
6
CONTINUOUS
10
8.61994
20
-4.19843
11
8.61827
21
-4.19773
0
LINE
8
BLACK
6
CONTINUOUS
10
8.61827
20
-4.19773
11
8.61757
21
-4.19606
0
LINE
8
BLACK
6
CONTINUOUS
10
8.61757
20
-4.19606
11
8.61827
21
-4.19439
0
LINE
8
BLACK
6
CONTINUOUS
10
8.61827
20
-4.19439
11
8.61994
21
-4.1937
0
LINE
8
BLACK
6
CONTINUOUS
10
8.61994
20
-4.1937
11
8.63203
21
-4.1937
0
LINE
8
BLACK
6
CONTINUOUS
10
8.63203
20
-4.1937
11
8.6337
21
-4.19439
0
LINE
8
BLACK
6
CONTINUOUS
10
8.39748
20
-4.19439
11
8.39817
21
-4.19606
0
LINE
8
BLACK
6
CONTINUOUS
10
8.39817
20
-4.19606
11
8.39748
21
-4.19773
0
LINE
8
BLACK
6
CONTINUOUS
10
8.39748
20
-4.19773
11
8.39581
21
-4.19843
0
LINE
8
BLACK
6
CONTINUOUS
10
8.39581
20
-4.19843
11
8.38371
21
-4.19843
0
LINE
8
BLACK
6
CONTINUOUS
10
8.38371
20
-4.19843
11
8.38204
21
-4.19773
0
LINE
8
BLACK
6
CONTINUOUS
10
8.38204
20
-4.19773
11
8.38135
21
-4.19606
0
LINE
8
BLACK
6
CONTINUOUS
10
8.38135
20
-4.19606
11
8.38204
21
-4.19439
0
LINE
8
BLACK
6
CONTINUOUS
10
8.38204
20
-4.19439
11
8.38371
21
-4.1937
0
LINE
8
BLACK
6
CONTINUOUS
10
8.38371
20
-4.1937
11
8.39581
21
-4.1937
0
LINE
8
BLACK
6
CONTINUOUS
10
8.39581
20
-4.1937
11
8.39748
21
-4.19439
0
LINE
8
BLACK
6
CONTINUOUS
10
8.47622
20
-4.19439
11
8.47691
21
-4.19606
0
LINE
8
BLACK
6
CONTINUOUS
10
8.47691
20
-4.19606
11
8.47622
21
-4.19773
0
LINE
8
BLACK
6
CONTINUOUS
10
8.47622
20
-4.19773
11
8.47455
21
-4.19843
0
LINE
8
BLACK
6
CONTINUOUS
10
8.47455
20
-4.19843
11
8.46246
21
-4.19843
0
LINE
8
BLACK
6
CONTINUOUS
10
8.46246
20
-4.19843
11
8.46078
21
-4.19773
0
LINE
8
BLACK
6
CONTINUOUS
10
8.46078
20
-4.19773
11
8.46009
21
-4.19606
0
LINE
8
BLACK
6
CONTINUOUS
10
8.46009
20
-4.19606
11
8.46078
21
-4.19439
0
LINE
8
BLACK
6
CONTINUOUS
10
8.46078
20
-4.19439
11
8.46246
21
-4.1937
0
LINE
8
BLACK
6
CONTINUOUS
10
8.46246
20
-4.1937
11
8.47455
21
-4.1937
0
LINE
8
BLACK
6
CONTINUOUS
10
8.47455
20
-4.1937
11
8.47622
21
-4.19439
0
LINE
8
BLACK
6
CONTINUOUS
10
8.55496
20
-4.19439
11
8.55566
21
-4.19606
0
LINE
8
BLACK
6
CONTINUOUS
10
8.55566
20
-4.19606
11
8.55496
21
-4.19773
0
LINE
8
BLACK
6
CONTINUOUS
10
8.55496
20
-4.19773
11
8.55329
21
-4.19843
0
LINE
8
BLACK
6
CONTINUOUS
10
8.55329
20
-4.19843
11
8.5412
21
-4.19843
0
LINE
8
BLACK
6
CONTINUOUS
10
8.5412
20
-4.19843
11
8.53952
21
-4.19773
0
LINE
8
BLACK
6
CONTINUOUS
10
8.53952
20
-4.19773
11
8.53883
21
-4.19606
0
LINE
8
BLACK
6
CONTINUOUS
10
8.53883
20
-4.19606
11
8.53952
21
-4.19439
0
LINE
8
BLACK
6
CONTINUOUS
10
8.53952
20
-4.19439
11
8.5412
21
-4.1937
0
LINE
8
BLACK
6
CONTINUOUS
10
8.5412
20
-4.1937
11
8.55329
21
-4.1937
0
LINE
8
BLACK
6
CONTINUOUS
10
8.55329
20
-4.1937
11
8.55496
21
-4.19439
0
LINE
8
BLACK
6
CONTINUOUS
10
7.5072
20
-4.16723
11
7.5079
21
-4.1689
0
LINE
8
BLACK
6
CONTINUOUS
10
7.5079
20
-4.1689
11
7.5072
21
-4.17057
0
LINE
8
BLACK
6
CONTINUOUS
10
7.5072
20
-4.17057
11
7.50553
21
-4.17126
0
LINE
8
BLACK
6
CONTINUOUS
10
7.50553
20
-4.17126
11
7.49447
21
-4.17126
0
LINE
8
BLACK
6
CONTINUOUS
10
7.49447
20
-4.17126
11
7.4928
21
-4.17057
0
LINE
8
BLACK
6
CONTINUOUS
10
7.4928
20
-4.17057
11
7.4921
21
-4.1689
0
LINE
8
BLACK
6
CONTINUOUS
10
7.4921
20
-4.1689
11
7.4928
21
-4.16723
0
LINE
8
BLACK
6
CONTINUOUS
10
7.4928
20
-4.16723
11
7.49447
21
-4.16654
0
LINE
8
BLACK
6
CONTINUOUS
10
7.49447
20
-4.16654
11
7.50553
21
-4.16654
0
LINE
8
BLACK
6
CONTINUOUS
10
7.50553
20
-4.16654
11
7.5072
21
-4.16723
0
LINE
8
BLACK
6
CONTINUOUS
10
7.38516
20
-4.16723
11
7.38585
21
-4.1689
0
LINE
8
BLACK
6
CONTINUOUS
10
7.38585
20
-4.1689
11
7.38516
21
-4.17057
0
LINE
8
BLACK
6
CONTINUOUS
10
7.38516
20
-4.17057
11
7.38349
21
-4.17126
0
LINE
8
BLACK
6
CONTINUOUS
10
7.38349
20
-4.17126
11
7.37242
21
-4.17126
0
LINE
8
BLACK
6
CONTINUOUS
10
7.37242
20
-4.17126
11
7.37075
21
-4.17057
0
LINE
8
BLACK
6
CONTINUOUS
10
7.37075
20
-4.17057
11
7.37006
21
-4.1689
0
LINE
8
BLACK
6
CONTINUOUS
10
7.37006
20
-4.1689
11
7.37075
21
-4.16723
0
LINE
8
BLACK
6
CONTINUOUS
10
7.37075
20
-4.16723
11
7.37242
21
-4.16654
0
LINE
8
BLACK
6
CONTINUOUS
10
7.37242
20
-4.16654
11
7.38349
21
-4.16654
0
LINE
8
BLACK
6
CONTINUOUS
10
7.38349
20
-4.16654
11
7.38516
21
-4.16723
0
LINE
8
BLACK
6
CONTINUOUS
10
7.7513
20
-4.16723
11
7.75199
21
-4.1689
0
LINE
8
BLACK
6
CONTINUOUS
10
7.75199
20
-4.1689
11
7.7513
21
-4.17057
0
LINE
8
BLACK
6
CONTINUOUS
10
7.7513
20
-4.17057
11
7.74963
21
-4.17126
0
LINE
8
BLACK
6
CONTINUOUS
10
7.74963
20
-4.17126
11
7.73856
21
-4.17126
0
LINE
8
BLACK
6
CONTINUOUS
10
7.73856
20
-4.17126
11
7.73689
21
-4.17057
0
LINE
8
BLACK
6
CONTINUOUS
10
7.73689
20
-4.17057
11
7.7362
21
-4.1689
0
LINE
8
BLACK
6
CONTINUOUS
10
7.7362
20
-4.1689
11
7.73689
21
-4.16723
0
LINE
8
BLACK
6
CONTINUOUS
10
7.73689
20
-4.16723
11
7.73856
21
-4.16654
0
LINE
8
BLACK
6
CONTINUOUS
10
7.73856
20
-4.16654
11
7.74963
21
-4.16654
0
LINE
8
BLACK
6
CONTINUOUS
10
7.74963
20
-4.16654
11
7.7513
21
-4.16723
0
LINE
8
BLACK
6
CONTINUOUS
10
7.62925
20
-4.16723
11
7.62994
21
-4.1689
0
LINE
8
BLACK
6
CONTINUOUS
10
7.62994
20
-4.1689
11
7.62925
21
-4.17057
0
LINE
8
BLACK
6
CONTINUOUS
10
7.62925
20
-4.17057
11
7.62758
21
-4.17126
0
LINE
8
BLACK
6
CONTINUOUS
10
7.62758
20
-4.17126
11
7.61651
21
-4.17126
0
LINE
8
BLACK
6
CONTINUOUS
10
7.61651
20
-4.17126
11
7.61484
21
-4.17057
0
LINE
8
BLACK
6
CONTINUOUS
10
7.61484
20
-4.17057
11
7.61415
21
-4.1689
0
LINE
8
BLACK
6
CONTINUOUS
10
7.61415
20
-4.1689
11
7.61484
21
-4.16723
0
LINE
8
BLACK
6
CONTINUOUS
10
7.61484
20
-4.16723
11
7.61651
21
-4.16654
0
LINE
8
BLACK
6
CONTINUOUS
10
7.61651
20
-4.16654
11
7.62758
21
-4.16654
0
LINE
8
BLACK
6
CONTINUOUS
10
7.62758
20
-4.16654
11
7.62925
21
-4.16723
0
LINE
8
BLACK
6
CONTINUOUS
10
8.6337
20
-4.16447
11
8.6344
21
-4.16614
0
LINE
8
BLACK
6
CONTINUOUS
10
8.6344
20
-4.16614
11
8.6337
21
-4.16781
0
LINE
8
BLACK
6
CONTINUOUS
10
8.6337
20
-4.16781
11
8.63203
21
-4.1685
0
LINE
8
BLACK
6
CONTINUOUS
10
8.63203
20
-4.1685
11
8.61994
21
-4.1685
0
LINE
8
BLACK
6
CONTINUOUS
10
8.61994
20
-4.1685
11
8.61827
21
-4.16781
0
LINE
8
BLACK
6
CONTINUOUS
10
8.61827
20
-4.16781
11
8.61757
21
-4.16614
0
LINE
8
BLACK
6
CONTINUOUS
10
8.61757
20
-4.16614
11
8.61827
21
-4.16447
0
LINE
8
BLACK
6
CONTINUOUS
10
8.61827
20
-4.16447
11
8.61994
21
-4.16378
0
LINE
8
BLACK
6
CONTINUOUS
10
8.61994
20
-4.16378
11
8.63203
21
-4.16378
0
LINE
8
BLACK
6
CONTINUOUS
10
8.63203
20
-4.16378
11
8.6337
21
-4.16447
0
LINE
8
BLACK
6
CONTINUOUS
10
8.39748
20
-4.16447
11
8.39817
21
-4.16614
0
LINE
8
BLACK
6
CONTINUOUS
10
8.39817
20
-4.16614
11
8.39748
21
-4.16781
0
LINE
8
BLACK
6
CONTINUOUS
10
8.39748
20
-4.16781
11
8.39581
21
-4.1685
0
LINE
8
BLACK
6
CONTINUOUS
10
8.39581
20
-4.1685
11
8.38371
21
-4.1685
0
LINE
8
BLACK
6
CONTINUOUS
10
8.38371
20
-4.1685
11
8.38204
21
-4.16781
0
LINE
8
BLACK
6
CONTINUOUS
10
8.38204
20
-4.16781
11
8.38135
21
-4.16614
0
LINE
8
BLACK
6
CONTINUOUS
10
8.38135
20
-4.16614
11
8.38204
21
-4.16447
0
LINE
8
BLACK
6
CONTINUOUS
10
8.38204
20
-4.16447
11
8.38371
21
-4.16378
0
LINE
8
BLACK
6
CONTINUOUS
10
8.38371
20
-4.16378
11
8.39581
21
-4.16378
0
LINE
8
BLACK
6
CONTINUOUS
10
8.39581
20
-4.16378
11
8.39748
21
-4.16447
0
LINE
8
BLACK
6
CONTINUOUS
10
8.47622
20
-4.16447
11
8.47691
21
-4.16614
0
LINE
8
BLACK
6
CONTINUOUS
10
8.47691
20
-4.16614
11
8.47622
21
-4.16781
0
LINE
8
BLACK
6
CONTINUOUS
10
8.47622
20
-4.16781
11
8.47455
21
-4.1685
0
LINE
8
BLACK
6
CONTINUOUS
10
8.47455
20
-4.1685
11
8.46246
21
-4.1685
0
LINE
8
BLACK
6
CONTINUOUS
10
8.46246
20
-4.1685
11
8.46078
21
-4.16781
0
LINE
8
BLACK
6
CONTINUOUS
10
8.46078
20
-4.16781
11
8.46009
21
-4.16614
0
LINE
8
BLACK
6
CONTINUOUS
10
8.46009
20
-4.16614
11
8.46078
21
-4.16447
0
LINE
8
BLACK
6
CONTINUOUS
10
8.46078
20
-4.16447
11
8.46246
21
-4.16378
0
LINE
8
BLACK
6
CONTINUOUS
10
8.46246
20
-4.16378
11
8.47455
21
-4.16378
0
LINE
8
BLACK
6
CONTINUOUS
10
8.47455
20
-4.16378
11
8.47622
21
-4.16447
0
LINE
8
BLACK
6
CONTINUOUS
10
8.55496
20
-4.16447
11
8.55566
21
-4.16614
0
LINE
8
BLACK
6
CONTINUOUS
10
8.55566
20
-4.16614
11
8.55496
21
-4.16781
0
LINE
8
BLACK
6
CONTINUOUS
10
8.55496
20
-4.16781
11
8.55329
21
-4.1685
0
LINE
8
BLACK
6
CONTINUOUS
10
8.55329
20
-4.1685
11
8.5412
21
-4.1685
0
LINE
8
BLACK
6
CONTINUOUS
10
8.5412
20
-4.1685
11
8.53952
21
-4.16781
0
LINE
8
BLACK
6
CONTINUOUS
10
8.53952
20
-4.16781
11
8.53883
21
-4.16614
0
LINE
8
BLACK
6
CONTINUOUS
10
8.53883
20
-4.16614
11
8.53952
21
-4.16447
0
LINE
8
BLACK
6
CONTINUOUS
10
8.53952
20
-4.16447
11
8.5412
21
-4.16378
0
LINE
8
BLACK
6
CONTINUOUS
10
8.5412
20
-4.16378
11
8.55329
21
-4.16378
0
LINE
8
BLACK
6
CONTINUOUS
10
8.55329
20
-4.16378
11
8.55496
21
-4.16447
0
LINE
8
BLACK
6
CONTINUOUS
10
8.45345
20
-4.12482
11
8.45273
21
-4.12308
0
LINE
8
BLACK
6
CONTINUOUS
10
8.45273
20
-4.12308
11
8.45345
21
-4.12134
0
LINE
8
BLACK
6
CONTINUOUS
10
8.45345
20
-4.12134
11
8.45519
21
-4.12062
0
LINE
8
BLACK
6
CONTINUOUS
10
8.45519
20
-4.12062
11
8.46144
21
-4.12062
0
LINE
8
BLACK
6
CONTINUOUS
10
8.46144
20
-4.12062
11
8.45439
21
-4.11357
0
LINE
8
BLACK
6
CONTINUOUS
10
8.45439
20
-4.11357
11
8.45417
21
-4.11304
0
LINE
8
BLACK
6
CONTINUOUS
10
8.45417
20
-4.11304
11
8.4538
21
-4.11261
0
LINE
8
BLACK
6
CONTINUOUS
10
8.4538
20
-4.11261
11
8.45286
21
-4.1098
0
LINE
8
BLACK
6
CONTINUOUS
10
8.45286
20
-4.1098
11
8.45289
21
-4.10939
0
LINE
8
BLACK
6
CONTINUOUS
10
8.45289
20
-4.10939
11
8.45273
21
-4.10902
0
LINE
8
BLACK
6
CONTINUOUS
10
8.45273
20
-4.10902
11
8.45273
21
-4.10714
0
LINE
8
BLACK
6
CONTINUOUS
10
8.45273
20
-4.10714
11
8.45295
21
-4.10661
0
LINE
8
BLACK
6
CONTINUOUS
10
8.45295
20
-4.10661
11
8.45299
21
-4.10604
0
LINE
8
BLACK
6
CONTINUOUS
10
8.45299
20
-4.10604
11
8.45393
21
-4.10417
0
LINE
8
BLACK
6
CONTINUOUS
10
8.45393
20
-4.10417
11
8.45424
21
-4.1039
0
LINE
8
BLACK
6
CONTINUOUS
10
8.45424
20
-4.1039
11
8.45439
21
-4.10353
0
LINE
8
BLACK
6
CONTINUOUS
10
8.45439
20
-4.10353
11
8.45533
21
-4.10259
0
LINE
8
BLACK
6
CONTINUOUS
10
8.45533
20
-4.10259
11
8.4557
21
-4.10244
0
LINE
8
BLACK
6
CONTINUOUS
10
8.4557
20
-4.10244
11
8.45597
21
-4.10213
0
LINE
8
BLACK
6
CONTINUOUS
10
8.45597
20
-4.10213
11
8.45784
21
-4.10119
0
LINE
8
BLACK
6
CONTINUOUS
10
8.45784
20
-4.10119
11
8.45841
21
-4.10115
0
LINE
8
BLACK
6
CONTINUOUS
10
8.45841
20
-4.10115
11
8.45894
21
-4.10093
0
LINE
8
BLACK
6
CONTINUOUS
10
8.45894
20
-4.10093
11
8.46363
21
-4.10093
0
LINE
8
BLACK
6
CONTINUOUS
10
8.46363
20
-4.10093
11
8.46416
21
-4.10115
0
LINE
8
BLACK
6
CONTINUOUS
10
8.46416
20
-4.10115
11
8.46473
21
-4.10119
0
LINE
8
BLACK
6
CONTINUOUS
10
8.46473
20
-4.10119
11
8.4666
21
-4.10213
0
LINE
8
BLACK
6
CONTINUOUS
10
8.4666
20
-4.10213
11
8.46687
21
-4.10244
0
LINE
8
BLACK
6
CONTINUOUS
10
8.46687
20
-4.10244
11
8.46724
21
-4.10259
0
LINE
8
BLACK
6
CONTINUOUS
10
8.46724
20
-4.10259
11
8.46818
21
-4.10353
0
LINE
8
BLACK
6
CONTINUOUS
10
8.46818
20
-4.10353
11
8.4689
21
-4.10527
0
LINE
8
BLACK
6
CONTINUOUS
10
8.4689
20
-4.10527
11
8.46818
21
-4.10701
0
LINE
8
BLACK
6
CONTINUOUS
10
8.46818
20
-4.10701
11
8.46644
21
-4.10773
0
LINE
8
BLACK
6
CONTINUOUS
10
8.46644
20
-4.10773
11
8.4647
21
-4.10701
0
LINE
8
BLACK
6
CONTINUOUS
10
8.4647
20
-4.10701
11
8.46405
21
-4.10635
0
LINE
8
BLACK
6
CONTINUOUS
10
8.46405
20
-4.10635
11
8.46305
21
-4.10585
0
LINE
8
BLACK
6
CONTINUOUS
10
8.46305
20
-4.10585
11
8.45952
21
-4.10585
0
LINE
8
BLACK
6
CONTINUOUS
10
8.45952
20
-4.10585
11
8.45853
21
-4.10635
0
LINE
8
BLACK
6
CONTINUOUS
10
8.45853
20
-4.10635
11
8.45815
21
-4.10673
0
LINE
8
BLACK
6
CONTINUOUS
10
8.45815
20
-4.10673
11
8.45765
21
-4.10772
0
LINE
8
BLACK
6
CONTINUOUS
10
8.45765
20
-4.10772
11
8.45765
21
-4.10862
0
LINE
8
BLACK
6
CONTINUOUS
10
8.45765
20
-4.10862
11
8.45828
21
-4.1105
0
LINE
8
BLACK
6
CONTINUOUS
10
8.45828
20
-4.1105
11
8.46912
21
-4.12134
0
LINE
8
BLACK
6
CONTINUOUS
10
8.46912
20
-4.12134
11
8.46984
21
-4.12308
0
LINE
8
BLACK
6
CONTINUOUS
10
8.46984
20
-4.12308
11
8.46912
21
-4.12482
0
LINE
8
BLACK
6
CONTINUOUS
10
8.46912
20
-4.12482
11
8.46738
21
-4.12554
0
LINE
8
BLACK
6
CONTINUOUS
10
8.46738
20
-4.12554
11
8.45519
21
-4.12554
0
LINE
8
BLACK
6
CONTINUOUS
10
8.45519
20
-4.12554
11
8.45345
21
-4.12482
0
LINE
8
BLACK
6
CONTINUOUS
10
8.51318
20
-4.10165
11
8.5139
21
-4.10339
0
LINE
8
BLACK
6
CONTINUOUS
10
8.5139
20
-4.10339
11
8.5139
21
-4.12308
0
LINE
8
BLACK
6
CONTINUOUS
10
8.5139
20
-4.12308
11
8.51318
21
-4.12482
0
LINE
8
BLACK
6
CONTINUOUS
10
8.51318
20
-4.12482
11
8.51144
21
-4.12554
0
LINE
8
BLACK
6
CONTINUOUS
10
8.51144
20
-4.12554
11
8.5097
21
-4.12482
0
LINE
8
BLACK
6
CONTINUOUS
10
8.5097
20
-4.12482
11
8.50898
21
-4.12308
0
LINE
8
BLACK
6
CONTINUOUS
10
8.50898
20
-4.12308
11
8.50898
21
-4.12046
0
LINE
8
BLACK
6
CONTINUOUS
10
8.50898
20
-4.12046
11
8.50591
21
-4.12455
0
LINE
8
BLACK
6
CONTINUOUS
10
8.50591
20
-4.12455
11
8.50428
21
-4.12551
0
LINE
8
BLACK
6
CONTINUOUS
10
8.50428
20
-4.12551
11
8.50246
21
-4.12505
0
LINE
8
BLACK
6
CONTINUOUS
10
8.50246
20
-4.12505
11
8.5015
21
-4.12343
0
LINE
8
BLACK
6
CONTINUOUS
10
8.5015
20
-4.12343
11
8.50197
21
-4.1216
0
LINE
8
BLACK
6
CONTINUOUS
10
8.50197
20
-4.1216
11
8.50631
21
-4.11581
0
LINE
8
BLACK
6
CONTINUOUS
10
8.50631
20
-4.11581
11
8.5022
21
-4.11169
0
LINE
8
BLACK
6
CONTINUOUS
10
8.5022
20
-4.11169
11
8.50148
21
-4.10996
0
LINE
8
BLACK
6
CONTINUOUS
10
8.50148
20
-4.10996
11
8.5022
21
-4.10822
0
LINE
8
BLACK
6
CONTINUOUS
10
8.5022
20
-4.10822
11
8.50394
21
-4.10749
0
LINE
8
BLACK
6
CONTINUOUS
10
8.50394
20
-4.10749
11
8.50568
21
-4.10822
0
LINE
8
BLACK
6
CONTINUOUS
10
8.50568
20
-4.10822
11
8.50898
21
-4.11151
0
LINE
8
BLACK
6
CONTINUOUS
10
8.50898
20
-4.11151
11
8.50898
21
-4.10339
0
LINE
8
BLACK
6
CONTINUOUS
10
8.50898
20
-4.10339
11
8.5097
21
-4.10165
0
LINE
8
BLACK
6
CONTINUOUS
10
8.5097
20
-4.10165
11
8.51144
21
-4.10093
0
LINE
8
BLACK
6
CONTINUOUS
10
8.51144
20
-4.10093
11
8.51318
21
-4.10165
0
LINE
8
BLACK
6
CONTINUOUS
10
8.43416
20
-4.10115
11
8.43473
21
-4.10119
0
LINE
8
BLACK
6
CONTINUOUS
10
8.43473
20
-4.10119
11
8.43661
21
-4.10213
0
LINE
8
BLACK
6
CONTINUOUS
10
8.43661
20
-4.10213
11
8.43687
21
-4.10244
0
LINE
8
BLACK
6
CONTINUOUS
10
8.43687
20
-4.10244
11
8.43725
21
-4.10259
0
LINE
8
BLACK
6
CONTINUOUS
10
8.43725
20
-4.10259
11
8.43819
21
-4.10353
0
LINE
8
BLACK
6
CONTINUOUS
10
8.43819
20
-4.10353
11
8.43834
21
-4.1039
0
LINE
8
BLACK
6
CONTINUOUS
10
8.43834
20
-4.1039
11
8.43865
21
-4.10417
0
LINE
8
BLACK
6
CONTINUOUS
10
8.43865
20
-4.10417
11
8.43958
21
-4.10604
0
LINE
8
BLACK
6
CONTINUOUS
10
8.43958
20
-4.10604
11
8.4396
21
-4.10632
0
LINE
8
BLACK
6
CONTINUOUS
10
8.4396
20
-4.10632
11
8.43977
21
-4.10655
0
LINE
8
BLACK
6
CONTINUOUS
10
8.43977
20
-4.10655
11
8.44071
21
-4.1103
0
LINE
8
BLACK
6
CONTINUOUS
10
8.44071
20
-4.1103
11
8.44066
21
-4.1106
0
LINE
8
BLACK
6
CONTINUOUS
10
8.44066
20
-4.1106
11
8.44078
21
-4.11089
0
LINE
8
BLACK
6
CONTINUOUS
10
8.44078
20
-4.11089
11
8.44078
21
-4.11558
0
LINE
8
BLACK
6
CONTINUOUS
10
8.44078
20
-4.11558
11
8.44066
21
-4.11587
0
LINE
8
BLACK
6
CONTINUOUS
10
8.44066
20
-4.11587
11
8.44071
21
-4.11618
0
LINE
8
BLACK
6
CONTINUOUS
10
8.44071
20
-4.11618
11
8.43977
21
-4.11993
0
LINE
8
BLACK
6
CONTINUOUS
10
8.43977
20
-4.11993
11
8.4396
21
-4.12015
0
LINE
8
BLACK
6
CONTINUOUS
10
8.4396
20
-4.12015
11
8.43958
21
-4.12043
0
LINE
8
BLACK
6
CONTINUOUS
10
8.43958
20
-4.12043
11
8.43865
21
-4.1223
0
LINE
8
BLACK
6
CONTINUOUS
10
8.43865
20
-4.1223
11
8.43834
21
-4.12257
0
LINE
8
BLACK
6
CONTINUOUS
10
8.43834
20
-4.12257
11
8.43819
21
-4.12294
0
LINE
8
BLACK
6
CONTINUOUS
10
8.43819
20
-4.12294
11
8.43725
21
-4.12388
0
LINE
8
BLACK
6
CONTINUOUS
10
8.43725
20
-4.12388
11
8.43687
21
-4.12404
0
LINE
8
BLACK
6
CONTINUOUS
10
8.43687
20
-4.12404
11
8.43661
21
-4.12434
0
LINE
8
BLACK
6
CONTINUOUS
10
8.43661
20
-4.12434
11
8.43473
21
-4.12528
0
LINE
8
BLACK
6
CONTINUOUS
10
8.43473
20
-4.12528
11
8.43416
21
-4.12532
0
LINE
8
BLACK
6
CONTINUOUS
10
8.43416
20
-4.12532
11
8.43363
21
-4.12554
0
LINE
8
BLACK
6
CONTINUOUS
10
8.43363
20
-4.12554
11
8.43176
21
-4.12554
0
LINE
8
BLACK
6
CONTINUOUS
10
8.43176
20
-4.12554
11
8.43123
21
-4.12532
0
LINE
8
BLACK
6
CONTINUOUS
10
8.43123
20
-4.12532
11
8.43066
21
-4.12528
0
LINE
8
BLACK
6
CONTINUOUS
10
8.43066
20
-4.12528
11
8.42878
21
-4.12434
0
LINE
8
BLACK
6
CONTINUOUS
10
8.42878
20
-4.12434
11
8.42852
21
-4.12404
0
LINE
8
BLACK
6
CONTINUOUS
10
8.42852
20
-4.12404
11
8.42814
21
-4.12388
0
LINE
8
BLACK
6
CONTINUOUS
10
8.42814
20
-4.12388
11
8.42721
21
-4.12294
0
LINE
8
BLACK
6
CONTINUOUS
10
8.42721
20
-4.12294
11
8.42705
21
-4.12257
0
LINE
8
BLACK
6
CONTINUOUS
10
8.42705
20
-4.12257
11
8.42675
21
-4.1223
0
LINE
8
BLACK
6
CONTINUOUS
10
8.42675
20
-4.1223
11
8.42581
21
-4.12043
0
LINE
8
BLACK
6
CONTINUOUS
10
8.42581
20
-4.12043
11
8.42579
21
-4.12015
0
LINE
8
BLACK
6
CONTINUOUS
10
8.42579
20
-4.12015
11
8.42562
21
-4.11993
0
LINE
8
BLACK
6
CONTINUOUS
10
8.42562
20
-4.11993
11
8.42468
21
-4.11618
0
LINE
8
BLACK
6
CONTINUOUS
10
8.42468
20
-4.11618
11
8.42473
21
-4.11587
0
LINE
8
BLACK
6
CONTINUOUS
10
8.42473
20
-4.11587
11
8.42461
21
-4.11558
0
LINE
8
BLACK
6
CONTINUOUS
10
8.42461
20
-4.11558
11
8.42461
21
-4.11089
0
LINE
8
BLACK
6
CONTINUOUS
10
8.42461
20
-4.11089
11
8.42473
21
-4.1106
0
LINE
8
BLACK
6
CONTINUOUS
10
8.42473
20
-4.1106
11
8.42468
21
-4.1103
0
LINE
8
BLACK
6
CONTINUOUS
10
8.42468
20
-4.1103
11
8.42562
21
-4.10655
0
LINE
8
BLACK
6
CONTINUOUS
10
8.42562
20
-4.10655
11
8.42579
21
-4.10632
0
LINE
8
BLACK
6
CONTINUOUS
10
8.42579
20
-4.10632
11
8.42581
21
-4.10604
0
LINE
8
BLACK
6
CONTINUOUS
10
8.42581
20
-4.10604
11
8.42675
21
-4.10417
0
LINE
8
BLACK
6
CONTINUOUS
10
8.42675
20
-4.10417
11
8.42705
21
-4.1039
0
LINE
8
BLACK
6
CONTINUOUS
10
8.42705
20
-4.1039
11
8.42721
21
-4.10353
0
LINE
8
BLACK
6
CONTINUOUS
10
8.42721
20
-4.10353
11
8.42814
21
-4.10259
0
LINE
8
BLACK
6
CONTINUOUS
10
8.42814
20
-4.10259
11
8.42852
21
-4.10244
0
LINE
8
BLACK
6
CONTINUOUS
10
8.42852
20
-4.10244
11
8.42878
21
-4.10213
0
LINE
8
BLACK
6
CONTINUOUS
10
8.42878
20
-4.10213
11
8.43066
21
-4.10119
0
LINE
8
BLACK
6
CONTINUOUS
10
8.43066
20
-4.10119
11
8.43123
21
-4.10115
0
LINE
8
BLACK
6
CONTINUOUS
10
8.43123
20
-4.10115
11
8.43176
21
-4.10093
0
LINE
8
BLACK
6
CONTINUOUS
10
8.43176
20
-4.10093
11
8.43363
21
-4.10093
0
LINE
8
BLACK
6
CONTINUOUS
10
8.43363
20
-4.10093
11
8.43416
21
-4.10115
0
LINE
8
BLACK
6
CONTINUOUS
10
8.43234
20
-4.10585
11
8.43134
21
-4.10635
0
LINE
8
BLACK
6
CONTINUOUS
10
8.43134
20
-4.10635
11
8.43097
21
-4.10673
0
LINE
8
BLACK
6
CONTINUOUS
10
8.43097
20
-4.10673
11
8.43033
21
-4.108
0
LINE
8
BLACK
6
CONTINUOUS
10
8.43033
20
-4.108
11
8.42953
21
-4.1112
0
LINE
8
BLACK
6
CONTINUOUS
10
8.42953
20
-4.1112
11
8.42953
21
-4.11528
0
LINE
8
BLACK
6
CONTINUOUS
10
8.42953
20
-4.11528
11
8.43033
21
-4.11847
0
LINE
8
BLACK
6
CONTINUOUS
10
8.43033
20
-4.11847
11
8.43097
21
-4.11975
0
LINE
8
BLACK
6
CONTINUOUS
10
8.43097
20
-4.11975
11
8.43134
21
-4.12012
0
LINE
8
BLACK
6
CONTINUOUS
10
8.43134
20
-4.12012
11
8.43234
21
-4.12062
0
LINE
8
BLACK
6
CONTINUOUS
10
8.43234
20
-4.12062
11
8.43305
21
-4.12062
0
LINE
8
BLACK
6
CONTINUOUS
10
8.43305
20
-4.12062
11
8.43405
21
-4.12012
0
LINE
8
BLACK
6
CONTINUOUS
10
8.43405
20
-4.12012
11
8.43442
21
-4.11975
0
LINE
8
BLACK
6
CONTINUOUS
10
8.43442
20
-4.11975
11
8.43506
21
-4.11847
0
LINE
8
BLACK
6
CONTINUOUS
10
8.43506
20
-4.11847
11
8.43586
21
-4.11528
0
LINE
8
BLACK
6
CONTINUOUS
10
8.43586
20
-4.11528
11
8.43586
21
-4.1112
0
LINE
8
BLACK
6
CONTINUOUS
10
8.43586
20
-4.1112
11
8.43506
21
-4.108
0
LINE
8
BLACK
6
CONTINUOUS
10
8.43506
20
-4.108
11
8.43442
21
-4.10673
0
LINE
8
BLACK
6
CONTINUOUS
10
8.43442
20
-4.10673
11
8.43405
21
-4.10635
0
LINE
8
BLACK
6
CONTINUOUS
10
8.43405
20
-4.10635
11
8.43305
21
-4.10585
0
LINE
8
BLACK
6
CONTINUOUS
10
8.43305
20
-4.10585
11
8.43234
21
-4.10585
0
LINE
8
BLACK
6
CONTINUOUS
10
8.45009
20
-4.1223
11
8.44943
21
-4.12388
0
LINE
8
BLACK
6
CONTINUOUS
10
8.44943
20
-4.12388
11
8.4485
21
-4.12482
0
LINE
8
BLACK
6
CONTINUOUS
10
8.4485
20
-4.12482
11
8.4485
21
-4.12482
0
LINE
8
BLACK
6
CONTINUOUS
10
8.4485
20
-4.12482
11
8.4485
21
-4.12482
0
LINE
8
BLACK
6
CONTINUOUS
10
8.4485
20
-4.12482
11
8.44794
21
-4.12505
0
LINE
8
BLACK
6
CONTINUOUS
10
8.44794
20
-4.12505
11
8.44676
21
-4.12554
0
LINE
8
BLACK
6
CONTINUOUS
10
8.44676
20
-4.12554
11
8.44676
21
-4.12554
0
LINE
8
BLACK
6
CONTINUOUS
10
8.44676
20
-4.12554
11
8.44604
21
-4.12524
0
LINE
8
BLACK
6
CONTINUOUS
10
8.44604
20
-4.12524
11
8.44502
21
-4.12482
0
LINE
8
BLACK
6
CONTINUOUS
10
8.44502
20
-4.12482
11
8.44502
21
-4.12482
0
LINE
8
BLACK
6
CONTINUOUS
10
8.44502
20
-4.12482
11
8.44502
21
-4.12482
0
LINE
8
BLACK
6
CONTINUOUS
10
8.44502
20
-4.12482
11
8.44408
21
-4.12388
0
LINE
8
BLACK
6
CONTINUOUS
10
8.44408
20
-4.12388
11
8.44408
21
-4.12388
0
LINE
8
BLACK
6
CONTINUOUS
10
8.44408
20
-4.12388
11
8.44408
21
-4.12388
0
LINE
8
BLACK
6
CONTINUOUS
10
8.44408
20
-4.12388
11
8.44343
21
-4.1223
0
LINE
8
BLACK
6
CONTINUOUS
10
8.44343
20
-4.1223
11
8.44336
21
-4.12214
0
LINE
8
BLACK
6
CONTINUOUS
10
8.44336
20
-4.12214
11
8.44336
21
-4.12214
0
LINE
8
BLACK
6
CONTINUOUS
10
8.44336
20
-4.12214
11
8.4438
21
-4.12107
0
LINE
8
BLACK
6
CONTINUOUS
10
8.4438
20
-4.12107
11
8.44408
21
-4.1204
0
LINE
8
BLACK
6
CONTINUOUS
10
8.44408
20
-4.1204
11
8.44408
21
-4.1204
0
LINE
8
BLACK
6
CONTINUOUS
10
8.44408
20
-4.1204
11
8.44408
21
-4.1204
0
LINE
8
BLACK
6
CONTINUOUS
10
8.44408
20
-4.1204
11
8.44502
21
-4.11946
0
LINE
8
BLACK
6
CONTINUOUS
10
8.44502
20
-4.11946
11
8.44574
21
-4.11917
0
LINE
8
BLACK
6
CONTINUOUS
10
8.44574
20
-4.11917
11
8.44676
21
-4.11874
0
LINE
8
BLACK
6
CONTINUOUS
10
8.44676
20
-4.11874
11
8.44676
21
-4.11874
0
LINE
8
BLACK
6
CONTINUOUS
10
8.44676
20
-4.11874
11
8.44778
21
-4.11917
0
LINE
8
BLACK
6
CONTINUOUS
10
8.44778
20
-4.11917
11
8.4485
21
-4.11946
0
LINE
8
BLACK
6
CONTINUOUS
10
8.4485
20
-4.11946
11
8.44943
21
-4.1204
0
LINE
8
BLACK
6
CONTINUOUS
10
8.44943
20
-4.1204
11
8.44963
21
-4.12088
0
LINE
8
BLACK
6
CONTINUOUS
10
8.44963
20
-4.12088
11
8.45015
21
-4.12214
0
LINE
8
BLACK
6
CONTINUOUS
10
8.45015
20
-4.12214
11
8.45015
21
-4.12214
0
LINE
8
BLACK
6
CONTINUOUS
10
8.45015
20
-4.12214
11
8.45009
21
-4.1223
0
LINE
8
BLACK
6
CONTINUOUS
10
8.52603
20
-4.10771
11
8.5266
21
-4.10775
0
LINE
8
BLACK
6
CONTINUOUS
10
8.5266
20
-4.10775
11
8.52847
21
-4.10869
0
LINE
8
BLACK
6
CONTINUOUS
10
8.52847
20
-4.10869
11
8.52874
21
-4.109
0
LINE
8
BLACK
6
CONTINUOUS
10
8.52874
20
-4.109
11
8.52911
21
-4.10915
0
LINE
8
BLACK
6
CONTINUOUS
10
8.52911
20
-4.10915
11
8.53005
21
-4.11009
0
LINE
8
BLACK
6
CONTINUOUS
10
8.53005
20
-4.11009
11
8.5302
21
-4.11046
0
LINE
8
BLACK
6
CONTINUOUS
10
8.5302
20
-4.11046
11
8.53051
21
-4.11073
0
LINE
8
BLACK
6
CONTINUOUS
10
8.53051
20
-4.11073
11
8.53145
21
-4.1126
0
LINE
8
BLACK
6
CONTINUOUS
10
8.53145
20
-4.1126
11
8.53149
21
-4.11318
0
LINE
8
BLACK
6
CONTINUOUS
10
8.53149
20
-4.11318
11
8.53171
21
-4.1137
0
LINE
8
BLACK
6
CONTINUOUS
10
8.53171
20
-4.1137
11
8.53171
21
-4.11933
0
LINE
8
BLACK
6
CONTINUOUS
10
8.53171
20
-4.11933
11
8.53149
21
-4.11986
0
LINE
8
BLACK
6
CONTINUOUS
10
8.53149
20
-4.11986
11
8.53145
21
-4.12043
0
LINE
8
BLACK
6
CONTINUOUS
10
8.53145
20
-4.12043
11
8.53051
21
-4.1223
0
LINE
8
BLACK
6
CONTINUOUS
10
8.53051
20
-4.1223
11
8.5302
21
-4.12257
0
LINE
8
BLACK
6
CONTINUOUS
10
8.5302
20
-4.12257
11
8.53005
21
-4.12294
0
LINE
8
BLACK
6
CONTINUOUS
10
8.53005
20
-4.12294
11
8.52911
21
-4.12388
0
LINE
8
BLACK
6
CONTINUOUS
10
8.52911
20
-4.12388
11
8.52874
21
-4.12404
0
LINE
8
BLACK
6
CONTINUOUS
10
8.52874
20
-4.12404
11
8.52847
21
-4.12434
0
LINE
8
BLACK
6
CONTINUOUS
10
8.52847
20
-4.12434
11
8.5266
21
-4.12528
0
LINE
8
BLACK
6
CONTINUOUS
10
8.5266
20
-4.12528
11
8.52603
21
-4.12532
0
LINE
8
BLACK
6
CONTINUOUS
10
8.52603
20
-4.12532
11
8.5255
21
-4.12554
0
LINE
8
BLACK
6
CONTINUOUS
10
8.5255
20
-4.12554
11
8.52175
21
-4.12554
0
LINE
8
BLACK
6
CONTINUOUS
10
8.52175
20
-4.12554
11
8.52122
21
-4.12532
0
LINE
8
BLACK
6
CONTINUOUS
10
8.52122
20
-4.12532
11
8.52065
21
-4.12528
0
LINE
8
BLACK
6
CONTINUOUS
10
8.52065
20
-4.12528
11
8.51877
21
-4.12434
0
LINE
8
BLACK
6
CONTINUOUS
10
8.51877
20
-4.12434
11
8.51754
21
-4.12292
0
LINE
8
BLACK
6
CONTINUOUS
10
8.51754
20
-4.12292
11
8.51767
21
-4.12104
0
LINE
8
BLACK
6
CONTINUOUS
10
8.51767
20
-4.12104
11
8.51909
21
-4.11981
0
LINE
8
BLACK
6
CONTINUOUS
10
8.51909
20
-4.11981
11
8.52097
21
-4.11994
0
LINE
8
BLACK
6
CONTINUOUS
10
8.52097
20
-4.11994
11
8.52233
21
-4.12062
0
LINE
8
BLACK
6
CONTINUOUS
10
8.52233
20
-4.12062
11
8.52492
21
-4.12062
0
LINE
8
BLACK
6
CONTINUOUS
10
8.52492
20
-4.12062
11
8.52591
21
-4.12012
0
LINE
8
BLACK
6
CONTINUOUS
10
8.52591
20
-4.12012
11
8.52629
21
-4.11975
0
LINE
8
BLACK
6
CONTINUOUS
10
8.52629
20
-4.11975
11
8.52679
21
-4.11875
0
LINE
8
BLACK
6
CONTINUOUS
10
8.52679
20
-4.11875
11
8.52679
21
-4.11429
0
LINE
8
BLACK
6
CONTINUOUS
10
8.52679
20
-4.11429
11
8.52629
21
-4.11329
0
LINE
8
BLACK
6
CONTINUOUS
10
8.52629
20
-4.11329
11
8.52591
21
-4.11291
0
LINE
8
BLACK
6
CONTINUOUS
10
8.52591
20
-4.11291
11
8.52492
21
-4.11242
0
LINE
8
BLACK
6
CONTINUOUS
10
8.52492
20
-4.11242
11
8.52233
21
-4.11242
0
LINE
8
BLACK
6
CONTINUOUS
10
8.52233
20
-4.11242
11
8.52097
21
-4.11309
0
LINE
8
BLACK
6
CONTINUOUS
10
8.52097
20
-4.11309
11
8.51909
21
-4.11323
0
LINE
8
BLACK
6
CONTINUOUS
10
8.51909
20
-4.11323
11
8.51767
21
-4.11199
0
LINE
8
BLACK
6
CONTINUOUS
10
8.51767
20
-4.11199
11
8.51754
21
-4.11011
0
LINE
8
BLACK
6
CONTINUOUS
10
8.51754
20
-4.11011
11
8.51877
21
-4.10869
0
LINE
8
BLACK
6
CONTINUOUS
10
8.51877
20
-4.10869
11
8.52065
21
-4.10775
0
LINE
8
BLACK
6
CONTINUOUS
10
8.52065
20
-4.10775
11
8.52122
21
-4.10771
0
LINE
8
BLACK
6
CONTINUOUS
10
8.52122
20
-4.10771
11
8.52175
21
-4.10749
0
LINE
8
BLACK
6
CONTINUOUS
10
8.52175
20
-4.10749
11
8.5255
21
-4.10749
0
LINE
8
BLACK
6
CONTINUOUS
10
8.5255
20
-4.10749
11
8.52603
21
-4.10771
0
LINE
8
BLACK
6
CONTINUOUS
10
8.54384
20
-4.10771
11
8.54441
21
-4.10775
0
LINE
8
BLACK
6
CONTINUOUS
10
8.54441
20
-4.10775
11
8.54628
21
-4.10869
0
LINE
8
BLACK
6
CONTINUOUS
10
8.54628
20
-4.10869
11
8.54655
21
-4.109
0
LINE
8
BLACK
6
CONTINUOUS
10
8.54655
20
-4.109
11
8.54692
21
-4.10915
0
LINE
8
BLACK
6
CONTINUOUS
10
8.54692
20
-4.10915
11
8.54786
21
-4.11009
0
LINE
8
BLACK
6
CONTINUOUS
10
8.54786
20
-4.11009
11
8.54801
21
-4.11046
0
LINE
8
BLACK
6
CONTINUOUS
10
8.54801
20
-4.11046
11
8.54832
21
-4.11073
0
LINE
8
BLACK
6
CONTINUOUS
10
8.54832
20
-4.11073
11
8.54926
21
-4.1126
0
LINE
8
BLACK
6
CONTINUOUS
10
8.54926
20
-4.1126
11
8.5493
21
-4.11318
0
LINE
8
BLACK
6
CONTINUOUS
10
8.5493
20
-4.11318
11
8.54952
21
-4.1137
0
LINE
8
BLACK
6
CONTINUOUS
10
8.54952
20
-4.1137
11
8.54952
21
-4.11933
0
LINE
8
BLACK
6
CONTINUOUS
10
8.54952
20
-4.11933
11
8.5493
21
-4.11986
0
LINE
8
BLACK
6
CONTINUOUS
10
8.5493
20
-4.11986
11
8.54926
21
-4.12043
0
LINE
8
BLACK
6
CONTINUOUS
10
8.54926
20
-4.12043
11
8.54832
21
-4.1223
0
LINE
8
BLACK
6
CONTINUOUS
10
8.54832
20
-4.1223
11
8.54801
21
-4.12257
0
LINE
8
BLACK
6
CONTINUOUS
10
8.54801
20
-4.12257
11
8.54786
21
-4.12294
0
LINE
8
BLACK
6
CONTINUOUS
10
8.54786
20
-4.12294
11
8.54692
21
-4.12388
0
LINE
8
BLACK
6
CONTINUOUS
10
8.54692
20
-4.12388
11
8.54655
21
-4.12404
0
LINE
8
BLACK
6
CONTINUOUS
10
8.54655
20
-4.12404
11
8.54628
21
-4.12434
0
LINE
8
BLACK
6
CONTINUOUS
10
8.54628
20
-4.12434
11
8.54441
21
-4.12528
0
LINE
8
BLACK
6
CONTINUOUS
10
8.54441
20
-4.12528
11
8.54384
21
-4.12532
0
LINE
8
BLACK
6
CONTINUOUS
10
8.54384
20
-4.12532
11
8.54331
21
-4.12554
0
LINE
8
BLACK
6
CONTINUOUS
10
8.54331
20
-4.12554
11
8.54049
21
-4.12554
0
LINE
8
BLACK
6
CONTINUOUS
10
8.54049
20
-4.12554
11
8.53997
21
-4.12532
0
LINE
8
BLACK
6
CONTINUOUS
10
8.53997
20
-4.12532
11
8.53939
21
-4.12528
0
LINE
8
BLACK
6
CONTINUOUS
10
8.53939
20
-4.12528
11
8.53752
21
-4.12434
0
LINE
8
BLACK
6
CONTINUOUS
10
8.53752
20
-4.12434
11
8.53725
21
-4.12404
0
LINE
8
BLACK
6
CONTINUOUS
10
8.53725
20
-4.12404
11
8.53688
21
-4.12388
0
LINE
8
BLACK
6
CONTINUOUS
10
8.53688
20
-4.12388
11
8.53594
21
-4.12294
0
LINE
8
BLACK
6
CONTINUOUS
10
8.53594
20
-4.12294
11
8.53579
21
-4.12257
0
LINE
8
BLACK
6
CONTINUOUS
10
8.53579
20
-4.12257
11
8.53548
21
-4.1223
0
LINE
8
BLACK
6
CONTINUOUS
10
8.53548
20
-4.1223
11
8.53454
21
-4.12043
0
LINE
8
BLACK
6
CONTINUOUS
10
8.53454
20
-4.12043
11
8.5345
21
-4.11986
0
LINE
8
BLACK
6
CONTINUOUS
10
8.5345
20
-4.11986
11
8.53428
21
-4.11933
0
LINE
8
BLACK
6
CONTINUOUS
10
8.53428
20
-4.11933
11
8.53428
21
-4.1137
0
LINE
8
BLACK
6
CONTINUOUS
10
8.53428
20
-4.1137
11
8.5345
21
-4.11318
0
LINE
8
BLACK
6
CONTINUOUS
10
8.5345
20
-4.11318
11
8.53454
21
-4.1126
0
LINE
8
BLACK
6
CONTINUOUS
10
8.53454
20
-4.1126
11
8.53548
21
-4.11073
0
LINE
8
BLACK
6
CONTINUOUS
10
8.53548
20
-4.11073
11
8.53579
21
-4.11046
0
LINE
8
BLACK
6
CONTINUOUS
10
8.53579
20
-4.11046
11
8.53594
21
-4.11009
0
LINE
8
BLACK
6
CONTINUOUS
10
8.53594
20
-4.11009
11
8.53688
21
-4.10915
0
LINE
8
BLACK
6
CONTINUOUS
10
8.53688
20
-4.10915
11
8.53725
21
-4.109
0
LINE
8
BLACK
6
CONTINUOUS
10
8.53725
20
-4.109
11
8.53752
21
-4.10869
0
LINE
8
BLACK
6
CONTINUOUS
10
8.53752
20
-4.10869
11
8.53939
21
-4.10775
0
LINE
8
BLACK
6
CONTINUOUS
10
8.53939
20
-4.10775
11
8.53997
21
-4.10771
0
LINE
8
BLACK
6
CONTINUOUS
10
8.53997
20
-4.10771
11
8.54049
21
-4.10749
0
LINE
8
BLACK
6
CONTINUOUS
10
8.54049
20
-4.10749
11
8.54331
21
-4.10749
0
LINE
8
BLACK
6
CONTINUOUS
10
8.54331
20
-4.10749
11
8.54384
21
-4.10771
0
LINE
8
BLACK
6
CONTINUOUS
10
8.54108
20
-4.11242
11
8.54008
21
-4.11291
0
LINE
8
BLACK
6
CONTINUOUS
10
8.54008
20
-4.11291
11
8.53971
21
-4.11329
0
LINE
8
BLACK
6
CONTINUOUS
10
8.53971
20
-4.11329
11
8.53921
21
-4.11429
0
LINE
8
BLACK
6
CONTINUOUS
10
8.53921
20
-4.11429
11
8.53921
21
-4.11875
0
LINE
8
BLACK
6
CONTINUOUS
10
8.53921
20
-4.11875
11
8.53971
21
-4.11975
0
LINE
8
BLACK
6
CONTINUOUS
10
8.53971
20
-4.11975
11
8.54008
21
-4.12012
0
LINE
8
BLACK
6
CONTINUOUS
10
8.54008
20
-4.12012
11
8.54108
21
-4.12062
0
LINE
8
BLACK
6
CONTINUOUS
10
8.54108
20
-4.12062
11
8.54273
21
-4.12062
0
LINE
8
BLACK
6
CONTINUOUS
10
8.54273
20
-4.12062
11
8.54372
21
-4.12012
0
LINE
8
BLACK
6
CONTINUOUS
10
8.54372
20
-4.12012
11
8.5441
21
-4.11975
0
LINE
8
BLACK
6
CONTINUOUS
10
8.5441
20
-4.11975
11
8.5446
21
-4.11875
0
LINE
8
BLACK
6
CONTINUOUS
10
8.5446
20
-4.11875
11
8.5446
21
-4.11429
0
LINE
8
BLACK
6
CONTINUOUS
10
8.5446
20
-4.11429
11
8.5441
21
-4.11329
0
LINE
8
BLACK
6
CONTINUOUS
10
8.5441
20
-4.11329
11
8.54372
21
-4.11291
0
LINE
8
BLACK
6
CONTINUOUS
10
8.54372
20
-4.11291
11
8.54273
21
-4.11242
0
LINE
8
BLACK
6
CONTINUOUS
10
8.54273
20
-4.11242
11
8.54108
21
-4.11242
0
LINE
8
BLACK
6
CONTINUOUS
10
8.66316
20
-4.10165
11
8.66388
21
-4.10339
0
LINE
8
BLACK
6
CONTINUOUS
10
8.66388
20
-4.10339
11
8.66316
21
-4.10513
0
LINE
8
BLACK
6
CONTINUOUS
10
8.66316
20
-4.10513
11
8.66142
21
-4.10585
0
LINE
8
BLACK
6
CONTINUOUS
10
8.66142
20
-4.10585
11
8.65825
21
-4.10585
0
LINE
8
BLACK
6
CONTINUOUS
10
8.65825
20
-4.10585
11
8.65825
21
-4.12308
0
LINE
8
BLACK
6
CONTINUOUS
10
8.65825
20
-4.12308
11
8.65753
21
-4.12482
0
LINE
8
BLACK
6
CONTINUOUS
10
8.65753
20
-4.12482
11
8.65579
21
-4.12554
0
LINE
8
BLACK
6
CONTINUOUS
10
8.65579
20
-4.12554
11
8.65405
21
-4.12482
0
LINE
8
BLACK
6
CONTINUOUS
10
8.65405
20
-4.12482
11
8.65333
21
-4.12308
0
LINE
8
BLACK
6
CONTINUOUS
10
8.65333
20
-4.12308
11
8.65333
21
-4.10585
0
LINE
8
BLACK
6
CONTINUOUS
10
8.65333
20
-4.10585
11
8.65017
21
-4.10585
0
LINE
8
BLACK
6
CONTINUOUS
10
8.65017
20
-4.10585
11
8.64843
21
-4.10513
0
LINE
8
BLACK
6
CONTINUOUS
10
8.64843
20
-4.10513
11
8.64771
21
-4.10339
0
LINE
8
BLACK
6
CONTINUOUS
10
8.64771
20
-4.10339
11
8.64843
21
-4.10165
0
LINE
8
BLACK
6
CONTINUOUS
10
8.64843
20
-4.10165
11
8.65017
21
-4.10093
0
LINE
8
BLACK
6
CONTINUOUS
10
8.65017
20
-4.10093
11
8.66142
21
-4.10093
0
LINE
8
BLACK
6
CONTINUOUS
10
8.66142
20
-4.10093
11
8.66316
21
-4.10165
0
LINE
8
BLACK
6
CONTINUOUS
10
8.64132
20
-4.10771
11
8.6419
21
-4.10775
0
LINE
8
BLACK
6
CONTINUOUS
10
8.6419
20
-4.10775
11
8.64377
21
-4.10869
0
LINE
8
BLACK
6
CONTINUOUS
10
8.64377
20
-4.10869
11
8.64404
21
-4.109
0
LINE
8
BLACK
6
CONTINUOUS
10
8.64404
20
-4.109
11
8.64441
21
-4.10915
0
LINE
8
BLACK
6
CONTINUOUS
10
8.64441
20
-4.10915
11
8.64535
21
-4.11009
0
LINE
8
BLACK
6
CONTINUOUS
10
8.64535
20
-4.11009
11
8.6455
21
-4.11046
0
LINE
8
BLACK
6
CONTINUOUS
10
8.6455
20
-4.11046
11
8.64581
21
-4.11073
0
LINE
8
BLACK
6
CONTINUOUS
10
8.64581
20
-4.11073
11
8.64675
21
-4.1126
0
LINE
8
BLACK
6
CONTINUOUS
10
8.64675
20
-4.1126
11
8.64679
21
-4.11318
0
LINE
8
BLACK
6
CONTINUOUS
10
8.64679
20
-4.11318
11
8.64701
21
-4.1137
0
LINE
8
BLACK
6
CONTINUOUS
10
8.64701
20
-4.1137
11
8.64701
21
-4.11933
0
LINE
8
BLACK
6
CONTINUOUS
10
8.64701
20
-4.11933
11
8.64679
21
-4.11986
0
LINE
8
BLACK
6
CONTINUOUS
10
8.64679
20
-4.11986
11
8.64675
21
-4.12043
0
LINE
8
BLACK
6
CONTINUOUS
10
8.64675
20
-4.12043
11
8.64581
21
-4.1223
0
LINE
8
BLACK
6
CONTINUOUS
10
8.64581
20
-4.1223
11
8.6455
21
-4.12257
0
LINE
8
BLACK
6
CONTINUOUS
10
8.6455
20
-4.12257
11
8.64535
21
-4.12294
0
LINE
8
BLACK
6
CONTINUOUS
10
8.64535
20
-4.12294
11
8.64441
21
-4.12388
0
LINE
8
BLACK
6
CONTINUOUS
10
8.64441
20
-4.12388
11
8.64404
21
-4.12404
0
LINE
8
BLACK
6
CONTINUOUS
10
8.64404
20
-4.12404
11
8.64377
21
-4.12434
0
LINE
8
BLACK
6
CONTINUOUS
10
8.64377
20
-4.12434
11
8.6419
21
-4.12528
0
LINE
8
BLACK
6
CONTINUOUS
10
8.6419
20
-4.12528
11
8.64132
21
-4.12532
0
LINE
8
BLACK
6
CONTINUOUS
10
8.64132
20
-4.12532
11
8.64079
21
-4.12554
0
LINE
8
BLACK
6
CONTINUOUS
10
8.64079
20
-4.12554
11
8.63798
21
-4.12554
0
LINE
8
BLACK
6
CONTINUOUS
10
8.63798
20
-4.12554
11
8.63745
21
-4.12532
0
LINE
8
BLACK
6
CONTINUOUS
10
8.63745
20
-4.12532
11
8.63688
21
-4.12528
0
LINE
8
BLACK
6
CONTINUOUS
10
8.63688
20
-4.12528
11
8.63501
21
-4.12434
0
LINE
8
BLACK
6
CONTINUOUS
10
8.63501
20
-4.12434
11
8.63474
21
-4.12404
0
LINE
8
BLACK
6
CONTINUOUS
10
8.63474
20
-4.12404
11
8.63437
21
-4.12388
0
LINE
8
BLACK
6
CONTINUOUS
10
8.63437
20
-4.12388
11
8.63343
21
-4.12294
0
LINE
8
BLACK
6
CONTINUOUS
10
8.63343
20
-4.12294
11
8.63328
21
-4.12257
0
LINE
8
BLACK
6
CONTINUOUS
10
8.63328
20
-4.12257
11
8.63297
21
-4.1223
0
LINE
8
BLACK
6
CONTINUOUS
10
8.63297
20
-4.1223
11
8.63203
21
-4.12043
0
LINE
8
BLACK
6
CONTINUOUS
10
8.63203
20
-4.12043
11
8.63199
21
-4.11986
0
LINE
8
BLACK
6
CONTINUOUS
10
8.63199
20
-4.11986
11
8.63177
21
-4.11933
0
LINE
8
BLACK
6
CONTINUOUS
10
8.63177
20
-4.11933
11
8.63177
21
-4.1137
0
LINE
8
BLACK
6
CONTINUOUS
10
8.63177
20
-4.1137
11
8.63199
21
-4.11318
0
LINE
8
BLACK
6
CONTINUOUS
10
8.63199
20
-4.11318
11
8.63203
21
-4.1126
0
LINE
8
BLACK
6
CONTINUOUS
10
8.63203
20
-4.1126
11
8.63297
21
-4.11073
0
LINE
8
BLACK
6
CONTINUOUS
10
8.63297
20
-4.11073
11
8.63328
21
-4.11046
0
LINE
8
BLACK
6
CONTINUOUS
10
8.63328
20
-4.11046
11
8.63343
21
-4.11009
0
LINE
8
BLACK
6
CONTINUOUS
10
8.63343
20
-4.11009
11
8.63437
21
-4.10915
0
LINE
8
BLACK
6
CONTINUOUS
10
8.63437
20
-4.10915
11
8.63474
21
-4.109
0
LINE
8
BLACK
6
CONTINUOUS
10
8.63474
20
-4.109
11
8.63501
21
-4.10869
0
LINE
8
BLACK
6
CONTINUOUS
10
8.63501
20
-4.10869
11
8.63688
21
-4.10775
0
LINE
8
BLACK
6
CONTINUOUS
10
8.63688
20
-4.10775
11
8.63745
21
-4.10771
0
LINE
8
BLACK
6
CONTINUOUS
10
8.63745
20
-4.10771
11
8.63798
21
-4.10749
0
LINE
8
BLACK
6
CONTINUOUS
10
8.63798
20
-4.10749
11
8.64079
21
-4.10749
0
LINE
8
BLACK
6
CONTINUOUS
10
8.64079
20
-4.10749
11
8.64132
21
-4.10771
0
LINE
8
BLACK
6
CONTINUOUS
10
8.63856
20
-4.11242
11
8.63757
21
-4.11291
0
LINE
8
BLACK
6
CONTINUOUS
10
8.63757
20
-4.11291
11
8.63719
21
-4.11329
0
LINE
8
BLACK
6
CONTINUOUS
10
8.63719
20
-4.11329
11
8.63669
21
-4.11429
0
LINE
8
BLACK
6
CONTINUOUS
10
8.63669
20
-4.11429
11
8.63669
21
-4.11875
0
LINE
8
BLACK
6
CONTINUOUS
10
8.63669
20
-4.11875
11
8.63719
21
-4.11975
0
LINE
8
BLACK
6
CONTINUOUS
10
8.63719
20
-4.11975
11
8.63757
21
-4.12012
0
LINE
8
BLACK
6
CONTINUOUS
10
8.63757
20
-4.12012
11
8.63856
21
-4.12062
0
LINE
8
BLACK
6
CONTINUOUS
10
8.63856
20
-4.12062
11
8.64021
21
-4.12062
0
LINE
8
BLACK
6
CONTINUOUS
10
8.64021
20
-4.12062
11
8.64121
21
-4.12012
0
LINE
8
BLACK
6
CONTINUOUS
10
8.64121
20
-4.12012
11
8.64158
21
-4.11975
0
LINE
8
BLACK
6
CONTINUOUS
10
8.64158
20
-4.11975
11
8.64208
21
-4.11875
0
LINE
8
BLACK
6
CONTINUOUS
10
8.64208
20
-4.11875
11
8.64208
21
-4.11429
0
LINE
8
BLACK
6
CONTINUOUS
10
8.64208
20
-4.11429
11
8.64158
21
-4.11329
0
LINE
8
BLACK
6
CONTINUOUS
10
8.64158
20
-4.11329
11
8.64121
21
-4.11291
0
LINE
8
BLACK
6
CONTINUOUS
10
8.64121
20
-4.11291
11
8.64021
21
-4.11242
0
LINE
8
BLACK
6
CONTINUOUS
10
8.64021
20
-4.11242
11
8.63856
21
-4.11242
0
LINE
8
BLACK
6
CONTINUOUS
10
8.62351
20
-4.10771
11
8.62408
21
-4.10775
0
LINE
8
BLACK
6
CONTINUOUS
10
8.62408
20
-4.10775
11
8.62458
21
-4.108
0
LINE
8
BLACK
6
CONTINUOUS
10
8.62458
20
-4.108
11
8.6258
21
-4.10749
0
LINE
8
BLACK
6
CONTINUOUS
10
8.6258
20
-4.10749
11
8.62754
21
-4.10822
0
LINE
8
BLACK
6
CONTINUOUS
10
8.62754
20
-4.10822
11
8.62826
21
-4.10996
0
LINE
8
BLACK
6
CONTINUOUS
10
8.62826
20
-4.10996
11
8.62826
21
-4.12308
0
LINE
8
BLACK
6
CONTINUOUS
10
8.62826
20
-4.12308
11
8.62754
21
-4.12482
0
LINE
8
BLACK
6
CONTINUOUS
10
8.62754
20
-4.12482
11
8.6258
21
-4.12554
0
LINE
8
BLACK
6
CONTINUOUS
10
8.6258
20
-4.12554
11
8.62406
21
-4.12482
0
LINE
8
BLACK
6
CONTINUOUS
10
8.62406
20
-4.12482
11
8.62334
21
-4.12308
0
LINE
8
BLACK
6
CONTINUOUS
10
8.62334
20
-4.12308
11
8.62334
21
-4.11288
0
LINE
8
BLACK
6
CONTINUOUS
10
8.62334
20
-4.11288
11
8.6224
21
-4.11242
0
LINE
8
BLACK
6
CONTINUOUS
10
8.6224
20
-4.11242
11
8.62075
21
-4.11242
0
LINE
8
BLACK
6
CONTINUOUS
10
8.62075
20
-4.11242
11
8.62013
21
-4.11273
0
LINE
8
BLACK
6
CONTINUOUS
10
8.62013
20
-4.11273
11
8.61982
21
-4.11335
0
LINE
8
BLACK
6
CONTINUOUS
10
8.61982
20
-4.11335
11
8.61982
21
-4.12308
0
LINE
8
BLACK
6
CONTINUOUS
10
8.61982
20
-4.12308
11
8.6191
21
-4.12482
0
LINE
8
BLACK
6
CONTINUOUS
10
8.6191
20
-4.12482
11
8.61736
21
-4.12554
0
LINE
8
BLACK
6
CONTINUOUS
10
8.61736
20
-4.12554
11
8.61562
21
-4.12482
0
LINE
8
BLACK
6
CONTINUOUS
10
8.61562
20
-4.12482
11
8.6149
21
-4.12308
0
LINE
8
BLACK
6
CONTINUOUS
10
8.6149
20
-4.12308
11
8.6149
21
-4.11277
0
LINE
8
BLACK
6
CONTINUOUS
10
8.6149
20
-4.11277
11
8.61512
21
-4.11224
0
LINE
8
BLACK
6
CONTINUOUS
10
8.61512
20
-4.11224
11
8.61516
21
-4.11167
0
LINE
8
BLACK
6
CONTINUOUS
10
8.61516
20
-4.11167
11
8.6161
21
-4.10979
0
LINE
8
BLACK
6
CONTINUOUS
10
8.6161
20
-4.10979
11
8.61669
21
-4.10928
0
LINE
8
BLACK
6
CONTINUOUS
10
8.61669
20
-4.10928
11
8.6172
21
-4.10869
0
LINE
8
BLACK
6
CONTINUOUS
10
8.6172
20
-4.10869
11
8.61907
21
-4.10775
0
LINE
8
BLACK
6
CONTINUOUS
10
8.61907
20
-4.10775
11
8.61964
21
-4.10771
0
LINE
8
BLACK
6
CONTINUOUS
10
8.61964
20
-4.10771
11
8.62017
21
-4.10749
0
LINE
8
BLACK
6
CONTINUOUS
10
8.62017
20
-4.10749
11
8.62298
21
-4.10749
0
LINE
8
BLACK
6
CONTINUOUS
10
8.62298
20
-4.10749
11
8.62351
21
-4.10771
0
LINE
8
BLACK
6
CONTINUOUS
10
8.60664
20
-4.10771
11
8.60721
21
-4.10775
0
LINE
8
BLACK
6
CONTINUOUS
10
8.60721
20
-4.10775
11
8.60909
21
-4.10869
0
LINE
8
BLACK
6
CONTINUOUS
10
8.60909
20
-4.10869
11
8.6096
21
-4.10928
0
LINE
8
BLACK
6
CONTINUOUS
10
8.6096
20
-4.10928
11
8.61019
21
-4.10979
0
LINE
8
BLACK
6
CONTINUOUS
10
8.61019
20
-4.10979
11
8.61112
21
-4.11167
0
LINE
8
BLACK
6
CONTINUOUS
10
8.61112
20
-4.11167
11
8.61117
21
-4.11224
0
LINE
8
BLACK
6
CONTINUOUS
10
8.61117
20
-4.11224
11
8.61138
21
-4.11277
0
LINE
8
BLACK
6
CONTINUOUS
10
8.61138
20
-4.11277
11
8.61138
21
-4.12027
0
LINE
8
BLACK
6
CONTINUOUS
10
8.61138
20
-4.12027
11
8.61117
21
-4.1208
0
LINE
8
BLACK
6
CONTINUOUS
10
8.61117
20
-4.1208
11
8.61112
21
-4.12137
0
LINE
8
BLACK
6
CONTINUOUS
10
8.61112
20
-4.12137
11
8.61019
21
-4.12324
0
LINE
8
BLACK
6
CONTINUOUS
10
8.61019
20
-4.12324
11
8.6096
21
-4.12375
0
LINE
8
BLACK
6
CONTINUOUS
10
8.6096
20
-4.12375
11
8.60909
21
-4.12434
0
LINE
8
BLACK
6
CONTINUOUS
10
8.60909
20
-4.12434
11
8.60721
21
-4.12528
0
LINE
8
BLACK
6
CONTINUOUS
10
8.60721
20
-4.12528
11
8.60664
21
-4.12532
0
LINE
8
BLACK
6
CONTINUOUS
10
8.60664
20
-4.12532
11
8.60611
21
-4.12554
0
LINE
8
BLACK
6
CONTINUOUS
10
8.60611
20
-4.12554
11
8.60236
21
-4.12554
0
LINE
8
BLACK
6
CONTINUOUS
10
8.60236
20
-4.12554
11
8.60183
21
-4.12532
0
LINE
8
BLACK
6
CONTINUOUS
10
8.60183
20
-4.12532
11
8.60126
21
-4.12528
0
LINE
8
BLACK
6
CONTINUOUS
10
8.60126
20
-4.12528
11
8.59939
21
-4.12434
0
LINE
8
BLACK
6
CONTINUOUS
10
8.59939
20
-4.12434
11
8.59815
21
-4.12292
0
LINE
8
BLACK
6
CONTINUOUS
10
8.59815
20
-4.12292
11
8.59829
21
-4.12104
0
LINE
8
BLACK
6
CONTINUOUS
10
8.59829
20
-4.12104
11
8.59971
21
-4.11981
0
LINE
8
BLACK
6
CONTINUOUS
10
8.59971
20
-4.11981
11
8.60159
21
-4.11994
0
LINE
8
BLACK
6
CONTINUOUS
10
8.60159
20
-4.11994
11
8.60294
21
-4.12062
0
LINE
8
BLACK
6
CONTINUOUS
10
8.60294
20
-4.12062
11
8.60553
21
-4.12062
0
LINE
8
BLACK
6
CONTINUOUS
10
8.60553
20
-4.12062
11
8.60615
21
-4.12031
0
LINE
8
BLACK
6
CONTINUOUS
10
8.60615
20
-4.12031
11
8.60646
21
-4.11969
0
LINE
8
BLACK
6
CONTINUOUS
10
8.60646
20
-4.11969
11
8.60646
21
-4.11853
0
LINE
8
BLACK
6
CONTINUOUS
10
8.60646
20
-4.11853
11
8.59907
21
-4.11705
0
LINE
8
BLACK
6
CONTINUOUS
10
8.59907
20
-4.11705
11
8.59847
21
-4.11666
0
LINE
8
BLACK
6
CONTINUOUS
10
8.59847
20
-4.11666
11
8.59781
21
-4.11638
0
LINE
8
BLACK
6
CONTINUOUS
10
8.59781
20
-4.11638
11
8.59771
21
-4.11615
0
LINE
8
BLACK
6
CONTINUOUS
10
8.59771
20
-4.11615
11
8.5975
21
-4.11601
0
LINE
8
BLACK
6
CONTINUOUS
10
8.5975
20
-4.11601
11
8.59736
21
-4.1153
0
LINE
8
BLACK
6
CONTINUOUS
10
8.59736
20
-4.1153
11
8.59709
21
-4.11464
0
LINE
8
BLACK
6
CONTINUOUS
10
8.59709
20
-4.11464
11
8.59709
21
-4.11277
0
LINE
8
BLACK
6
CONTINUOUS
10
8.59709
20
-4.11277
11
8.59731
21
-4.11224
0
LINE
8
BLACK
6
CONTINUOUS
10
8.59731
20
-4.11224
11
8.59735
21
-4.11167
0
LINE
8
BLACK
6
CONTINUOUS
10
8.59735
20
-4.11167
11
8.59829
21
-4.10979
0
LINE
8
BLACK
6
CONTINUOUS
10
8.59829
20
-4.10979
11
8.59888
21
-4.10928
0
LINE
8
BLACK
6
CONTINUOUS
10
8.59888
20
-4.10928
11
8.59939
21
-4.10869
0
LINE
8
BLACK
6
CONTINUOUS
10
8.59939
20
-4.10869
11
8.60126
21
-4.10775
0
LINE
8
BLACK
6
CONTINUOUS
10
8.60126
20
-4.10775
11
8.60183
21
-4.10771
0
LINE
8
BLACK
6
CONTINUOUS
10
8.60183
20
-4.10771
11
8.60236
21
-4.10749
0
LINE
8
BLACK
6
CONTINUOUS
10
8.60236
20
-4.10749
11
8.60611
21
-4.10749
0
LINE
8
BLACK
6
CONTINUOUS
10
8.60611
20
-4.10749
11
8.60664
21
-4.10771
0
LINE
8
BLACK
6
CONTINUOUS
10
8.60294
20
-4.11242
11
8.60238
21
-4.1127
0
LINE
8
BLACK
6
CONTINUOUS
10
8.60238
20
-4.1127
11
8.60646
21
-4.11352
0
LINE
8
BLACK
6
CONTINUOUS
10
8.60646
20
-4.11352
11
8.60646
21
-4.11335
0
LINE
8
BLACK
6
CONTINUOUS
10
8.60646
20
-4.11335
11
8.60615
21
-4.11273
0
LINE
8
BLACK
6
CONTINUOUS
10
8.60615
20
-4.11273
11
8.60553
21
-4.11242
0
LINE
8
BLACK
6
CONTINUOUS
10
8.60553
20
-4.11242
11
8.60294
21
-4.11242
0
LINE
8
BLACK
6
CONTINUOUS
10
8.56809
20
-4.12532
11
8.56752
21
-4.12528
0
LINE
8
BLACK
6
CONTINUOUS
10
8.56752
20
-4.12528
11
8.56564
21
-4.12434
0
LINE
8
BLACK
6
CONTINUOUS
10
8.56564
20
-4.12434
11
8.56538
21
-4.12404
0
LINE
8
BLACK
6
CONTINUOUS
10
8.56538
20
-4.12404
11
8.565
21
-4.12388
0
LINE
8
BLACK
6
CONTINUOUS
10
8.565
20
-4.12388
11
8.56406
21
-4.12294
0
LINE
8
BLACK
6
CONTINUOUS
10
8.56406
20
-4.12294
11
8.56391
21
-4.12257
0
LINE
8
BLACK
6
CONTINUOUS
10
8.56391
20
-4.12257
11
8.5636
21
-4.1223
0
LINE
8
BLACK
6
CONTINUOUS
10
8.5636
20
-4.1223
11
8.56267
21
-4.12043
0
LINE
8
BLACK
6
CONTINUOUS
10
8.56267
20
-4.12043
11
8.56263
21
-4.11986
0
LINE
8
BLACK
6
CONTINUOUS
10
8.56263
20
-4.11986
11
8.56241
21
-4.11933
0
LINE
8
BLACK
6
CONTINUOUS
10
8.56241
20
-4.11933
11
8.56241
21
-4.11652
0
LINE
8
BLACK
6
CONTINUOUS
10
8.56241
20
-4.11652
11
8.56263
21
-4.11599
0
LINE
8
BLACK
6
CONTINUOUS
10
8.56263
20
-4.11599
11
8.56267
21
-4.11542
0
LINE
8
BLACK
6
CONTINUOUS
10
8.56267
20
-4.11542
11
8.5636
21
-4.11354
0
LINE
8
BLACK
6
CONTINUOUS
10
8.5636
20
-4.11354
11
8.56391
21
-4.11328
0
LINE
8
BLACK
6
CONTINUOUS
10
8.56391
20
-4.11328
11
8.56406
21
-4.1129
0
LINE
8
BLACK
6
CONTINUOUS
10
8.56406
20
-4.1129
11
8.56477
21
-4.11219
0
LINE
8
BLACK
6
CONTINUOUS
10
8.56477
20
-4.11219
11
8.56454
21
-4.11199
0
LINE
8
BLACK
6
CONTINUOUS
10
8.56454
20
-4.11199
11
8.5636
21
-4.11012
0
LINE
8
BLACK
6
CONTINUOUS
10
8.5636
20
-4.11012
11
8.56356
21
-4.10955
0
LINE
8
BLACK
6
CONTINUOUS
10
8.56356
20
-4.10955
11
8.56334
21
-4.10902
0
LINE
8
BLACK
6
CONTINUOUS
10
8.56334
20
-4.10902
11
8.56334
21
-4.10714
0
LINE
8
BLACK
6
CONTINUOUS
10
8.56334
20
-4.10714
11
8.56356
21
-4.10661
0
LINE
8
BLACK
6
CONTINUOUS
10
8.56356
20
-4.10661
11
8.5636
21
-4.10604
0
LINE
8
BLACK
6
CONTINUOUS
10
8.5636
20
-4.10604
11
8.56454
21
-4.10417
0
LINE
8
BLACK
6
CONTINUOUS
10
8.56454
20
-4.10417
11
8.56485
21
-4.1039
0
LINE
8
BLACK
6
CONTINUOUS
10
8.56485
20
-4.1039
11
8.565
21
-4.10353
0
LINE
8
BLACK
6
CONTINUOUS
10
8.565
20
-4.10353
11
8.56594
21
-4.10259
0
LINE
8
BLACK
6
CONTINUOUS
10
8.56594
20
-4.10259
11
8.56631
21
-4.10244
0
LINE
8
BLACK
6
CONTINUOUS
10
8.56631
20
-4.10244
11
8.56658
21
-4.10213
0
LINE
8
BLACK
6
CONTINUOUS
10
8.56658
20
-4.10213
11
8.56845
21
-4.10119
0
LINE
8
BLACK
6
CONTINUOUS
10
8.56845
20
-4.10119
11
8.56902
21
-4.10115
0
LINE
8
BLACK
6
CONTINUOUS
10
8.56902
20
-4.10115
11
8.56955
21
-4.10093
0
LINE
8
BLACK
6
CONTINUOUS
10
8.56955
20
-4.10093
11
8.57612
21
-4.10093
0
LINE
8
BLACK
6
CONTINUOUS
10
8.57612
20
-4.10093
11
8.57786
21
-4.10165
0
LINE
8
BLACK
6
CONTINUOUS
10
8.57786
20
-4.10165
11
8.57858
21
-4.10339
0
LINE
8
BLACK
6
CONTINUOUS
10
8.57858
20
-4.10339
11
8.57858
21
-4.12308
0
LINE
8
BLACK
6
CONTINUOUS
10
8.57858
20
-4.12308
11
8.57786
21
-4.12482
0
LINE
8
BLACK
6
CONTINUOUS
10
8.57786
20
-4.12482
11
8.57612
21
-4.12554
0
LINE
8
BLACK
6
CONTINUOUS
10
8.57612
20
-4.12554
11
8.56862
21
-4.12554
0
LINE
8
BLACK
6
CONTINUOUS
10
8.56862
20
-4.12554
11
8.56809
21
-4.12532
0
LINE
8
BLACK
6
CONTINUOUS
10
8.56995
20
-4.11523
11
8.56807
21
-4.11586
0
LINE
8
BLACK
6
CONTINUOUS
10
8.56807
20
-4.11586
11
8.56783
21
-4.1161
0
LINE
8
BLACK
6
CONTINUOUS
10
8.56783
20
-4.1161
11
8.56733
21
-4.1171
0
LINE
8
BLACK
6
CONTINUOUS
10
8.56733
20
-4.1171
11
8.56733
21
-4.11875
0
LINE
8
BLACK
6
CONTINUOUS
10
8.56733
20
-4.11875
11
8.56783
21
-4.11975
0
LINE
8
BLACK
6
CONTINUOUS
10
8.56783
20
-4.11975
11
8.5682
21
-4.12012
0
LINE
8
BLACK
6
CONTINUOUS
10
8.5682
20
-4.12012
11
8.5692
21
-4.12062
0
LINE
8
BLACK
6
CONTINUOUS
10
8.5692
20
-4.12062
11
8.57365
21
-4.12062
0
LINE
8
BLACK
6
CONTINUOUS
10
8.57365
20
-4.12062
11
8.57365
21
-4.11523
0
LINE
8
BLACK
6
CONTINUOUS
10
8.57365
20
-4.11523
11
8.56995
21
-4.11523
0
LINE
8
BLACK
6
CONTINUOUS
10
8.57013
20
-4.10585
11
8.56914
21
-4.10635
0
LINE
8
BLACK
6
CONTINUOUS
10
8.56914
20
-4.10635
11
8.56876
21
-4.10673
0
LINE
8
BLACK
6
CONTINUOUS
10
8.56876
20
-4.10673
11
8.56826
21
-4.10772
0
LINE
8
BLACK
6
CONTINUOUS
10
8.56826
20
-4.10772
11
8.56826
21
-4.10844
0
LINE
8
BLACK
6
CONTINUOUS
10
8.56826
20
-4.10844
11
8.56876
21
-4.10943
0
LINE
8
BLACK
6
CONTINUOUS
10
8.56876
20
-4.10943
11
8.56914
21
-4.10981
0
LINE
8
BLACK
6
CONTINUOUS
10
8.56914
20
-4.10981
11
8.57013
21
-4.11031
0
LINE
8
BLACK
6
CONTINUOUS
10
8.57013
20
-4.11031
11
8.57365
21
-4.11031
0
LINE
8
BLACK
6
CONTINUOUS
10
8.57365
20
-4.11031
11
8.57365
21
-4.10585
0
LINE
8
BLACK
6
CONTINUOUS
10
8.57365
20
-4.10585
11
8.57013
21
-4.10585
0
LINE
8
BLACK
6
CONTINUOUS
10
8.55817
20
-4.10165
11
8.55889
21
-4.10339
0
LINE
8
BLACK
6
CONTINUOUS
10
8.55889
20
-4.10339
11
8.55889
21
-4.12027
0
LINE
8
BLACK
6
CONTINUOUS
10
8.55889
20
-4.12027
11
8.55867
21
-4.1208
0
LINE
8
BLACK
6
CONTINUOUS
10
8.55867
20
-4.1208
11
8.55863
21
-4.12137
0
LINE
8
BLACK
6
CONTINUOUS
10
8.55863
20
-4.12137
11
8.55769
21
-4.12324
0
LINE
8
BLACK
6
CONTINUOUS
10
8.55769
20
-4.12324
11
8.5571
21
-4.12375
0
LINE
8
BLACK
6
CONTINUOUS
10
8.5571
20
-4.12375
11
8.55659
21
-4.12434
0
LINE
8
BLACK
6
CONTINUOUS
10
8.55659
20
-4.12434
11
8.55472
21
-4.12528
0
LINE
8
BLACK
6
CONTINUOUS
10
8.55472
20
-4.12528
11
8.55284
21
-4.12541
0
LINE
8
BLACK
6
CONTINUOUS
10
8.55284
20
-4.12541
11
8.55142
21
-4.12418
0
LINE
8
BLACK
6
CONTINUOUS
10
8.55142
20
-4.12418
11
8.55128
21
-4.1223
0
LINE
8
BLACK
6
CONTINUOUS
10
8.55128
20
-4.1223
11
8.55252
21
-4.12088
0
LINE
8
BLACK
6
CONTINUOUS
10
8.55252
20
-4.12088
11
8.55366
21
-4.12031
0
LINE
8
BLACK
6
CONTINUOUS
10
8.55366
20
-4.12031
11
8.55397
21
-4.11969
0
LINE
8
BLACK
6
CONTINUOUS
10
8.55397
20
-4.11969
11
8.55397
21
-4.10339
0
LINE
8
BLACK
6
CONTINUOUS
10
8.55397
20
-4.10339
11
8.55469
21
-4.10165
0
LINE
8
BLACK
6
CONTINUOUS
10
8.55469
20
-4.10165
11
8.55643
21
-4.10093
0
LINE
8
BLACK
6
CONTINUOUS
10
8.55643
20
-4.10093
11
8.55817
21
-4.10165
0
LINE
8
BLACK
6
CONTINUOUS
10
8.47406
20
-4.10773
11
8.47532
21
-4.10913
0
LINE
8
BLACK
6
CONTINUOUS
10
8.47532
20
-4.10913
11
8.47769
21
-4.11576
0
LINE
8
BLACK
6
CONTINUOUS
10
8.47769
20
-4.11576
11
8.48006
21
-4.10913
0
LINE
8
BLACK
6
CONTINUOUS
10
8.48006
20
-4.10913
11
8.48132
21
-4.10773
0
LINE
8
BLACK
6
CONTINUOUS
10
8.48132
20
-4.10773
11
8.4832
21
-4.10764
0
LINE
8
BLACK
6
CONTINUOUS
10
8.4832
20
-4.10764
11
8.4846
21
-4.1089
0
LINE
8
BLACK
6
CONTINUOUS
10
8.4846
20
-4.1089
11
8.48469
21
-4.11078
0
LINE
8
BLACK
6
CONTINUOUS
10
8.48469
20
-4.11078
11
8.48001
21
-4.12391
0
LINE
8
BLACK
6
CONTINUOUS
10
8.48001
20
-4.12391
11
8.47992
21
-4.124
0
LINE
8
BLACK
6
CONTINUOUS
10
8.47992
20
-4.124
11
8.47991
21
-4.12413
0
LINE
8
BLACK
6
CONTINUOUS
10
8.47991
20
-4.12413
11
8.4793
21
-4.12469
0
LINE
8
BLACK
6
CONTINUOUS
10
8.4793
20
-4.12469
11
8.47874
21
-4.1253
0
LINE
8
BLACK
6
CONTINUOUS
10
8.47874
20
-4.1253
11
8.47861
21
-4.12531
0
LINE
8
BLACK
6
CONTINUOUS
10
8.47861
20
-4.12531
11
8.47852
21
-4.1254
0
LINE
8
BLACK
6
CONTINUOUS
10
8.47852
20
-4.1254
11
8.47769
21
-4.12535
0
LINE
8
BLACK
6
CONTINUOUS
10
8.47769
20
-4.12535
11
8.47686
21
-4.1254
0
LINE
8
BLACK
6
CONTINUOUS
10
8.47686
20
-4.1254
11
8.47677
21
-4.12531
0
LINE
8
BLACK
6
CONTINUOUS
10
8.47677
20
-4.12531
11
8.47664
21
-4.1253
0
LINE
8
BLACK
6
CONTINUOUS
10
8.47664
20
-4.1253
11
8.47608
21
-4.12469
0
LINE
8
BLACK
6
CONTINUOUS
10
8.47608
20
-4.12469
11
8.47547
21
-4.12413
0
LINE
8
BLACK
6
CONTINUOUS
10
8.47547
20
-4.12413
11
8.47546
21
-4.124
0
LINE
8
BLACK
6
CONTINUOUS
10
8.47546
20
-4.124
11
8.47537
21
-4.12391
0
LINE
8
BLACK
6
CONTINUOUS
10
8.47537
20
-4.12391
11
8.47069
21
-4.11078
0
LINE
8
BLACK
6
CONTINUOUS
10
8.47069
20
-4.11078
11
8.47078
21
-4.1089
0
LINE
8
BLACK
6
CONTINUOUS
10
8.47078
20
-4.1089
11
8.47218
21
-4.10764
0
LINE
8
BLACK
6
CONTINUOUS
10
8.47218
20
-4.10764
11
8.47406
21
-4.10773
0
LINE
8
BLACK
6
CONTINUOUS
10
7.78769
20
-4.06285
11
7.78839
21
-4.06452
0
LINE
8
BLACK
6
CONTINUOUS
10
7.78839
20
-4.06452
11
7.78839
21
-4.08509
0
LINE
8
BLACK
6
CONTINUOUS
10
7.78839
20
-4.08509
11
7.78769
21
-4.08676
0
LINE
8
BLACK
6
CONTINUOUS
10
7.78769
20
-4.08676
11
7.78602
21
-4.08745
0
LINE
8
BLACK
6
CONTINUOUS
10
7.78602
20
-4.08745
11
7.78435
21
-4.08676
0
LINE
8
BLACK
6
CONTINUOUS
10
7.78435
20
-4.08676
11
7.78366
21
-4.08509
0
LINE
8
BLACK
6
CONTINUOUS
10
7.78366
20
-4.08509
11
7.78366
21
-4.06452
0
LINE
8
BLACK
6
CONTINUOUS
10
7.78366
20
-4.06452
11
7.78435
21
-4.06285
0
LINE
8
BLACK
6
CONTINUOUS
10
7.78435
20
-4.06285
11
7.78602
21
-4.06216
0
LINE
8
BLACK
6
CONTINUOUS
10
7.78602
20
-4.06216
11
7.78769
21
-4.06285
0
LINE
8
BLACK
6
CONTINUOUS
10
7.84557
20
-4.06285
11
7.84626
21
-4.06452
0
LINE
8
BLACK
6
CONTINUOUS
10
7.84626
20
-4.06452
11
7.84626
21
-4.08509
0
LINE
8
BLACK
6
CONTINUOUS
10
7.84626
20
-4.08509
11
7.84557
21
-4.08676
0
LINE
8
BLACK
6
CONTINUOUS
10
7.84557
20
-4.08676
11
7.8439
21
-4.08745
0
LINE
8
BLACK
6
CONTINUOUS
10
7.8439
20
-4.08745
11
7.84223
21
-4.08676
0
LINE
8
BLACK
6
CONTINUOUS
10
7.84223
20
-4.08676
11
7.84154
21
-4.08509
0
LINE
8
BLACK
6
CONTINUOUS
10
7.84154
20
-4.08509
11
7.84154
21
-4.06452
0
LINE
8
BLACK
6
CONTINUOUS
10
7.84154
20
-4.06452
11
7.84223
21
-4.06285
0
LINE
8
BLACK
6
CONTINUOUS
10
7.84223
20
-4.06285
11
7.8439
21
-4.06216
0
LINE
8
BLACK
6
CONTINUOUS
10
7.8439
20
-4.06216
11
7.84557
21
-4.06285
0
LINE
8
BLACK
6
CONTINUOUS
10
8.73822
20
-4.08092
11
8.73822
21
-4.08092
0
LINE
8
BLACK
6
CONTINUOUS
10
8.73822
20
-4.08092
11
8.73822
21
-4.08092
0
LINE
8
BLACK
6
CONTINUOUS
10
8.73822
20
-4.08092
11
8.73077
21
-4.08081
0
LINE
8
BLACK
6
CONTINUOUS
10
8.73077
20
-4.08081
11
8.73077
21
-4.08081
0
LINE
8
BLACK
6
CONTINUOUS
10
8.73077
20
-4.08081
11
8.73077
21
-4.08081
0
LINE
8
BLACK
6
CONTINUOUS
10
8.73077
20
-4.08081
11
8.72475
21
-4.08069
0
LINE
8
BLACK
6
CONTINUOUS
10
8.72475
20
-4.08069
11
8.72475
21
-4.08069
0
LINE
8
BLACK
6
CONTINUOUS
10
8.72475
20
-4.08069
11
8.72474
21
-4.08069
0
LINE
8
BLACK
6
CONTINUOUS
10
8.72474
20
-4.08069
11
8.71995
21
-4.08055
0
LINE
8
BLACK
6
CONTINUOUS
10
8.71995
20
-4.08055
11
8.71995
21
-4.08055
0
LINE
8
BLACK
6
CONTINUOUS
10
8.71995
20
-4.08055
11
8.71995
21
-4.08055
0
LINE
8
BLACK
6
CONTINUOUS
10
8.71995
20
-4.08055
11
8.7162
21
-4.08038
0
LINE
8
BLACK
6
CONTINUOUS
10
8.7162
20
-4.08038
11
8.7162
21
-4.08038
0
LINE
8
BLACK
6
CONTINUOUS
10
8.7162
20
-4.08038
11
8.7162
21
-4.08038
0
LINE
8
BLACK
6
CONTINUOUS
10
8.7162
20
-4.08038
11
8.71331
21
-4.08017
0
LINE
8
BLACK
6
CONTINUOUS
10
8.71331
20
-4.08017
11
8.7133
21
-4.08017
0
LINE
8
BLACK
6
CONTINUOUS
10
8.7133
20
-4.08017
11
8.7133
21
-4.08017
0
LINE
8
BLACK
6
CONTINUOUS
10
8.7133
20
-4.08017
11
8.71108
21
-4.0799
0
LINE
8
BLACK
6
CONTINUOUS
10
8.71108
20
-4.0799
11
8.71107
21
-4.0799
0
LINE
8
BLACK
6
CONTINUOUS
10
8.71107
20
-4.0799
11
8.71107
21
-4.0799
0
LINE
8
BLACK
6
CONTINUOUS
10
8.71107
20
-4.0799
11
8.70933
21
-4.07957
0
LINE
8
BLACK
6
CONTINUOUS
10
8.70933
20
-4.07957
11
8.70933
21
-4.07956
0
LINE
8
BLACK
6
CONTINUOUS
10
8.70933
20
-4.07956
11
8.70932
21
-4.07956
0
LINE
8
BLACK
6
CONTINUOUS
10
8.70932
20
-4.07956
11
8.70788
21
-4.07916
0
LINE
8
BLACK
6
CONTINUOUS
10
8.70788
20
-4.07916
11
8.70787
21
-4.07915
0
LINE
8
BLACK
6
CONTINUOUS
10
8.70787
20
-4.07915
11
8.70786
21
-4.07915
0
LINE
8
BLACK
6
CONTINUOUS
10
8.70786
20
-4.07915
11
8.70533
21
-4.07812
0
LINE
8
BLACK
6
CONTINUOUS
10
8.70533
20
-4.07812
11
8.70532
21
-4.07811
0
LINE
8
BLACK
6
CONTINUOUS
10
8.70532
20
-4.07811
11
8.7053
21
-4.0781
0
LINE
8
BLACK
6
CONTINUOUS
10
8.7053
20
-4.0781
11
8.70115
21
-4.07534
0
LINE
8
BLACK
6
CONTINUOUS
10
8.70115
20
-4.07534
11
8.70114
21
-4.07532
0
LINE
8
BLACK
6
CONTINUOUS
10
8.70114
20
-4.07532
11
8.70111
21
-4.07531
0
LINE
8
BLACK
6
CONTINUOUS
10
8.70111
20
-4.07531
11
8.69796
21
-4.07173
0
LINE
8
BLACK
6
CONTINUOUS
10
8.69796
20
-4.07173
11
8.69795
21
-4.07171
0
LINE
8
BLACK
6
CONTINUOUS
10
8.69795
20
-4.07171
11
8.69793
21
-4.07168
0
LINE
8
BLACK
6
CONTINUOUS
10
8.69793
20
-4.07168
11
8.6961
21
-4.06762
0
LINE
8
BLACK
6
CONTINUOUS
10
8.6961
20
-4.06762
11
8.6961
21
-4.0676
0
LINE
8
BLACK
6
CONTINUOUS
10
8.6961
20
-4.0676
11
8.69608
21
-4.06758
0
LINE
8
BLACK
6
CONTINUOUS
10
8.69608
20
-4.06758
11
8.69598
21
-4.06707
0
LINE
8
BLACK
6
CONTINUOUS
10
8.69598
20
-4.06707
11
8.69598
21
-4.06706
0
LINE
8
BLACK
6
CONTINUOUS
10
8.69598
20
-4.06706
11
8.69598
21
-4.06706
0
LINE
8
BLACK
6
CONTINUOUS
10
8.69598
20
-4.06706
11
8.69567
21
-4.06462
0
LINE
8
BLACK
6
CONTINUOUS
10
8.69567
20
-4.06462
11
8.69567
21
-4.06461
0
LINE
8
BLACK
6
CONTINUOUS
10
8.69567
20
-4.06461
11
8.69567
21
-4.06461
0
LINE
8
BLACK
6
CONTINUOUS
10
8.69567
20
-4.06461
11
8.69535
21
-4.06092
0
LINE
8
BLACK
6
CONTINUOUS
10
8.69535
20
-4.06092
11
8.69535
21
-4.06091
0
LINE
8
BLACK
6
CONTINUOUS
10
8.69535
20
-4.06091
11
8.69535
21
-4.06091
0
LINE
8
BLACK
6
CONTINUOUS
10
8.69535
20
-4.06091
11
8.69505
21
-4.05627
0
LINE
8
BLACK
6
CONTINUOUS
10
8.69505
20
-4.05627
11
8.69505
21
-4.05627
0
LINE
8
BLACK
6
CONTINUOUS
10
8.69505
20
-4.05627
11
8.69505
21
-4.05627
0
LINE
8
BLACK
6
CONTINUOUS
10
8.69505
20
-4.05627
11
8.69478
21
-4.05097
0
LINE
8
BLACK
6
CONTINUOUS
10
8.69478
20
-4.05097
11
8.69478
21
-4.05097
0
LINE
8
BLACK
6
CONTINUOUS
10
8.69478
20
-4.05097
11
8.69478
21
-4.05097
0
LINE
8
BLACK
6
CONTINUOUS
10
8.69478
20
-4.05097
11
8.69457
21
-4.04533
0
LINE
8
BLACK
6
CONTINUOUS
10
8.69457
20
-4.04533
11
8.69457
21
-4.04533
0
LINE
8
BLACK
6
CONTINUOUS
10
8.69457
20
-4.04533
11
8.69457
21
-4.04533
0
LINE
8
BLACK
6
CONTINUOUS
10
8.69457
20
-4.04533
11
8.69398
21
-4.02679
0
LINE
8
BLACK
6
CONTINUOUS
10
8.69398
20
-4.02679
11
8.69398
21
-4.02679
0
LINE
8
BLACK
6
CONTINUOUS
10
8.69398
20
-4.02679
11
8.69398
21
-4.02678
0
LINE
8
BLACK
6
CONTINUOUS
10
8.69398
20
-4.02678
11
8.69401
21
-4.02672
0
LINE
8
BLACK
6
CONTINUOUS
10
8.69401
20
-4.02672
11
8.69403
21
-4.02665
0
LINE
8
BLACK
6
CONTINUOUS
10
8.69403
20
-4.02665
11
8.69404
21
-4.02665
0
LINE
8
BLACK
6
CONTINUOUS
10
8.69404
20
-4.02665
11
8.69404
21
-4.02665
0
LINE
8
BLACK
6
CONTINUOUS
10
8.69404
20
-4.02665
11
8.69411
21
-4.02662
0
LINE
8
BLACK
6
CONTINUOUS
10
8.69411
20
-4.02662
11
8.69417
21
-4.02659
0
LINE
8
BLACK
6
CONTINUOUS
10
8.69417
20
-4.02659
11
8.69418
21
-4.02659
0
LINE
8
BLACK
6
CONTINUOUS
10
8.69418
20
-4.02659
11
8.69418
21
-4.02659
0
LINE
8
BLACK
6
CONTINUOUS
10
8.69418
20
-4.02659
11
8.7186
21
-4.02659
0
LINE
8
BLACK
6
CONTINUOUS
10
8.7186
20
-4.02659
11
8.71874
21
-4.02665
0
LINE
8
BLACK
6
CONTINUOUS
10
8.71874
20
-4.02665
11
8.7188
21
-4.02678
0
LINE
8
BLACK
6
CONTINUOUS
10
8.7188
20
-4.02678
11
8.7188
21
-4.04248
0
LINE
8
BLACK
6
CONTINUOUS
10
8.7188
20
-4.04248
11
8.74976
21
-4.04224
0
LINE
8
BLACK
6
CONTINUOUS
10
8.74976
20
-4.04224
11
8.74976
21
-4.04224
0
LINE
8
BLACK
6
CONTINUOUS
10
8.74976
20
-4.04224
11
8.74976
21
-4.04224
0
LINE
8
BLACK
6
CONTINUOUS
10
8.74976
20
-4.04224
11
8.75736
21
-4.04219
0
LINE
8
BLACK
6
CONTINUOUS
10
8.75736
20
-4.04219
11
8.76453
21
-4.04213
0
LINE
8
BLACK
6
CONTINUOUS
10
8.76453
20
-4.04213
11
8.76453
21
-4.04213
0
LINE
8
BLACK
6
CONTINUOUS
10
8.76453
20
-4.04213
11
8.77031
21
-4.04203
0
LINE
8
BLACK
6
CONTINUOUS
10
8.77031
20
-4.04203
11
8.77485
21
-4.04186
0
LINE
8
BLACK
6
CONTINUOUS
10
8.77485
20
-4.04186
11
8.77829
21
-4.04156
0
LINE
8
BLACK
6
CONTINUOUS
10
8.77829
20
-4.04156
11
8.78078
21
-4.04111
0
LINE
8
BLACK
6
CONTINUOUS
10
8.78078
20
-4.04111
11
8.78245
21
-4.04047
0
LINE
8
BLACK
6
CONTINUOUS
10
8.78245
20
-4.04047
11
8.78347
21
-4.03962
0
LINE
8
BLACK
6
CONTINUOUS
10
8.78347
20
-4.03962
11
8.78401
21
-4.0385
0
LINE
8
BLACK
6
CONTINUOUS
10
8.78401
20
-4.0385
11
8.78423
21
-4.03704
0
LINE
8
BLACK
6
CONTINUOUS
10
8.78423
20
-4.03704
11
8.78426
21
-4.03518
0
LINE
8
BLACK
6
CONTINUOUS
10
8.78426
20
-4.03518
11
8.78424
21
-4.03291
0
LINE
8
BLACK
6
CONTINUOUS
10
8.78424
20
-4.03291
11
8.78424
21
-4.03291
0
LINE
8
BLACK
6
CONTINUOUS
10
8.78424
20
-4.03291
11
8.78424
21
-4.03291
0
LINE
8
BLACK
6
CONTINUOUS
10
8.78424
20
-4.03291
11
8.78424
21
-4.02678
0
LINE
8
BLACK
6
CONTINUOUS
10
8.78424
20
-4.02678
11
8.7843
21
-4.02665
0
LINE
8
BLACK
6
CONTINUOUS
10
8.7843
20
-4.02665
11
8.78444
21
-4.02659
0
LINE
8
BLACK
6
CONTINUOUS
10
8.78444
20
-4.02659
11
8.8086
21
-4.02659
0
LINE
8
BLACK
6
CONTINUOUS
10
8.8086
20
-4.02659
11
8.8086
21
-4.02659
0
LINE
8
BLACK
6
CONTINUOUS
10
8.8086
20
-4.02659
11
8.8086
21
-4.02659
0
LINE
8
BLACK
6
CONTINUOUS
10
8.8086
20
-4.02659
11
8.80867
21
-4.02662
0
LINE
8
BLACK
6
CONTINUOUS
10
8.80867
20
-4.02662
11
8.80874
21
-4.02665
0
LINE
8
BLACK
6
CONTINUOUS
10
8.80874
20
-4.02665
11
8.80874
21
-4.02665
0
LINE
8
BLACK
6
CONTINUOUS
10
8.80874
20
-4.02665
11
8.80874
21
-4.02665
0
LINE
8
BLACK
6
CONTINUOUS
10
8.80874
20
-4.02665
11
8.80877
21
-4.0267
0
LINE
8
BLACK
6
CONTINUOUS
10
8.80877
20
-4.0267
11
8.8088
21
-4.02678
0
LINE
8
BLACK
6
CONTINUOUS
10
8.8088
20
-4.02678
11
8.8088
21
-4.02679
0
LINE
8
BLACK
6
CONTINUOUS
10
8.8088
20
-4.02679
11
8.8088
21
-4.02679
0
LINE
8
BLACK
6
CONTINUOUS
10
8.8088
20
-4.02679
11
8.80878
21
-4.03491
0
LINE
8
BLACK
6
CONTINUOUS
10
8.80878
20
-4.03491
11
8.80878
21
-4.03491
0
LINE
8
BLACK
6
CONTINUOUS
10
8.80878
20
-4.03491
11
8.80878
21
-4.03491
0
LINE
8
BLACK
6
CONTINUOUS
10
8.80878
20
-4.03491
11
8.80876
21
-4.03669
0
LINE
8
BLACK
6
CONTINUOUS
10
8.80876
20
-4.03669
11
8.80875
21
-4.03669
0
LINE
8
BLACK
6
CONTINUOUS
10
8.80875
20
-4.03669
11
8.80876
21
-4.0367
0
LINE
8
BLACK
6
CONTINUOUS
10
8.80876
20
-4.0367
11
8.80828
21
-4.04233
0
LINE
8
BLACK
6
CONTINUOUS
10
8.80828
20
-4.04233
11
8.80827
21
-4.04235
0
LINE
8
BLACK
6
CONTINUOUS
10
8.80827
20
-4.04235
11
8.80828
21
-4.04237
0
LINE
8
BLACK
6
CONTINUOUS
10
8.80828
20
-4.04237
11
8.80709
21
-4.04676
0
LINE
8
BLACK
6
CONTINUOUS
10
8.80709
20
-4.04676
11
8.80707
21
-4.04678
0
LINE
8
BLACK
6
CONTINUOUS
10
8.80707
20
-4.04678
11
8.80707
21
-4.04681
0
LINE
8
BLACK
6
CONTINUOUS
10
8.80707
20
-4.04681
11
8.80502
21
-4.05022
0
LINE
8
BLACK
6
CONTINUOUS
10
8.80502
20
-4.05022
11
8.805
21
-4.05024
0
LINE
8
BLACK
6
CONTINUOUS
10
8.805
20
-4.05024
11
8.80498
21
-4.05027
0
LINE
8
BLACK
6
CONTINUOUS
10
8.80498
20
-4.05027
11
8.80193
21
-4.05298
0
LINE
8
BLACK
6
CONTINUOUS
10
8.80193
20
-4.05298
11
8.80191
21
-4.05298
0
LINE
8
BLACK
6
CONTINUOUS
10
8.80191
20
-4.05298
11
8.8019
21
-4.053
0
LINE
8
BLACK
6
CONTINUOUS
10
8.8019
20
-4.053
11
8.79769
21
-4.05527
0
LINE
8
BLACK
6
CONTINUOUS
10
8.79769
20
-4.05527
11
8.79768
21
-4.05527
0
LINE
8
BLACK
6
CONTINUOUS
10
8.79768
20
-4.05527
11
8.79768
21
-4.05528
0
LINE
8
BLACK
6
CONTINUOUS
10
8.79768
20
-4.05528
11
8.7968
21
-4.05564
0
LINE
8
BLACK
6
CONTINUOUS
10
8.7968
20
-4.05564
11
8.7968
21
-4.05564
0
LINE
8
BLACK
6
CONTINUOUS
10
8.7968
20
-4.05564
11
8.79679
21
-4.05565
0
LINE
8
BLACK
6
CONTINUOUS
10
8.79679
20
-4.05565
11
8.79463
21
-4.05639
0
LINE
8
BLACK
6
CONTINUOUS
10
8.79463
20
-4.05639
11
8.79462
21
-4.05639
0
LINE
8
BLACK
6
CONTINUOUS
10
8.79462
20
-4.05639
11
8.79462
21
-4.05639
0
LINE
8
BLACK
6
CONTINUOUS
10
8.79462
20
-4.05639
11
8.79211
21
-4.057
0
LINE
8
BLACK
6
CONTINUOUS
10
8.79211
20
-4.057
11
8.7921
21
-4.057
0
LINE
8
BLACK
6
CONTINUOUS
10
8.7921
20
-4.057
11
8.7921
21
-4.057
0
LINE
8
BLACK
6
CONTINUOUS
10
8.7921
20
-4.057
11
8.78907
21
-4.0575
0
LINE
8
BLACK
6
CONTINUOUS
10
8.78907
20
-4.0575
11
8.78907
21
-4.05749
0
LINE
8
BLACK
6
CONTINUOUS
10
8.78907
20
-4.05749
11
8.78906
21
-4.0575
0
LINE
8
BLACK
6
CONTINUOUS
10
8.78906
20
-4.0575
11
8.78536
21
-4.05788
0
LINE
8
BLACK
6
CONTINUOUS
10
8.78536
20
-4.05788
11
8.78536
21
-4.05788
0
LINE
8
BLACK
6
CONTINUOUS
10
8.78536
20
-4.05788
11
8.78535
21
-4.05788
0
LINE
8
BLACK
6
CONTINUOUS
10
8.78535
20
-4.05788
11
8.78081
21
-4.05817
0
LINE
8
BLACK
6
CONTINUOUS
10
8.78081
20
-4.05817
11
8.78081
21
-4.05817
0
LINE
8
BLACK
6
CONTINUOUS
10
8.78081
20
-4.05817
11
8.78081
21
-4.05817
0
LINE
8
BLACK
6
CONTINUOUS
10
8.78081
20
-4.05817
11
8.77525
21
-4.05838
0
LINE
8
BLACK
6
CONTINUOUS
10
8.77525
20
-4.05838
11
8.77525
21
-4.05838
0
LINE
8
BLACK
6
CONTINUOUS
10
8.77525
20
-4.05838
11
8.77525
21
-4.05838
0
LINE
8
BLACK
6
CONTINUOUS
10
8.77525
20
-4.05838
11
8.76852
21
-4.05852
0
LINE
8
BLACK
6
CONTINUOUS
10
8.76852
20
-4.05852
11
8.76852
21
-4.05852
0
LINE
8
BLACK
6
CONTINUOUS
10
8.76852
20
-4.05852
11
8.76852
21
-4.05852
0
LINE
8
BLACK
6
CONTINUOUS
10
8.76852
20
-4.05852
11
8.76046
21
-4.05859
0
LINE
8
BLACK
6
CONTINUOUS
10
8.76046
20
-4.05859
11
8.76046
21
-4.05859
0
LINE
8
BLACK
6
CONTINUOUS
10
8.76046
20
-4.05859
11
8.76046
21
-4.05859
0
LINE
8
BLACK
6
CONTINUOUS
10
8.76046
20
-4.05859
11
8.75089
21
-4.05862
0
LINE
8
BLACK
6
CONTINUOUS
10
8.75089
20
-4.05862
11
8.75089
21
-4.05862
0
LINE
8
BLACK
6
CONTINUOUS
10
8.75089
20
-4.05862
11
8.75089
21
-4.05862
0
LINE
8
BLACK
6
CONTINUOUS
10
8.75089
20
-4.05862
11
8.72047
21
-4.05865
0
LINE
8
BLACK
6
CONTINUOUS
10
8.72047
20
-4.05865
11
8.72047
21
-4.06085
0
LINE
8
BLACK
6
CONTINUOUS
10
8.72047
20
-4.06085
11
8.72047
21
-4.0614
0
LINE
8
BLACK
6
CONTINUOUS
10
8.72047
20
-4.0614
11
8.72059
21
-4.06255
0
LINE
8
BLACK
6
CONTINUOUS
10
8.72059
20
-4.06255
11
8.72097
21
-4.06341
0
LINE
8
BLACK
6
CONTINUOUS
10
8.72097
20
-4.06341
11
8.72177
21
-4.06408
0
LINE
8
BLACK
6
CONTINUOUS
10
8.72177
20
-4.06408
11
8.72323
21
-4.0646
0
LINE
8
BLACK
6
CONTINUOUS
10
8.72323
20
-4.0646
11
8.72551
21
-4.06497
0
LINE
8
BLACK
6
CONTINUOUS
10
8.72551
20
-4.06497
11
8.72879
21
-4.06523
0
LINE
8
BLACK
6
CONTINUOUS
10
8.72879
20
-4.06523
11
8.73322
21
-4.0654
0
LINE
8
BLACK
6
CONTINUOUS
10
8.73322
20
-4.0654
11
8.73898
21
-4.06552
0
LINE
8
BLACK
6
CONTINUOUS
10
8.73898
20
-4.06552
11
8.73898
21
-4.06552
0
LINE
8
BLACK
6
CONTINUOUS
10
8.73898
20
-4.06552
11
8.74623
21
-4.06561
0
LINE
8
BLACK
6
CONTINUOUS
10
8.74623
20
-4.06561
11
8.76944
21
-4.06589
0
LINE
8
BLACK
6
CONTINUOUS
10
8.76944
20
-4.06589
11
8.76951
21
-4.06592
0
LINE
8
BLACK
6
CONTINUOUS
10
8.76951
20
-4.06592
11
8.76957
21
-4.06595
0
LINE
8
BLACK
6
CONTINUOUS
10
8.76957
20
-4.06595
11
8.76958
21
-4.06595
0
LINE
8
BLACK
6
CONTINUOUS
10
8.76958
20
-4.06595
11
8.76958
21
-4.06595
0
LINE
8
BLACK
6
CONTINUOUS
10
8.76958
20
-4.06595
11
8.7696
21
-4.06602
0
LINE
8
BLACK
6
CONTINUOUS
10
8.7696
20
-4.06602
11
8.76963
21
-4.06609
0
LINE
8
BLACK
6
CONTINUOUS
10
8.76963
20
-4.06609
11
8.76963
21
-4.08108
0
LINE
8
BLACK
6
CONTINUOUS
10
8.76963
20
-4.08108
11
8.76963
21
-4.08109
0
LINE
8
BLACK
6
CONTINUOUS
10
8.76963
20
-4.08109
11
8.76963
21
-4.08109
0
LINE
8
BLACK
6
CONTINUOUS
10
8.76963
20
-4.08109
11
8.7696
21
-4.08116
0
LINE
8
BLACK
6
CONTINUOUS
10
8.7696
20
-4.08116
11
8.76957
21
-4.08122
0
LINE
8
BLACK
6
CONTINUOUS
10
8.76957
20
-4.08122
11
8.76957
21
-4.08122
0
LINE
8
BLACK
6
CONTINUOUS
10
8.76957
20
-4.08122
11
8.76957
21
-4.08123
0
LINE
8
BLACK
6
CONTINUOUS
10
8.76957
20
-4.08123
11
8.7695
21
-4.08125
0
LINE
8
BLACK
6
CONTINUOUS
10
8.7695
20
-4.08125
11
8.76944
21
-4.08128
0
LINE
8
BLACK
6
CONTINUOUS
10
8.76944
20
-4.08128
11
8.76943
21
-4.08128
0
LINE
8
BLACK
6
CONTINUOUS
10
8.76943
20
-4.08128
11
8.76943
21
-4.08128
0
LINE
8
BLACK
6
CONTINUOUS
10
8.76943
20
-4.08128
11
8.74089
21
-4.08095
0
LINE
8
BLACK
6
CONTINUOUS
10
8.74089
20
-4.08095
11
8.74089
21
-4.08095
0
LINE
8
BLACK
6
CONTINUOUS
10
8.74089
20
-4.08095
11
8.73822
21
-4.08092
0
LINE
8
BLACK
6
CONTINUOUS
10
8.45261
20
-4.02662
11
8.45268
21
-4.02664
0
LINE
8
BLACK
6
CONTINUOUS
10
8.45268
20
-4.02664
11
8.45268
21
-4.02664
0
LINE
8
BLACK
6
CONTINUOUS
10
8.45268
20
-4.02664
11
8.45269
21
-4.02665
0
LINE
8
BLACK
6
CONTINUOUS
10
8.45269
20
-4.02665
11
8.45272
21
-4.02671
0
LINE
8
BLACK
6
CONTINUOUS
10
8.45272
20
-4.02671
11
8.45275
21
-4.02678
0
LINE
8
BLACK
6
CONTINUOUS
10
8.45275
20
-4.02678
11
8.45329
21
-4.04407
0
LINE
8
BLACK
6
CONTINUOUS
10
8.45329
20
-4.04407
11
8.45329
21
-4.04407
0
LINE
8
BLACK
6
CONTINUOUS
10
8.45329
20
-4.04407
11
8.45347
21
-4.04977
0
LINE
8
BLACK
6
CONTINUOUS
10
8.45347
20
-4.04977
11
8.45347
21
-4.04977
0
LINE
8
BLACK
6
CONTINUOUS
10
8.45347
20
-4.04977
11
8.4537
21
-4.05597
0
LINE
8
BLACK
6
CONTINUOUS
10
8.4537
20
-4.05597
11
8.45393
21
-4.06192
0
LINE
8
BLACK
6
CONTINUOUS
10
8.45393
20
-4.06192
11
8.45393
21
-4.06192
0
LINE
8
BLACK
6
CONTINUOUS
10
8.45393
20
-4.06192
11
8.45415
21
-4.06713
0
LINE
8
BLACK
6
CONTINUOUS
10
8.45415
20
-4.06713
11
8.45415
21
-4.06713
0
LINE
8
BLACK
6
CONTINUOUS
10
8.45415
20
-4.06713
11
8.45434
21
-4.07115
0
LINE
8
BLACK
6
CONTINUOUS
10
8.45434
20
-4.07115
11
8.45485
21
-4.08094
0
LINE
8
BLACK
6
CONTINUOUS
10
8.45485
20
-4.08094
11
8.45484
21
-4.08095
0
LINE
8
BLACK
6
CONTINUOUS
10
8.45484
20
-4.08095
11
8.45485
21
-4.08095
0
LINE
8
BLACK
6
CONTINUOUS
10
8.45485
20
-4.08095
11
8.45482
21
-4.08102
0
LINE
8
BLACK
6
CONTINUOUS
10
8.45482
20
-4.08102
11
8.4548
21
-4.08108
0
LINE
8
BLACK
6
CONTINUOUS
10
8.4548
20
-4.08108
11
8.45479
21
-4.08109
0
LINE
8
BLACK
6
CONTINUOUS
10
8.45479
20
-4.08109
11
8.45479
21
-4.08109
0
LINE
8
BLACK
6
CONTINUOUS
10
8.45479
20
-4.08109
11
8.45472
21
-4.08112
0
LINE
8
BLACK
6
CONTINUOUS
10
8.45472
20
-4.08112
11
8.45466
21
-4.08115
0
LINE
8
BLACK
6
CONTINUOUS
10
8.45466
20
-4.08115
11
8.45465
21
-4.08115
0
LINE
8
BLACK
6
CONTINUOUS
10
8.45465
20
-4.08115
11
8.45465
21
-4.08115
0
LINE
8
BLACK
6
CONTINUOUS
10
8.45465
20
-4.08115
11
8.42968
21
-4.08115
0
LINE
8
BLACK
6
CONTINUOUS
10
8.42968
20
-4.08115
11
8.42961
21
-4.08112
0
LINE
8
BLACK
6
CONTINUOUS
10
8.42961
20
-4.08112
11
8.42954
21
-4.08109
0
LINE
8
BLACK
6
CONTINUOUS
10
8.42954
20
-4.08109
11
8.42954
21
-4.08109
0
LINE
8
BLACK
6
CONTINUOUS
10
8.42954
20
-4.08109
11
8.42954
21
-4.08109
0
LINE
8
BLACK
6
CONTINUOUS
10
8.42954
20
-4.08109
11
8.42951
21
-4.08102
0
LINE
8
BLACK
6
CONTINUOUS
10
8.42951
20
-4.08102
11
8.42948
21
-4.08096
0
LINE
8
BLACK
6
CONTINUOUS
10
8.42948
20
-4.08096
11
8.42893
21
-4.06033
0
LINE
8
BLACK
6
CONTINUOUS
10
8.42893
20
-4.06033
11
8.42883
21
-4.0568
0
LINE
8
BLACK
6
CONTINUOUS
10
8.42883
20
-4.0568
11
8.42864
21
-4.05072
0
LINE
8
BLACK
6
CONTINUOUS
10
8.42864
20
-4.05072
11
8.42864
21
-4.05072
0
LINE
8
BLACK
6
CONTINUOUS
10
8.42864
20
-4.05072
11
8.42843
21
-4.04501
0
LINE
8
BLACK
6
CONTINUOUS
10
8.42843
20
-4.04501
11
8.42823
21
-4.03997
0
LINE
8
BLACK
6
CONTINUOUS
10
8.42823
20
-4.03997
11
8.42823
21
-4.03997
0
LINE
8
BLACK
6
CONTINUOUS
10
8.42823
20
-4.03997
11
8.42803
21
-4.03594
0
LINE
8
BLACK
6
CONTINUOUS
10
8.42803
20
-4.03594
11
8.42787
21
-4.03326
0
LINE
8
BLACK
6
CONTINUOUS
10
8.42787
20
-4.03326
11
8.42736
21
-4.0268
0
LINE
8
BLACK
6
CONTINUOUS
10
8.42736
20
-4.0268
11
8.42736
21
-4.02679
0
LINE
8
BLACK
6
CONTINUOUS
10
8.42736
20
-4.02679
11
8.42736
21
-4.02678
0
LINE
8
BLACK
6
CONTINUOUS
10
8.42736
20
-4.02678
11
8.42738
21
-4.02672
0
LINE
8
BLACK
6
CONTINUOUS
10
8.42738
20
-4.02672
11
8.4274
21
-4.02666
0
LINE
8
BLACK
6
CONTINUOUS
10
8.4274
20
-4.02666
11
8.42741
21
-4.02665
0
LINE
8
BLACK
6
CONTINUOUS
10
8.42741
20
-4.02665
11
8.42741
21
-4.02665
0
LINE
8
BLACK
6
CONTINUOUS
10
8.42741
20
-4.02665
11
8.42748
21
-4.02662
0
LINE
8
BLACK
6
CONTINUOUS
10
8.42748
20
-4.02662
11
8.42754
21
-4.02659
0
LINE
8
BLACK
6
CONTINUOUS
10
8.42754
20
-4.02659
11
8.42755
21
-4.02659
0
LINE
8
BLACK
6
CONTINUOUS
10
8.42755
20
-4.02659
11
8.42755
21
-4.02659
0
LINE
8
BLACK
6
CONTINUOUS
10
8.42755
20
-4.02659
11
8.45255
21
-4.02659
0
LINE
8
BLACK
6
CONTINUOUS
10
8.45255
20
-4.02659
11
8.45261
21
-4.02662
0
LINE
8
BLACK
6
CONTINUOUS
10
8.57282
20
-4.04279
11
8.57275
21
-4.04276
0
LINE
8
BLACK
6
CONTINUOUS
10
8.57275
20
-4.04276
11
8.57275
21
-4.04276
0
LINE
8
BLACK
6
CONTINUOUS
10
8.57275
20
-4.04276
11
8.57275
21
-4.04276
0
LINE
8
BLACK
6
CONTINUOUS
10
8.57275
20
-4.04276
11
8.57272
21
-4.04269
0
LINE
8
BLACK
6
CONTINUOUS
10
8.57272
20
-4.04269
11
8.57269
21
-4.04263
0
LINE
8
BLACK
6
CONTINUOUS
10
8.57269
20
-4.04263
11
8.57242
21
-4.03502
0
LINE
8
BLACK
6
CONTINUOUS
10
8.57242
20
-4.03502
11
8.57242
21
-4.03502
0
LINE
8
BLACK
6
CONTINUOUS
10
8.57242
20
-4.03502
11
8.57242
21
-4.03502
0
LINE
8
BLACK
6
CONTINUOUS
10
8.57242
20
-4.03502
11
8.57241
21
-4.03459
0
LINE
8
BLACK
6
CONTINUOUS
10
8.57241
20
-4.03459
11
8.57241
21
-4.03458
0
LINE
8
BLACK
6
CONTINUOUS
10
8.57241
20
-4.03458
11
8.57241
21
-4.03458
0
LINE
8
BLACK
6
CONTINUOUS
10
8.57241
20
-4.03458
11
8.57238
21
-4.03051
0
LINE
8
BLACK
6
CONTINUOUS
10
8.57238
20
-4.03051
11
8.57239
21
-4.0305
0
LINE
8
BLACK
6
CONTINUOUS
10
8.57239
20
-4.0305
11
8.57238
21
-4.03049
0
LINE
8
BLACK
6
CONTINUOUS
10
8.57238
20
-4.03049
11
8.57261
21
-4.028
0
LINE
8
BLACK
6
CONTINUOUS
10
8.57261
20
-4.028
11
8.57263
21
-4.02796
0
LINE
8
BLACK
6
CONTINUOUS
10
8.57263
20
-4.02796
11
8.57263
21
-4.02793
0
LINE
8
BLACK
6
CONTINUOUS
10
8.57263
20
-4.02793
11
8.57313
21
-4.02695
0
LINE
8
BLACK
6
CONTINUOUS
10
8.57313
20
-4.02695
11
8.57315
21
-4.02693
0
LINE
8
BLACK
6
CONTINUOUS
10
8.57315
20
-4.02693
11
8.57316
21
-4.02691
0
LINE
8
BLACK
6
CONTINUOUS
10
8.57316
20
-4.02691
11
8.5732
21
-4.02689
0
LINE
8
BLACK
6
CONTINUOUS
10
8.5732
20
-4.02689
11
8.57325
21
-4.02685
0
LINE
8
BLACK
6
CONTINUOUS
10
8.57325
20
-4.02685
11
8.57327
21
-4.02685
0
LINE
8
BLACK
6
CONTINUOUS
10
8.57327
20
-4.02685
11
8.57329
21
-4.02684
0
LINE
8
BLACK
6
CONTINUOUS
10
8.57329
20
-4.02684
11
8.57387
21
-4.02679
0
LINE
8
BLACK
6
CONTINUOUS
10
8.57387
20
-4.02679
11
8.57388
21
-4.0268
0
LINE
8
BLACK
6
CONTINUOUS
10
8.57388
20
-4.0268
11
8.57388
21
-4.02679
0
LINE
8
BLACK
6
CONTINUOUS
10
8.57388
20
-4.02679
11
8.57601
21
-4.02674
0
LINE
8
BLACK
6
CONTINUOUS
10
8.57601
20
-4.02674
11
8.57601
21
-4.02674
0
LINE
8
BLACK
6
CONTINUOUS
10
8.57601
20
-4.02674
11
8.57601
21
-4.02674
0
LINE
8
BLACK
6
CONTINUOUS
10
8.57601
20
-4.02674
11
8.57954
21
-4.0267
0
LINE
8
BLACK
6
CONTINUOUS
10
8.57954
20
-4.0267
11
8.57954
21
-4.0267
0
LINE
8
BLACK
6
CONTINUOUS
10
8.57954
20
-4.0267
11
8.57954
21
-4.0267
0
LINE
8
BLACK
6
CONTINUOUS
10
8.57954
20
-4.0267
11
8.58432
21
-4.02668
0
LINE
8
BLACK
6
CONTINUOUS
10
8.58432
20
-4.02668
11
8.58432
21
-4.02668
0
LINE
8
BLACK
6
CONTINUOUS
10
8.58432
20
-4.02668
11
8.58432
21
-4.02668
0
LINE
8
BLACK
6
CONTINUOUS
10
8.58432
20
-4.02668
11
8.59019
21
-4.02667
0
LINE
8
BLACK
6
CONTINUOUS
10
8.59019
20
-4.02667
11
8.5902
21
-4.02667
0
LINE
8
BLACK
6
CONTINUOUS
10
8.5902
20
-4.02667
11
8.5902
21
-4.02667
0
LINE
8
BLACK
6
CONTINUOUS
10
8.5902
20
-4.02667
11
8.59702
21
-4.02668
0
LINE
8
BLACK
6
CONTINUOUS
10
8.59702
20
-4.02668
11
8.59702
21
-4.02668
0
LINE
8
BLACK
6
CONTINUOUS
10
8.59702
20
-4.02668
11
8.59702
21
-4.02668
0
LINE
8
BLACK
6
CONTINUOUS
10
8.59702
20
-4.02668
11
8.60463
21
-4.0267
0
LINE
8
BLACK
6
CONTINUOUS
10
8.60463
20
-4.0267
11
8.60463
21
-4.0267
0
LINE
8
BLACK
6
CONTINUOUS
10
8.60463
20
-4.0267
11
8.60463
21
-4.0267
0
LINE
8
BLACK
6
CONTINUOUS
10
8.60463
20
-4.0267
11
8.61289
21
-4.02673
0
LINE
8
BLACK
6
CONTINUOUS
10
8.61289
20
-4.02673
11
8.61289
21
-4.02673
0
LINE
8
BLACK
6
CONTINUOUS
10
8.61289
20
-4.02673
11
8.61289
21
-4.02673
0
LINE
8
BLACK
6
CONTINUOUS
10
8.61289
20
-4.02673
11
8.62164
21
-4.02679
0
LINE
8
BLACK
6
CONTINUOUS
10
8.62164
20
-4.02679
11
8.62164
21
-4.02679
0
LINE
8
BLACK
6
CONTINUOUS
10
8.62164
20
-4.02679
11
8.62164
21
-4.02679
0
LINE
8
BLACK
6
CONTINUOUS
10
8.62164
20
-4.02679
11
8.62848
21
-4.02683
0
LINE
8
BLACK
6
CONTINUOUS
10
8.62848
20
-4.02683
11
8.62848
21
-4.02683
0
LINE
8
BLACK
6
CONTINUOUS
10
8.62848
20
-4.02683
11
8.62848
21
-4.02683
0
LINE
8
BLACK
6
CONTINUOUS
10
8.62848
20
-4.02683
11
8.63767
21
-4.0269
0
LINE
8
BLACK
6
CONTINUOUS
10
8.63767
20
-4.0269
11
8.63767
21
-4.0269
0
LINE
8
BLACK
6
CONTINUOUS
10
8.63767
20
-4.0269
11
8.63767
21
-4.0269
0
LINE
8
BLACK
6
CONTINUOUS
10
8.63767
20
-4.0269
11
8.64542
21
-4.02697
0
LINE
8
BLACK
6
CONTINUOUS
10
8.64542
20
-4.02697
11
8.64542
21
-4.02697
0
LINE
8
BLACK
6
CONTINUOUS
10
8.64542
20
-4.02697
11
8.64542
21
-4.02697
0
LINE
8
BLACK
6
CONTINUOUS
10
8.64542
20
-4.02697
11
8.65188
21
-4.02706
0
LINE
8
BLACK
6
CONTINUOUS
10
8.65188
20
-4.02706
11
8.65188
21
-4.02706
0
LINE
8
BLACK
6
CONTINUOUS
10
8.65188
20
-4.02706
11
8.65188
21
-4.02706
0
LINE
8
BLACK
6
CONTINUOUS
10
8.65188
20
-4.02706
11
8.65718
21
-4.02715
0
LINE
8
BLACK
6
CONTINUOUS
10
8.65718
20
-4.02715
11
8.65718
21
-4.02715
0
LINE
8
BLACK
6
CONTINUOUS
10
8.65718
20
-4.02715
11
8.65718
21
-4.02715
0
LINE
8
BLACK
6
CONTINUOUS
10
8.65718
20
-4.02715
11
8.66146
21
-4.02726
0
LINE
8
BLACK
6
CONTINUOUS
10
8.66146
20
-4.02726
11
8.66147
21
-4.02726
0
LINE
8
BLACK
6
CONTINUOUS
10
8.66147
20
-4.02726
11
8.66147
21
-4.02726
0
LINE
8
BLACK
6
CONTINUOUS
10
8.66147
20
-4.02726
11
8.66487
21
-4.0274
0
LINE
8
BLACK
6
CONTINUOUS
10
8.66487
20
-4.0274
11
8.66487
21
-4.0274
0
LINE
8
BLACK
6
CONTINUOUS
10
8.66487
20
-4.0274
11
8.66488
21
-4.0274
0
LINE
8
BLACK
6
CONTINUOUS
10
8.66488
20
-4.0274
11
8.66754
21
-4.02756
0
LINE
8
BLACK
6
CONTINUOUS
10
8.66754
20
-4.02756
11
8.66754
21
-4.02756
0
LINE
8
BLACK
6
CONTINUOUS
10
8.66754
20
-4.02756
11
8.66755
21
-4.02756
0
LINE
8
BLACK
6
CONTINUOUS
10
8.66755
20
-4.02756
11
8.66962
21
-4.02776
0
LINE
8
BLACK
6
CONTINUOUS
10
8.66962
20
-4.02776
11
8.66962
21
-4.02776
0
LINE
8
BLACK
6
CONTINUOUS
10
8.66962
20
-4.02776
11
8.66962
21
-4.02776
0
LINE
8
BLACK
6
CONTINUOUS
10
8.66962
20
-4.02776
11
8.67123
21
-4.02799
0
LINE
8
BLACK
6
CONTINUOUS
10
8.67123
20
-4.02799
11
8.67124
21
-4.028
0
LINE
8
BLACK
6
CONTINUOUS
10
8.67124
20
-4.028
11
8.67125
21
-4.02799
0
LINE
8
BLACK
6
CONTINUOUS
10
8.67125
20
-4.02799
11
8.67253
21
-4.02827
0
LINE
8
BLACK
6
CONTINUOUS
10
8.67253
20
-4.02827
11
8.67254
21
-4.02827
0
LINE
8
BLACK
6
CONTINUOUS
10
8.67254
20
-4.02827
11
8.67255
21
-4.02827
0
LINE
8
BLACK
6
CONTINUOUS
10
8.67255
20
-4.02827
11
8.67366
21
-4.0286
0
LINE
8
BLACK
6
CONTINUOUS
10
8.67366
20
-4.0286
11
8.67367
21
-4.0286
0
LINE
8
BLACK
6
CONTINUOUS
10
8.67367
20
-4.0286
11
8.67368
21
-4.0286
0
LINE
8
BLACK
6
CONTINUOUS
10
8.67368
20
-4.0286
11
8.67874
21
-4.03077
0
LINE
8
BLACK
6
CONTINUOUS
10
8.67874
20
-4.03077
11
8.67875
21
-4.03079
0
LINE
8
BLACK
6
CONTINUOUS
10
8.67875
20
-4.03079
11
8.67878
21
-4.0308
0
LINE
8
BLACK
6
CONTINUOUS
10
8.67878
20
-4.0308
11
8.68274
21
-4.0338
0
LINE
8
BLACK
6
CONTINUOUS
10
8.68274
20
-4.0338
11
8.68276
21
-4.03383
0
LINE
8
BLACK
6
CONTINUOUS
10
8.68276
20
-4.03383
11
8.68278
21
-4.03384
0
LINE
8
BLACK
6
CONTINUOUS
10
8.68278
20
-4.03384
11
8.6856
21
-4.03776
0
LINE
8
BLACK
6
CONTINUOUS
10
8.6856
20
-4.03776
11
8.6856
21
-4.03778
0
LINE
8
BLACK
6
CONTINUOUS
10
8.6856
20
-4.03778
11
8.68561
21
-4.03779
0
LINE
8
BLACK
6
CONTINUOUS
10
8.68561
20
-4.03779
11
8.6859
21
-4.03835
0
LINE
8
BLACK
6
CONTINUOUS
10
8.6859
20
-4.03835
11
8.6859
21
-4.03836
0
LINE
8
BLACK
6
CONTINUOUS
10
8.6859
20
-4.03836
11
8.6859
21
-4.03837
0
LINE
8
BLACK
6
CONTINUOUS
10
8.6859
20
-4.03837
11
8.6865
21
-4.03978
0
LINE
8
BLACK
6
CONTINUOUS
10
8.6865
20
-4.03978
11
8.6865
21
-4.0398
0
LINE
8
BLACK
6
CONTINUOUS
10
8.6865
20
-4.0398
11
8.68651
21
-4.03981
0
LINE
8
BLACK
6
CONTINUOUS
10
8.68651
20
-4.03981
11
8.68693
21
-4.0414
0
LINE
8
BLACK
6
CONTINUOUS
10
8.68693
20
-4.0414
11
8.68693
21
-4.04142
0
LINE
8
BLACK
6
CONTINUOUS
10
8.68693
20
-4.04142
11
8.68694
21
-4.04143
0
LINE
8
BLACK
6
CONTINUOUS
10
8.68694
20
-4.04143
11
8.68721
21
-4.0435
0
LINE
8
BLACK
6
CONTINUOUS
10
8.68721
20
-4.0435
11
8.68721
21
-4.04351
0
LINE
8
BLACK
6
CONTINUOUS
10
8.68721
20
-4.04351
11
8.68721
21
-4.04352
0
LINE
8
BLACK
6
CONTINUOUS
10
8.68721
20
-4.04352
11
8.68738
21
-4.04637
0
LINE
8
BLACK
6
CONTINUOUS
10
8.68738
20
-4.04637
11
8.68738
21
-4.04637
0
LINE
8
BLACK
6
CONTINUOUS
10
8.68738
20
-4.04637
11
8.68738
21
-4.04637
0
LINE
8
BLACK
6
CONTINUOUS
10
8.68738
20
-4.04637
11
8.68746
21
-4.0503
0
LINE
8
BLACK
6
CONTINUOUS
10
8.68746
20
-4.0503
11
8.68746
21
-4.0503
0
LINE
8
BLACK
6
CONTINUOUS
10
8.68746
20
-4.0503
11
8.68747
21
-4.0503
0
LINE
8
BLACK
6
CONTINUOUS
10
8.68747
20
-4.0503
11
8.6875
21
-4.05559
0
LINE
8
BLACK
6
CONTINUOUS
10
8.6875
20
-4.05559
11
8.6875
21
-4.05559
0
LINE
8
BLACK
6
CONTINUOUS
10
8.6875
20
-4.05559
11
8.6875
21
-4.05559
0
LINE
8
BLACK
6
CONTINUOUS
10
8.6875
20
-4.05559
11
8.68755
21
-4.06981
0
LINE
8
BLACK
6
CONTINUOUS
10
8.68755
20
-4.06981
11
8.68753
21
-4.06987
0
LINE
8
BLACK
6
CONTINUOUS
10
8.68753
20
-4.06987
11
8.68751
21
-4.06993
0
LINE
8
BLACK
6
CONTINUOUS
10
8.68751
20
-4.06993
11
8.68517
21
-4.073
0
LINE
8
BLACK
6
CONTINUOUS
10
8.68517
20
-4.073
11
8.68517
21
-4.07301
0
LINE
8
BLACK
6
CONTINUOUS
10
8.68517
20
-4.07301
11
8.68517
21
-4.07301
0
LINE
8
BLACK
6
CONTINUOUS
10
8.68517
20
-4.07301
11
8.68361
21
-4.07482
0
LINE
8
BLACK
6
CONTINUOUS
10
8.68361
20
-4.07482
11
8.68359
21
-4.07483
0
LINE
8
BLACK
6
CONTINUOUS
10
8.68359
20
-4.07483
11
8.68358
21
-4.07485
0
LINE
8
BLACK
6
CONTINUOUS
10
8.68358
20
-4.07485
11
8.68086
21
-4.07699
0
LINE
8
BLACK
6
CONTINUOUS
10
8.68086
20
-4.07699
11
8.68083
21
-4.077
0
LINE
8
BLACK
6
CONTINUOUS
10
8.68083
20
-4.077
11
8.68081
21
-4.07702
0
LINE
8
BLACK
6
CONTINUOUS
10
8.68081
20
-4.07702
11
8.67729
21
-4.07861
0
LINE
8
BLACK
6
CONTINUOUS
10
8.67729
20
-4.07861
11
8.67728
21
-4.07861
0
LINE
8
BLACK
6
CONTINUOUS
10
8.67728
20
-4.07861
11
8.67726
21
-4.07862
0
LINE
8
BLACK
6
CONTINUOUS
10
8.67726
20
-4.07862
11
8.67251
21
-4.0799
0
LINE
8
BLACK
6
CONTINUOUS
10
8.67251
20
-4.0799
11
8.67251
21
-4.0799
0
LINE
8
BLACK
6
CONTINUOUS
10
8.67251
20
-4.0799
11
8.6725
21
-4.0799
0
LINE
8
BLACK
6
CONTINUOUS
10
8.6725
20
-4.0799
11
8.67236
21
-4.07993
0
LINE
8
BLACK
6
CONTINUOUS
10
8.67236
20
-4.07993
11
8.67235
21
-4.07993
0
LINE
8
BLACK
6
CONTINUOUS
10
8.67235
20
-4.07993
11
8.67235
21
-4.07993
0
LINE
8
BLACK
6
CONTINUOUS
10
8.67235
20
-4.07993
11
8.67067
21
-4.08019
0
LINE
8
BLACK
6
CONTINUOUS
10
8.67067
20
-4.08019
11
8.67066
21
-4.08019
0
LINE
8
BLACK
6
CONTINUOUS
10
8.67066
20
-4.08019
11
8.67066
21
-4.08019
0
LINE
8
BLACK
6
CONTINUOUS
10
8.67066
20
-4.08019
11
8.66825
21
-4.08041
0
LINE
8
BLACK
6
CONTINUOUS
10
8.66825
20
-4.08041
11
8.66824
21
-4.0804
0
LINE
8
BLACK
6
CONTINUOUS
10
8.66824
20
-4.0804
11
8.66824
21
-4.08041
0
LINE
8
BLACK
6
CONTINUOUS
10
8.66824
20
-4.08041
11
8.66498
21
-4.08059
0
LINE
8
BLACK
6
CONTINUOUS
10
8.66498
20
-4.08059
11
8.66498
21
-4.08059
0
LINE
8
BLACK
6
CONTINUOUS
10
8.66498
20
-4.08059
11
8.66497
21
-4.08059
0
LINE
8
BLACK
6
CONTINUOUS
10
8.66497
20
-4.08059
11
8.66075
21
-4.08074
0
LINE
8
BLACK
6
CONTINUOUS
10
8.66075
20
-4.08074
11
8.66074
21
-4.08073
0
LINE
8
BLACK
6
CONTINUOUS
10
8.66074
20
-4.08073
11
8.66074
21
-4.08074
0
LINE
8
BLACK
6
CONTINUOUS
10
8.66074
20
-4.08074
11
8.65543
21
-4.08085
0
LINE
8
BLACK
6
CONTINUOUS
10
8.65543
20
-4.08085
11
8.65543
21
-4.08085
0
LINE
8
BLACK
6
CONTINUOUS
10
8.65543
20
-4.08085
11
8.65543
21
-4.08085
0
LINE
8
BLACK
6
CONTINUOUS
10
8.65543
20
-4.08085
11
8.64892
21
-4.08095
0
LINE
8
BLACK
6
CONTINUOUS
10
8.64892
20
-4.08095
11
8.64892
21
-4.08095
0
LINE
8
BLACK
6
CONTINUOUS
10
8.64892
20
-4.08095
11
8.64891
21
-4.08095
0
LINE
8
BLACK
6
CONTINUOUS
10
8.64891
20
-4.08095
11
8.64109
21
-4.08101
0
LINE
8
BLACK
6
CONTINUOUS
10
8.64109
20
-4.08101
11
8.64108
21
-4.08101
0
LINE
8
BLACK
6
CONTINUOUS
10
8.64108
20
-4.08101
11
8.64108
21
-4.08101
0
LINE
8
BLACK
6
CONTINUOUS
10
8.64108
20
-4.08101
11
8.63182
21
-4.08106
0
LINE
8
BLACK
6
CONTINUOUS
10
8.63182
20
-4.08106
11
8.63182
21
-4.08106
0
LINE
8
BLACK
6
CONTINUOUS
10
8.63182
20
-4.08106
11
8.63182
21
-4.08106
0
LINE
8
BLACK
6
CONTINUOUS
10
8.63182
20
-4.08106
11
8.62101
21
-4.08108
0
LINE
8
BLACK
6
CONTINUOUS
10
8.62101
20
-4.08108
11
8.62101
21
-4.08108
0
LINE
8
BLACK
6
CONTINUOUS
10
8.62101
20
-4.08108
11
8.62101
21
-4.08108
0
LINE
8
BLACK
6
CONTINUOUS
10
8.62101
20
-4.08108
11
8.57466
21
-4.08115
0
LINE
8
BLACK
6
CONTINUOUS
10
8.57466
20
-4.08115
11
8.5746
21
-4.08112
0
LINE
8
BLACK
6
CONTINUOUS
10
8.5746
20
-4.08112
11
8.57454
21
-4.08111
0
LINE
8
BLACK
6
CONTINUOUS
10
8.57454
20
-4.08111
11
8.57454
21
-4.0811
0
LINE
8
BLACK
6
CONTINUOUS
10
8.57454
20
-4.0811
11
8.57452
21
-4.08109
0
LINE
8
BLACK
6
CONTINUOUS
10
8.57452
20
-4.08109
11
8.5745
21
-4.08103
0
LINE
8
BLACK
6
CONTINUOUS
10
8.5745
20
-4.08103
11
8.57447
21
-4.08098
0
LINE
8
BLACK
6
CONTINUOUS
10
8.57447
20
-4.08098
11
8.57394
21
-4.07711
0
LINE
8
BLACK
6
CONTINUOUS
10
8.57394
20
-4.07711
11
8.57394
21
-4.07711
0
LINE
8
BLACK
6
CONTINUOUS
10
8.57394
20
-4.07711
11
8.57394
21
-4.07711
0
LINE
8
BLACK
6
CONTINUOUS
10
8.57394
20
-4.07711
11
8.57384
21
-4.07637
0
LINE
8
BLACK
6
CONTINUOUS
10
8.57384
20
-4.07637
11
8.57384
21
-4.07636
0
LINE
8
BLACK
6
CONTINUOUS
10
8.57384
20
-4.07636
11
8.57384
21
-4.07636
0
LINE
8
BLACK
6
CONTINUOUS
10
8.57384
20
-4.07636
11
8.57353
21
-4.07288
0
LINE
8
BLACK
6
CONTINUOUS
10
8.57353
20
-4.07288
11
8.57353
21
-4.07287
0
LINE
8
BLACK
6
CONTINUOUS
10
8.57353
20
-4.07287
11
8.57353
21
-4.07287
0
LINE
8
BLACK
6
CONTINUOUS
10
8.57353
20
-4.07287
11
8.57341
21
-4.06965
0
LINE
8
BLACK
6
CONTINUOUS
10
8.57341
20
-4.06965
11
8.57341
21
-4.06965
0
LINE
8
BLACK
6
CONTINUOUS
10
8.57341
20
-4.06965
11
8.57341
21
-4.06964
0
LINE
8
BLACK
6
CONTINUOUS
10
8.57341
20
-4.06964
11
8.57341
21
-4.06607
0
LINE
8
BLACK
6
CONTINUOUS
10
8.57341
20
-4.06607
11
8.57343
21
-4.066
0
LINE
8
BLACK
6
CONTINUOUS
10
8.57343
20
-4.066
11
8.57346
21
-4.06593
0
LINE
8
BLACK
6
CONTINUOUS
10
8.57346
20
-4.06593
11
8.57346
21
-4.06593
0
LINE
8
BLACK
6
CONTINUOUS
10
8.57346
20
-4.06593
11
8.57346
21
-4.06593
0
LINE
8
BLACK
6
CONTINUOUS
10
8.57346
20
-4.06593
11
8.57353
21
-4.0659
0
LINE
8
BLACK
6
CONTINUOUS
10
8.57353
20
-4.0659
11
8.5736
21
-4.06587
0
LINE
8
BLACK
6
CONTINUOUS
10
8.5736
20
-4.06587
11
8.66032
21
-4.06534
0
LINE
8
BLACK
6
CONTINUOUS
10
8.66032
20
-4.06534
11
8.66196
21
-4.06333
0
LINE
8
BLACK
6
CONTINUOUS
10
8.66196
20
-4.06333
11
8.66257
21
-4.0625
0
LINE
8
BLACK
6
CONTINUOUS
10
8.66257
20
-4.0625
11
8.66308
21
-4.06134
0
LINE
8
BLACK
6
CONTINUOUS
10
8.66308
20
-4.06134
11
8.66331
21
-4.05973
0
LINE
8
BLACK
6
CONTINUOUS
10
8.66331
20
-4.05973
11
8.66329
21
-4.05725
0
LINE
8
BLACK
6
CONTINUOUS
10
8.66329
20
-4.05725
11
8.66306
21
-4.0535
0
LINE
8
BLACK
6
CONTINUOUS
10
8.66306
20
-4.0535
11
8.66303
21
-4.05306
0
LINE
8
BLACK
6
CONTINUOUS
10
8.66303
20
-4.05306
11
8.66258
21
-4.04867
0
LINE
8
BLACK
6
CONTINUOUS
10
8.66258
20
-4.04867
11
8.66198
21
-4.04579
0
LINE
8
BLACK
6
CONTINUOUS
10
8.66198
20
-4.04579
11
8.6612
21
-4.04423
0
LINE
8
BLACK
6
CONTINUOUS
10
8.6612
20
-4.04423
11
8.66099
21
-4.04403
0
LINE
8
BLACK
6
CONTINUOUS
10
8.66099
20
-4.04403
11
8.66053
21
-4.04376
0
LINE
8
BLACK
6
CONTINUOUS
10
8.66053
20
-4.04376
11
8.65975
21
-4.04353
0
LINE
8
BLACK
6
CONTINUOUS
10
8.65975
20
-4.04353
11
8.65852
21
-4.04333
0
LINE
8
BLACK
6
CONTINUOUS
10
8.65852
20
-4.04333
11
8.65671
21
-4.04318
0
LINE
8
BLACK
6
CONTINUOUS
10
8.65671
20
-4.04318
11
8.65419
21
-4.04305
0
LINE
8
BLACK
6
CONTINUOUS
10
8.65419
20
-4.04305
11
8.65081
21
-4.04296
0
LINE
8
BLACK
6
CONTINUOUS
10
8.65081
20
-4.04296
11
8.64646
21
-4.0429
0
LINE
8
BLACK
6
CONTINUOUS
10
8.64646
20
-4.0429
11
8.64646
21
-4.0429
0
LINE
8
BLACK
6
CONTINUOUS
10
8.64646
20
-4.0429
11
8.64098
21
-4.04285
0
LINE
8
BLACK
6
CONTINUOUS
10
8.64098
20
-4.04285
11
8.63424
21
-4.04283
0
LINE
8
BLACK
6
CONTINUOUS
10
8.63424
20
-4.04283
11
8.62611
21
-4.04282
0
LINE
8
BLACK
6
CONTINUOUS
10
8.62611
20
-4.04282
11
8.61645
21
-4.04281
0
LINE
8
BLACK
6
CONTINUOUS
10
8.61645
20
-4.04281
11
8.57289
21
-4.04281
0
LINE
8
BLACK
6
CONTINUOUS
10
8.57289
20
-4.04281
11
8.57282
21
-4.04279
0
LINE
8
BLACK
6
CONTINUOUS
10
8.51456
20
-4.02687
11
8.51456
21
-4.02687
0
LINE
8
BLACK
6
CONTINUOUS
10
8.51456
20
-4.02687
11
8.51456
21
-4.02687
0
LINE
8
BLACK
6
CONTINUOUS
10
8.51456
20
-4.02687
11
8.52319
21
-4.02695
0
LINE
8
BLACK
6
CONTINUOUS
10
8.52319
20
-4.02695
11
8.52319
21
-4.02695
0
LINE
8
BLACK
6
CONTINUOUS
10
8.52319
20
-4.02695
11
8.52319
21
-4.02695
0
LINE
8
BLACK
6
CONTINUOUS
10
8.52319
20
-4.02695
11
8.53045
21
-4.02705
0
LINE
8
BLACK
6
CONTINUOUS
10
8.53045
20
-4.02705
11
8.53045
21
-4.02705
0
LINE
8
BLACK
6
CONTINUOUS
10
8.53045
20
-4.02705
11
8.53045
21
-4.02705
0
LINE
8
BLACK
6
CONTINUOUS
10
8.53045
20
-4.02705
11
8.53648
21
-4.02717
0
LINE
8
BLACK
6
CONTINUOUS
10
8.53648
20
-4.02717
11
8.53648
21
-4.02717
0
LINE
8
BLACK
6
CONTINUOUS
10
8.53648
20
-4.02717
11
8.53649
21
-4.02717
0
LINE
8
BLACK
6
CONTINUOUS
10
8.53649
20
-4.02717
11
8.54144
21
-4.02734
0
LINE
8
BLACK
6
CONTINUOUS
10
8.54144
20
-4.02734
11
8.54145
21
-4.02734
0
LINE
8
BLACK
6
CONTINUOUS
10
8.54145
20
-4.02734
11
8.54145
21
-4.02734
0
LINE
8
BLACK
6
CONTINUOUS
10
8.54145
20
-4.02734
11
8.54547
21
-4.02757
0
LINE
8
BLACK
6
CONTINUOUS
10
8.54547
20
-4.02757
11
8.54547
21
-4.02757
0
LINE
8
BLACK
6
CONTINUOUS
10
8.54547
20
-4.02757
11
8.54548
21
-4.02757
0
LINE
8
BLACK
6
CONTINUOUS
10
8.54548
20
-4.02757
11
8.54871
21
-4.02787
0
LINE
8
BLACK
6
CONTINUOUS
10
8.54871
20
-4.02787
11
8.54872
21
-4.02787
0
LINE
8
BLACK
6
CONTINUOUS
10
8.54872
20
-4.02787
11
8.54872
21
-4.02787
0
LINE
8
BLACK
6
CONTINUOUS
10
8.54872
20
-4.02787
11
8.5513
21
-4.02824
0
LINE
8
BLACK
6
CONTINUOUS
10
8.5513
20
-4.02824
11
8.55131
21
-4.02825
0
LINE
8
BLACK
6
CONTINUOUS
10
8.55131
20
-4.02825
11
8.55132
21
-4.02825
0
LINE
8
BLACK
6
CONTINUOUS
10
8.55132
20
-4.02825
11
8.5534
21
-4.02872
0
LINE
8
BLACK
6
CONTINUOUS
10
8.5534
20
-4.02872
11
8.55341
21
-4.02872
0
LINE
8
BLACK
6
CONTINUOUS
10
8.55341
20
-4.02872
11
8.55342
21
-4.02872
0
LINE
8
BLACK
6
CONTINUOUS
10
8.55342
20
-4.02872
11
8.55514
21
-4.0293
0
LINE
8
BLACK
6
CONTINUOUS
10
8.55514
20
-4.0293
11
8.55515
21
-4.02931
0
LINE
8
BLACK
6
CONTINUOUS
10
8.55515
20
-4.02931
11
8.55516
21
-4.02931
0
LINE
8
BLACK
6
CONTINUOUS
10
8.55516
20
-4.02931
11
8.55666
21
-4.03001
0
LINE
8
BLACK
6
CONTINUOUS
10
8.55666
20
-4.03001
11
8.55667
21
-4.03002
0
LINE
8
BLACK
6
CONTINUOUS
10
8.55667
20
-4.03002
11
8.55668
21
-4.03002
0
LINE
8
BLACK
6
CONTINUOUS
10
8.55668
20
-4.03002
11
8.55811
21
-4.03085
0
LINE
8
BLACK
6
CONTINUOUS
10
8.55811
20
-4.03085
11
8.55811
21
-4.03085
0
LINE
8
BLACK
6
CONTINUOUS
10
8.55811
20
-4.03085
11
8.55812
21
-4.03085
0
LINE
8
BLACK
6
CONTINUOUS
10
8.55812
20
-4.03085
11
8.55962
21
-4.03183
0
LINE
8
BLACK
6
CONTINUOUS
10
8.55962
20
-4.03183
11
8.55962
21
-4.03184
0
LINE
8
BLACK
6
CONTINUOUS
10
8.55962
20
-4.03184
11
8.55963
21
-4.03184
0
LINE
8
BLACK
6
CONTINUOUS
10
8.55963
20
-4.03184
11
8.56131
21
-4.03316
0
LINE
8
BLACK
6
CONTINUOUS
10
8.56131
20
-4.03316
11
8.56132
21
-4.03318
0
LINE
8
BLACK
6
CONTINUOUS
10
8.56132
20
-4.03318
11
8.56134
21
-4.03319
0
LINE
8
BLACK
6
CONTINUOUS
10
8.56134
20
-4.03319
11
8.56277
21
-4.03484
0
LINE
8
BLACK
6
CONTINUOUS
10
8.56277
20
-4.03484
11
8.56277
21
-4.03486
0
LINE
8
BLACK
6
CONTINUOUS
10
8.56277
20
-4.03486
11
8.56279
21
-4.03488
0
LINE
8
BLACK
6
CONTINUOUS
10
8.56279
20
-4.03488
11
8.56395
21
-4.03701
0
LINE
8
BLACK
6
CONTINUOUS
10
8.56395
20
-4.03701
11
8.56396
21
-4.03703
0
LINE
8
BLACK
6
CONTINUOUS
10
8.56396
20
-4.03703
11
8.56397
21
-4.03704
0
LINE
8
BLACK
6
CONTINUOUS
10
8.56397
20
-4.03704
11
8.5649
21
-4.03983
0
LINE
8
BLACK
6
CONTINUOUS
10
8.5649
20
-4.03983
11
8.5649
21
-4.03984
0
LINE
8
BLACK
6
CONTINUOUS
10
8.5649
20
-4.03984
11
8.56491
21
-4.03985
0
LINE
8
BLACK
6
CONTINUOUS
10
8.56491
20
-4.03985
11
8.56565
21
-4.04346
0
LINE
8
BLACK
6
CONTINUOUS
10
8.56565
20
-4.04346
11
8.56565
21
-4.04346
0
LINE
8
BLACK
6
CONTINUOUS
10
8.56565
20
-4.04346
11
8.56565
21
-4.04347
0
LINE
8
BLACK
6
CONTINUOUS
10
8.56565
20
-4.04347
11
8.56624
21
-4.04806
0
LINE
8
BLACK
6
CONTINUOUS
10
8.56624
20
-4.04806
11
8.56624
21
-4.04807
0
LINE
8
BLACK
6
CONTINUOUS
10
8.56624
20
-4.04807
11
8.56624
21
-4.04807
0
LINE
8
BLACK
6
CONTINUOUS
10
8.56624
20
-4.04807
11
8.5667
21
-4.05382
0
LINE
8
BLACK
6
CONTINUOUS
10
8.5667
20
-4.05382
11
8.5667
21
-4.05383
0
LINE
8
BLACK
6
CONTINUOUS
10
8.5667
20
-4.05383
11
8.5667
21
-4.05383
0
LINE
8
BLACK
6
CONTINUOUS
10
8.5667
20
-4.05383
11
8.56707
21
-4.06091
0
LINE
8
BLACK
6
CONTINUOUS
10
8.56707
20
-4.06091
11
8.56707
21
-4.06091
0
LINE
8
BLACK
6
CONTINUOUS
10
8.56707
20
-4.06091
11
8.56707
21
-4.06091
0
LINE
8
BLACK
6
CONTINUOUS
10
8.56707
20
-4.06091
11
8.56739
21
-4.06949
0
LINE
8
BLACK
6
CONTINUOUS
10
8.56739
20
-4.06949
11
8.56739
21
-4.06949
0
LINE
8
BLACK
6
CONTINUOUS
10
8.56739
20
-4.06949
11
8.56739
21
-4.06949
0
LINE
8
BLACK
6
CONTINUOUS
10
8.56739
20
-4.06949
11
8.56775
21
-4.08095
0
LINE
8
BLACK
6
CONTINUOUS
10
8.56775
20
-4.08095
11
8.56775
21
-4.08095
0
LINE
8
BLACK
6
CONTINUOUS
10
8.56775
20
-4.08095
11
8.56775
21
-4.08095
0
LINE
8
BLACK
6
CONTINUOUS
10
8.56775
20
-4.08095
11
8.56773
21
-4.08102
0
LINE
8
BLACK
6
CONTINUOUS
10
8.56773
20
-4.08102
11
8.5677
21
-4.08109
0
LINE
8
BLACK
6
CONTINUOUS
10
8.5677
20
-4.08109
11
8.5677
21
-4.08109
0
LINE
8
BLACK
6
CONTINUOUS
10
8.5677
20
-4.08109
11
8.5677
21
-4.08109
0
LINE
8
BLACK
6
CONTINUOUS
10
8.5677
20
-4.08109
11
8.56763
21
-4.08112
0
LINE
8
BLACK
6
CONTINUOUS
10
8.56763
20
-4.08112
11
8.56756
21
-4.08115
0
LINE
8
BLACK
6
CONTINUOUS
10
8.56756
20
-4.08115
11
8.56756
21
-4.08115
0
LINE
8
BLACK
6
CONTINUOUS
10
8.56756
20
-4.08115
11
8.56756
21
-4.08115
0
LINE
8
BLACK
6
CONTINUOUS
10
8.56756
20
-4.08115
11
8.54277
21
-4.08115
0
LINE
8
BLACK
6
CONTINUOUS
10
8.54277
20
-4.08115
11
8.54263
21
-4.08109
0
LINE
8
BLACK
6
CONTINUOUS
10
8.54263
20
-4.08109
11
8.54257
21
-4.08095
0
LINE
8
BLACK
6
CONTINUOUS
10
8.54257
20
-4.08095
11
8.54257
21
-4.06531
0
LINE
8
BLACK
6
CONTINUOUS
10
8.54257
20
-4.06531
11
8.48527
21
-4.06531
0
LINE
8
BLACK
6
CONTINUOUS
10
8.48527
20
-4.06531
11
8.48513
21
-4.06526
0
LINE
8
BLACK
6
CONTINUOUS
10
8.48513
20
-4.06526
11
8.48507
21
-4.06512
0
LINE
8
BLACK
6
CONTINUOUS
10
8.48507
20
-4.06512
11
8.48507
21
-4.05014
0
LINE
8
BLACK
6
CONTINUOUS
10
8.48507
20
-4.05014
11
8.4851
21
-4.05007
0
LINE
8
BLACK
6
CONTINUOUS
10
8.4851
20
-4.05007
11
8.48513
21
-4.05
0
LINE
8
BLACK
6
CONTINUOUS
10
8.48513
20
-4.05
11
8.48513
21
-4.05
0
LINE
8
BLACK
6
CONTINUOUS
10
8.48513
20
-4.05
11
8.48513
21
-4.05
0
LINE
8
BLACK
6
CONTINUOUS
10
8.48513
20
-4.05
11
8.4852
21
-4.04997
0
LINE
8
BLACK
6
CONTINUOUS
10
8.4852
20
-4.04997
11
8.48527
21
-4.04994
0
LINE
8
BLACK
6
CONTINUOUS
10
8.48527
20
-4.04994
11
8.5413
21
-4.04951
0
LINE
8
BLACK
6
CONTINUOUS
10
8.5413
20
-4.04951
11
8.54106
21
-4.04723
0
LINE
8
BLACK
6
CONTINUOUS
10
8.54106
20
-4.04723
11
8.54066
21
-4.04531
0
LINE
8
BLACK
6
CONTINUOUS
10
8.54066
20
-4.04531
11
8.54003
21
-4.04402
0
LINE
8
BLACK
6
CONTINUOUS
10
8.54003
20
-4.04402
11
8.53997
21
-4.04399
0
LINE
8
BLACK
6
CONTINUOUS
10
8.53997
20
-4.04399
11
8.53847
21
-4.04379
0
LINE
8
BLACK
6
CONTINUOUS
10
8.53847
20
-4.04379
11
8.53538
21
-4.04359
0
LINE
8
BLACK
6
CONTINUOUS
10
8.53538
20
-4.04359
11
8.5308
21
-4.0434
0
LINE
8
BLACK
6
CONTINUOUS
10
8.5308
20
-4.0434
11
8.52481
21
-4.04323
0
LINE
8
BLACK
6
CONTINUOUS
10
8.52481
20
-4.04323
11
8.51749
21
-4.04307
0
LINE
8
BLACK
6
CONTINUOUS
10
8.51749
20
-4.04307
11
8.51749
21
-4.04307
0
LINE
8
BLACK
6
CONTINUOUS
10
8.51749
20
-4.04307
11
8.50893
21
-4.04293
0
LINE
8
BLACK
6
CONTINUOUS
10
8.50893
20
-4.04293
11
8.50893
21
-4.04293
0
LINE
8
BLACK
6
CONTINUOUS
10
8.50893
20
-4.04293
11
8.49918
21
-4.04281
0
LINE
8
BLACK
6
CONTINUOUS
10
8.49918
20
-4.04281
11
8.45902
21
-4.0424
0
LINE
8
BLACK
6
CONTINUOUS
10
8.45902
20
-4.0424
11
8.45895
21
-4.04237
0
LINE
8
BLACK
6
CONTINUOUS
10
8.45895
20
-4.04237
11
8.45888
21
-4.04234
0
LINE
8
BLACK
6
CONTINUOUS
10
8.45888
20
-4.04234
11
8.45888
21
-4.04234
0
LINE
8
BLACK
6
CONTINUOUS
10
8.45888
20
-4.04234
11
8.45888
21
-4.04234
0
LINE
8
BLACK
6
CONTINUOUS
10
8.45888
20
-4.04234
11
8.45885
21
-4.04227
0
LINE
8
BLACK
6
CONTINUOUS
10
8.45885
20
-4.04227
11
8.45882
21
-4.04221
0
LINE
8
BLACK
6
CONTINUOUS
10
8.45882
20
-4.04221
11
8.45858
21
-4.03444
0
LINE
8
BLACK
6
CONTINUOUS
10
8.45858
20
-4.03444
11
8.45858
21
-4.03444
0
LINE
8
BLACK
6
CONTINUOUS
10
8.45858
20
-4.03444
11
8.45834
21
-4.02667
0
LINE
8
BLACK
6
CONTINUOUS
10
8.45834
20
-4.02667
11
8.45834
21
-4.02667
0
LINE
8
BLACK
6
CONTINUOUS
10
8.45834
20
-4.02667
11
8.45834
21
-4.02667
0
LINE
8
BLACK
6
CONTINUOUS
10
8.45834
20
-4.02667
11
8.45837
21
-4.0266
0
LINE
8
BLACK
6
CONTINUOUS
10
8.45837
20
-4.0266
11
8.45839
21
-4.02653
0
LINE
8
BLACK
6
CONTINUOUS
10
8.45839
20
-4.02653
11
8.4584
21
-4.02653
0
LINE
8
BLACK
6
CONTINUOUS
10
8.4584
20
-4.02653
11
8.4584
21
-4.02653
0
LINE
8
BLACK
6
CONTINUOUS
10
8.4584
20
-4.02653
11
8.45847
21
-4.0265
0
LINE
8
BLACK
6
CONTINUOUS
10
8.45847
20
-4.0265
11
8.45853
21
-4.02647
0
LINE
8
BLACK
6
CONTINUOUS
10
8.45853
20
-4.02647
11
8.45854
21
-4.02647
0
LINE
8
BLACK
6
CONTINUOUS
10
8.45854
20
-4.02647
11
8.45854
21
-4.02647
0
LINE
8
BLACK
6
CONTINUOUS
10
8.45854
20
-4.02647
11
8.50336
21
-4.02679
0
LINE
8
BLACK
6
CONTINUOUS
10
8.50336
20
-4.02679
11
8.50443
21
-4.02679
0
LINE
8
BLACK
6
CONTINUOUS
10
8.50443
20
-4.02679
11
8.50443
21
-4.02679
0
LINE
8
BLACK
6
CONTINUOUS
10
8.50443
20
-4.02679
11
8.51456
21
-4.02687
0
LINE
8
BLACK
6
CONTINUOUS
10
8.86174
20
-4.02659
11
8.86174
21
-4.02659
0
LINE
8
BLACK
6
CONTINUOUS
10
8.86174
20
-4.02659
11
8.86174
21
-4.02659
0
LINE
8
BLACK
6
CONTINUOUS
10
8.86174
20
-4.02659
11
8.87264
21
-4.0266
0
LINE
8
BLACK
6
CONTINUOUS
10
8.87264
20
-4.0266
11
8.87264
21
-4.02661
0
LINE
8
BLACK
6
CONTINUOUS
10
8.87264
20
-4.02661
11
8.87264
21
-4.0266
0
LINE
8
BLACK
6
CONTINUOUS
10
8.87264
20
-4.0266
11
8.88201
21
-4.02665
0
LINE
8
BLACK
6
CONTINUOUS
10
8.88201
20
-4.02665
11
8.88202
21
-4.02665
0
LINE
8
BLACK
6
CONTINUOUS
10
8.88202
20
-4.02665
11
8.88202
21
-4.02665
0
LINE
8
BLACK
6
CONTINUOUS
10
8.88202
20
-4.02665
11
8.89001
21
-4.02674
0
LINE
8
BLACK
6
CONTINUOUS
10
8.89001
20
-4.02674
11
8.89001
21
-4.02674
0
LINE
8
BLACK
6
CONTINUOUS
10
8.89001
20
-4.02674
11
8.89001
21
-4.02674
0
LINE
8
BLACK
6
CONTINUOUS
10
8.89001
20
-4.02674
11
8.89676
21
-4.02687
0
LINE
8
BLACK
6
CONTINUOUS
10
8.89676
20
-4.02687
11
8.89676
21
-4.02687
0
LINE
8
BLACK
6
CONTINUOUS
10
8.89676
20
-4.02687
11
8.89676
21
-4.02687
0
LINE
8
BLACK
6
CONTINUOUS
10
8.89676
20
-4.02687
11
8.9024
21
-4.02706
0
LINE
8
BLACK
6
CONTINUOUS
10
8.9024
20
-4.02706
11
8.9024
21
-4.02706
0
LINE
8
BLACK
6
CONTINUOUS
10
8.9024
20
-4.02706
11
8.9024
21
-4.02706
0
LINE
8
BLACK
6
CONTINUOUS
10
8.9024
20
-4.02706
11
8.90705
21
-4.0273
0
LINE
8
BLACK
6
CONTINUOUS
10
8.90705
20
-4.0273
11
8.90705
21
-4.0273
0
LINE
8
BLACK
6
CONTINUOUS
10
8.90705
20
-4.0273
11
8.90706
21
-4.0273
0
LINE
8
BLACK
6
CONTINUOUS
10
8.90706
20
-4.0273
11
8.91086
21
-4.0276
0
LINE
8
BLACK
6
CONTINUOUS
10
8.91086
20
-4.0276
11
8.91087
21
-4.02761
0
LINE
8
BLACK
6
CONTINUOUS
10
8.91087
20
-4.02761
11
8.91087
21
-4.02761
0
LINE
8
BLACK
6
CONTINUOUS
10
8.91087
20
-4.02761
11
8.91396
21
-4.02799
0
LINE
8
BLACK
6
CONTINUOUS
10
8.91396
20
-4.02799
11
8.91397
21
-4.02799
0
LINE
8
BLACK
6
CONTINUOUS
10
8.91397
20
-4.02799
11
8.91397
21
-4.02799
0
LINE
8
BLACK
6
CONTINUOUS
10
8.91397
20
-4.02799
11
8.91648
21
-4.02844
0
LINE
8
BLACK
6
CONTINUOUS
10
8.91648
20
-4.02844
11
8.91649
21
-4.02845
0
LINE
8
BLACK
6
CONTINUOUS
10
8.91649
20
-4.02845
11
8.9165
21
-4.02845
0
LINE
8
BLACK
6
CONTINUOUS
10
8.9165
20
-4.02845
11
8.91856
21
-4.02899
0
LINE
8
BLACK
6
CONTINUOUS
10
8.91856
20
-4.02899
11
8.91857
21
-4.029
0
LINE
8
BLACK
6
CONTINUOUS
10
8.91857
20
-4.029
11
8.91858
21
-4.029
0
LINE
8
BLACK
6
CONTINUOUS
10
8.91858
20
-4.029
11
8.92033
21
-4.02963
0
LINE
8
BLACK
6
CONTINUOUS
10
8.92033
20
-4.02963
11
8.92034
21
-4.02964
0
LINE
8
BLACK
6
CONTINUOUS
10
8.92034
20
-4.02964
11
8.92035
21
-4.02964
0
LINE
8
BLACK
6
CONTINUOUS
10
8.92035
20
-4.02964
11
8.92296
21
-4.03106
0
LINE
8
BLACK
6
CONTINUOUS
10
8.92296
20
-4.03106
11
8.92298
21
-4.03107
0
LINE
8
BLACK
6
CONTINUOUS
10
8.92298
20
-4.03107
11
8.923
21
-4.03108
0
LINE
8
BLACK
6
CONTINUOUS
10
8.923
20
-4.03108
11
8.92664
21
-4.03415
0
LINE
8
BLACK
6
CONTINUOUS
10
8.92664
20
-4.03415
11
8.92665
21
-4.03417
0
LINE
8
BLACK
6
CONTINUOUS
10
8.92665
20
-4.03417
11
8.92667
21
-4.03418
0
LINE
8
BLACK
6
CONTINUOUS
10
8.92667
20
-4.03418
11
8.92933
21
-4.03782
0
LINE
8
BLACK
6
CONTINUOUS
10
8.92933
20
-4.03782
11
8.92934
21
-4.03784
0
LINE
8
BLACK
6
CONTINUOUS
10
8.92934
20
-4.03784
11
8.92935
21
-4.03786
0
LINE
8
BLACK
6
CONTINUOUS
10
8.92935
20
-4.03786
11
8.92947
21
-4.03811
0
LINE
8
BLACK
6
CONTINUOUS
10
8.92947
20
-4.03811
11
8.92947
21
-4.03812
0
LINE
8
BLACK
6
CONTINUOUS
10
8.92947
20
-4.03812
11
8.92948
21
-4.03814
0
LINE
8
BLACK
6
CONTINUOUS
10
8.92948
20
-4.03814
11
8.93011
21
-4.04042
0
LINE
8
BLACK
6
CONTINUOUS
10
8.93011
20
-4.04042
11
8.93011
21
-4.04043
0
LINE
8
BLACK
6
CONTINUOUS
10
8.93011
20
-4.04043
11
8.93012
21
-4.04044
0
LINE
8
BLACK
6
CONTINUOUS
10
8.93012
20
-4.04044
11
8.93069
21
-4.04392
0
LINE
8
BLACK
6
CONTINUOUS
10
8.93069
20
-4.04392
11
8.93069
21
-4.04393
0
LINE
8
BLACK
6
CONTINUOUS
10
8.93069
20
-4.04393
11
8.93069
21
-4.04393
0
LINE
8
BLACK
6
CONTINUOUS
10
8.93069
20
-4.04393
11
8.93118
21
-4.04821
0
LINE
8
BLACK
6
CONTINUOUS
10
8.93118
20
-4.04821
11
8.93118
21
-4.04822
0
LINE
8
BLACK
6
CONTINUOUS
10
8.93118
20
-4.04822
11
8.93118
21
-4.04822
0
LINE
8
BLACK
6
CONTINUOUS
10
8.93118
20
-4.04822
11
8.93156
21
-4.0529
0
LINE
8
BLACK
6
CONTINUOUS
10
8.93156
20
-4.0529
11
8.93156
21
-4.05291
0
LINE
8
BLACK
6
CONTINUOUS
10
8.93156
20
-4.05291
11
8.93156
21
-4.05291
0
LINE
8
BLACK
6
CONTINUOUS
10
8.93156
20
-4.05291
11
8.93179
21
-4.05759
0
LINE
8
BLACK
6
CONTINUOUS
10
8.93179
20
-4.05759
11
8.93179
21
-4.0576
0
LINE
8
BLACK
6
CONTINUOUS
10
8.93179
20
-4.0576
11
8.93179
21
-4.0576
0
LINE
8
BLACK
6
CONTINUOUS
10
8.93179
20
-4.0576
11
8.93186
21
-4.06189
0
LINE
8
BLACK
6
CONTINUOUS
10
8.93186
20
-4.06189
11
8.93186
21
-4.06189
0
LINE
8
BLACK
6
CONTINUOUS
10
8.93186
20
-4.06189
11
8.93186
21
-4.0619
0
LINE
8
BLACK
6
CONTINUOUS
10
8.93186
20
-4.0619
11
8.93173
21
-4.06539
0
LINE
8
BLACK
6
CONTINUOUS
10
8.93173
20
-4.06539
11
8.93172
21
-4.0654
0
LINE
8
BLACK
6
CONTINUOUS
10
8.93172
20
-4.0654
11
8.93173
21
-4.06541
0
LINE
8
BLACK
6
CONTINUOUS
10
8.93173
20
-4.06541
11
8.93138
21
-4.06771
0
LINE
8
BLACK
6
CONTINUOUS
10
8.93138
20
-4.06771
11
8.93136
21
-4.06774
0
LINE
8
BLACK
6
CONTINUOUS
10
8.93136
20
-4.06774
11
8.93136
21
-4.06777
0
LINE
8
BLACK
6
CONTINUOUS
10
8.93136
20
-4.06777
11
8.92929
21
-4.07212
0
LINE
8
BLACK
6
CONTINUOUS
10
8.92929
20
-4.07212
11
8.92927
21
-4.07214
0
LINE
8
BLACK
6
CONTINUOUS
10
8.92927
20
-4.07214
11
8.92925
21
-4.07217
0
LINE
8
BLACK
6
CONTINUOUS
10
8.92925
20
-4.07217
11
8.92577
21
-4.07585
0
LINE
8
BLACK
6
CONTINUOUS
10
8.92577
20
-4.07585
11
8.92575
21
-4.07586
0
LINE
8
BLACK
6
CONTINUOUS
10
8.92575
20
-4.07586
11
8.92573
21
-4.07588
0
LINE
8
BLACK
6
CONTINUOUS
10
8.92573
20
-4.07588
11
8.92102
21
-4.07857
0
LINE
8
BLACK
6
CONTINUOUS
10
8.92102
20
-4.07857
11
8.92099
21
-4.07858
0
LINE
8
BLACK
6
CONTINUOUS
10
8.92099
20
-4.07858
11
8.92097
21
-4.07859
0
LINE
8
BLACK
6
CONTINUOUS
10
8.92097
20
-4.07859
11
8.91514
21
-4.08021
0
LINE
8
BLACK
6
CONTINUOUS
10
8.91514
20
-4.08021
11
8.91512
21
-4.08021
0
LINE
8
BLACK
6
CONTINUOUS
10
8.91512
20
-4.08021
11
8.91511
21
-4.08022
0
LINE
8
BLACK
6
CONTINUOUS
10
8.91511
20
-4.08022
11
8.91434
21
-4.0803
0
LINE
8
BLACK
6
CONTINUOUS
10
8.91434
20
-4.0803
11
8.91433
21
-4.0803
0
LINE
8
BLACK
6
CONTINUOUS
10
8.91433
20
-4.0803
11
8.91433
21
-4.0803
0
LINE
8
BLACK
6
CONTINUOUS
10
8.91433
20
-4.0803
11
8.91178
21
-4.08044
0
LINE
8
BLACK
6
CONTINUOUS
10
8.91178
20
-4.08044
11
8.91178
21
-4.08044
0
LINE
8
BLACK
6
CONTINUOUS
10
8.91178
20
-4.08044
11
8.91178
21
-4.08044
0
LINE
8
BLACK
6
CONTINUOUS
10
8.91178
20
-4.08044
11
8.90783
21
-4.08057
0
LINE
8
BLACK
6
CONTINUOUS
10
8.90783
20
-4.08057
11
8.90783
21
-4.08057
0
LINE
8
BLACK
6
CONTINUOUS
10
8.90783
20
-4.08057
11
8.90783
21
-4.08057
0
LINE
8
BLACK
6
CONTINUOUS
10
8.90783
20
-4.08057
11
8.90265
21
-4.08069
0
LINE
8
BLACK
6
CONTINUOUS
10
8.90265
20
-4.08069
11
8.90265
21
-4.08069
0
LINE
8
BLACK
6
CONTINUOUS
10
8.90265
20
-4.08069
11
8.90265
21
-4.08069
0
LINE
8
BLACK
6
CONTINUOUS
10
8.90265
20
-4.08069
11
8.89642
21
-4.0808
0
LINE
8
BLACK
6
CONTINUOUS
10
8.89642
20
-4.0808
11
8.89642
21
-4.0808
0
LINE
8
BLACK
6
CONTINUOUS
10
8.89642
20
-4.0808
11
8.89641
21
-4.0808
0
LINE
8
BLACK
6
CONTINUOUS
10
8.89641
20
-4.0808
11
8.88929
21
-4.08089
0
LINE
8
BLACK
6
CONTINUOUS
10
8.88929
20
-4.08089
11
8.88928
21
-4.08089
0
LINE
8
BLACK
6
CONTINUOUS
10
8.88928
20
-4.08089
11
8.88928
21
-4.08089
0
LINE
8
BLACK
6
CONTINUOUS
10
8.88928
20
-4.08089
11
8.88143
21
-4.08096
0
LINE
8
BLACK
6
CONTINUOUS
10
8.88143
20
-4.08096
11
8.88143
21
-4.08096
0
LINE
8
BLACK
6
CONTINUOUS
10
8.88143
20
-4.08096
11
8.88143
21
-4.08096
0
LINE
8
BLACK
6
CONTINUOUS
10
8.88143
20
-4.08096
11
8.87302
21
-4.08102
0
LINE
8
BLACK
6
CONTINUOUS
10
8.87302
20
-4.08102
11
8.87302
21
-4.08102
0
LINE
8
BLACK
6
CONTINUOUS
10
8.87302
20
-4.08102
11
8.87302
21
-4.08102
0
LINE
8
BLACK
6
CONTINUOUS
10
8.87302
20
-4.08102
11
8.86423
21
-4.08105
0
LINE
8
BLACK
6
CONTINUOUS
10
8.86423
20
-4.08105
11
8.86423
21
-4.08105
0
LINE
8
BLACK
6
CONTINUOUS
10
8.86423
20
-4.08105
11
8.86423
21
-4.08105
0
LINE
8
BLACK
6
CONTINUOUS
10
8.86423
20
-4.08105
11
8.81777
21
-4.08115
0
LINE
8
BLACK
6
CONTINUOUS
10
8.81777
20
-4.08115
11
8.81763
21
-4.08109
0
LINE
8
BLACK
6
CONTINUOUS
10
8.81763
20
-4.08109
11
8.81757
21
-4.08095
0
LINE
8
BLACK
6
CONTINUOUS
10
8.81757
20
-4.08095
11
8.81756
21
-4.07658
0
LINE
8
BLACK
6
CONTINUOUS
10
8.81756
20
-4.07658
11
8.81754
21
-4.07519
0
LINE
8
BLACK
6
CONTINUOUS
10
8.81754
20
-4.07519
11
8.81735
21
-4.07188
0
LINE
8
BLACK
6
CONTINUOUS
10
8.81735
20
-4.07188
11
8.81705
21
-4.06916
0
LINE
8
BLACK
6
CONTINUOUS
10
8.81705
20
-4.06916
11
8.81654
21
-4.0661
0
LINE
8
BLACK
6
CONTINUOUS
10
8.81654
20
-4.0661
11
8.81655
21
-4.06609
0
LINE
8
BLACK
6
CONTINUOUS
10
8.81655
20
-4.06609
11
8.81654
21
-4.06607
0
LINE
8
BLACK
6
CONTINUOUS
10
8.81654
20
-4.06607
11
8.81656
21
-4.06601
0
LINE
8
BLACK
6
CONTINUOUS
10
8.81656
20
-4.06601
11
8.81658
21
-4.06595
0
LINE
8
BLACK
6
CONTINUOUS
10
8.81658
20
-4.06595
11
8.81659
21
-4.06595
0
LINE
8
BLACK
6
CONTINUOUS
10
8.81659
20
-4.06595
11
8.8166
21
-4.06593
0
LINE
8
BLACK
6
CONTINUOUS
10
8.8166
20
-4.06593
11
8.81665
21
-4.06591
0
LINE
8
BLACK
6
CONTINUOUS
10
8.81665
20
-4.06591
11
8.8167
21
-4.06587
0
LINE
8
BLACK
6
CONTINUOUS
10
8.8167
20
-4.06587
11
8.81672
21
-4.06588
0
LINE
8
BLACK
6
CONTINUOUS
10
8.81672
20
-4.06588
11
8.81674
21
-4.06587
0
LINE
8
BLACK
6
CONTINUOUS
10
8.81674
20
-4.06587
11
8.86149
21
-4.0656
0
LINE
8
BLACK
6
CONTINUOUS
10
8.86149
20
-4.0656
11
8.90616
21
-4.06534
0
LINE
8
BLACK
6
CONTINUOUS
10
8.90616
20
-4.06534
11
8.90778
21
-4.06333
0
LINE
8
BLACK
6
CONTINUOUS
10
8.90778
20
-4.06333
11
8.90841
21
-4.06248
0
LINE
8
BLACK
6
CONTINUOUS
10
8.90841
20
-4.06248
11
8.90891
21
-4.06132
0
LINE
8
BLACK
6
CONTINUOUS
10
8.90891
20
-4.06132
11
8.90913
21
-4.05971
0
LINE
8
BLACK
6
CONTINUOUS
10
8.90913
20
-4.05971
11
8.9091
21
-4.05722
0
LINE
8
BLACK
6
CONTINUOUS
10
8.9091
20
-4.05722
11
8.90886
21
-4.05347
0
LINE
8
BLACK
6
CONTINUOUS
10
8.90886
20
-4.05347
11
8.90843
21
-4.04914
0
LINE
8
BLACK
6
CONTINUOUS
10
8.90843
20
-4.04914
11
8.9078
21
-4.0459
0
LINE
8
BLACK
6
CONTINUOUS
10
8.9078
20
-4.0459
11
8.907
21
-4.0442
0
LINE
8
BLACK
6
CONTINUOUS
10
8.907
20
-4.0442
11
8.90682
21
-4.04403
0
LINE
8
BLACK
6
CONTINUOUS
10
8.90682
20
-4.04403
11
8.90634
21
-4.04377
0
LINE
8
BLACK
6
CONTINUOUS
10
8.90634
20
-4.04377
11
8.90552
21
-4.04353
0
LINE
8
BLACK
6
CONTINUOUS
10
8.90552
20
-4.04353
11
8.90423
21
-4.04334
0
LINE
8
BLACK
6
CONTINUOUS
10
8.90423
20
-4.04334
11
8.90234
21
-4.04317
0
LINE
8
BLACK
6
CONTINUOUS
10
8.90234
20
-4.04317
11
8.89972
21
-4.04304
0
LINE
8
BLACK
6
CONTINUOUS
10
8.89972
20
-4.04304
11
8.89624
21
-4.04293
0
LINE
8
BLACK
6
CONTINUOUS
10
8.89624
20
-4.04293
11
8.89176
21
-4.04285
0
LINE
8
BLACK
6
CONTINUOUS
10
8.89176
20
-4.04285
11
8.89176
21
-4.04285
0
LINE
8
BLACK
6
CONTINUOUS
10
8.89176
20
-4.04285
11
8.88614
21
-4.04278
0
LINE
8
BLACK
6
CONTINUOUS
10
8.88614
20
-4.04278
11
8.87927
21
-4.04272
0
LINE
8
BLACK
6
CONTINUOUS
10
8.87927
20
-4.04272
11
8.87099
21
-4.04266
0
LINE
8
BLACK
6
CONTINUOUS
10
8.87099
20
-4.04266
11
8.86119
21
-4.04261
0
LINE
8
BLACK
6
CONTINUOUS
10
8.86119
20
-4.04261
11
8.81652
21
-4.0424
0
LINE
8
BLACK
6
CONTINUOUS
10
8.81652
20
-4.0424
11
8.81645
21
-4.04237
0
LINE
8
BLACK
6
CONTINUOUS
10
8.81645
20
-4.04237
11
8.81638
21
-4.04234
0
LINE
8
BLACK
6
CONTINUOUS
10
8.81638
20
-4.04234
11
8.81638
21
-4.04234
0
LINE
8
BLACK
6
CONTINUOUS
10
8.81638
20
-4.04234
11
8.81638
21
-4.04234
0
LINE
8
BLACK
6
CONTINUOUS
10
8.81638
20
-4.04234
11
8.81635
21
-4.04227
0
LINE
8
BLACK
6
CONTINUOUS
10
8.81635
20
-4.04227
11
8.81632
21
-4.04221
0
LINE
8
BLACK
6
CONTINUOUS
10
8.81632
20
-4.04221
11
8.81608
21
-4.0345
0
LINE
8
BLACK
6
CONTINUOUS
10
8.81608
20
-4.0345
11
8.81584
21
-4.02679
0
LINE
8
BLACK
6
CONTINUOUS
10
8.81584
20
-4.02679
11
8.81584
21
-4.02679
0
LINE
8
BLACK
6
CONTINUOUS
10
8.81584
20
-4.02679
11
8.81584
21
-4.02678
0
LINE
8
BLACK
6
CONTINUOUS
10
8.81584
20
-4.02678
11
8.81587
21
-4.02672
0
LINE
8
BLACK
6
CONTINUOUS
10
8.81587
20
-4.02672
11
8.8159
21
-4.02665
0
LINE
8
BLACK
6
CONTINUOUS
10
8.8159
20
-4.02665
11
8.8159
21
-4.02665
0
LINE
8
BLACK
6
CONTINUOUS
10
8.8159
20
-4.02665
11
8.8159
21
-4.02665
0
LINE
8
BLACK
6
CONTINUOUS
10
8.8159
20
-4.02665
11
8.81597
21
-4.02662
0
LINE
8
BLACK
6
CONTINUOUS
10
8.81597
20
-4.02662
11
8.81603
21
-4.02659
0
LINE
8
BLACK
6
CONTINUOUS
10
8.81603
20
-4.02659
11
8.81604
21
-4.02659
0
LINE
8
BLACK
6
CONTINUOUS
10
8.81604
20
-4.02659
11
8.81604
21
-4.02659
0
LINE
8
BLACK
6
CONTINUOUS
10
8.81604
20
-4.02659
11
8.86018
21
-4.02659
0
LINE
8
BLACK
6
CONTINUOUS
10
8.86018
20
-4.02659
11
8.86174
21
-4.02659
  0
ENDSEC
  0
EOF
