  0
SECTION
  2
HEADER
  9
$ANGBASE
  50
0.0
  9
$ANGDIR
  70
1
  9
$MEASUREMENT
  70
0
  0
ENDSEC
  0
SECTION
  2
TABLES
  0
TABLE
  2
LTYPE
  70
4
  0
LTYPE
  5
40F
  2
CONTINUOUS
  70
0
  3
Solid line
  72
65
  73
0
  40
0.0
  0
LTYPE
  5
410
  2
DASHDOT
 70
0
  3
Dash Dot ____ _ ____ _
 72
65
 73
4
 40
2.0
 49
1.25
 49
-0.25
 49
0.25
 49
-0.25
  0
LTYPE
  5
411
  2
DASHED
 70
0
  3
Dashed __ __ __ __ __
 72
65
 73
2
 40
0.75
 49
0.5
 49
-0.25
  0
LTYPE
  5
43B
  2
DOTTED
 70
0
  3
Dotted .  .  .  .
 72
65
 73
2
 40
0.2
 49
0.0
 49
-0.2
  0
ENDTAB
  0
TABLE
  2
STYLE
  70
4
  0
STYLE
  2
KICAD
  70
0
  40
0
  41
1
  42
1
  50
0
  71
0
  3
isocp.shx
  0
STYLE
  2
KICADB
  70
0
  40
0
  41
1
  42
1
  50
0
  71
0
  3
isocp.shx
  0
STYLE
  2
KICADI
  70
0
  40
0
  41
1
  42
1
  50
15
  71
0
  3
isocp.shx
  0
STYLE
  2
KICADBI
  70
0
  40
0
  41
1
  42
1
  50
15
  71
0
  3
isocp.shx
  0
ENDTAB
  0
TABLE
  2
LAYER
  70
1
  0
LAYER
  2
BLACK
  70
0
  62
7
  6
CONTINUOUS
  0
ENDTAB
  0
ENDSEC
  0
SECTION
  2
ENTITIES
0
LINE
8
BLACK
6
CONTINUOUS
10
7.70637
20
-4.7335
11
7.70318
21
-4.73137
0
LINE
8
BLACK
6
CONTINUOUS
10
7.70318
20
-4.73137
11
7.6411
21
-4.66929
0
LINE
8
BLACK
6
CONTINUOUS
10
7.6411
20
-4.66929
11
7.62008
21
-4.66929
0
LINE
8
BLACK
6
CONTINUOUS
10
7.62008
20
-4.66929
11
7.61782
21
-4.66884
0
LINE
8
BLACK
6
CONTINUOUS
10
7.61782
20
-4.66884
11
7.6159
21
-4.66756
0
LINE
8
BLACK
6
CONTINUOUS
10
7.6159
20
-4.66756
11
7.61462
21
-4.66565
0
LINE
8
BLACK
6
CONTINUOUS
10
7.61462
20
-4.66565
11
7.61417
21
-4.66339
0
LINE
8
BLACK
6
CONTINUOUS
10
7.61417
20
-4.66339
11
7.61417
21
-4.65157
0
LINE
8
BLACK
6
CONTINUOUS
10
7.61417
20
-4.65157
11
7.61462
21
-4.64931
0
LINE
8
BLACK
6
CONTINUOUS
10
7.61462
20
-4.64931
11
7.6159
21
-4.6474
0
LINE
8
BLACK
6
CONTINUOUS
10
7.6159
20
-4.6474
11
7.61782
21
-4.64612
0
LINE
8
BLACK
6
CONTINUOUS
10
7.61782
20
-4.64612
11
7.62008
21
-4.64567
0
LINE
8
BLACK
6
CONTINUOUS
10
7.62008
20
-4.64567
11
7.66634
21
-4.64567
0
LINE
8
BLACK
6
CONTINUOUS
10
7.66634
20
-4.64567
11
7.6686
21
-4.64612
0
LINE
8
BLACK
6
CONTINUOUS
10
7.6686
20
-4.64612
11
7.67051
21
-4.6474
0
LINE
8
BLACK
6
CONTINUOUS
10
7.67051
20
-4.6474
11
7.67179
21
-4.64931
0
LINE
8
BLACK
6
CONTINUOUS
10
7.67179
20
-4.64931
11
7.67224
21
-4.65157
0
LINE
8
BLACK
6
CONTINUOUS
10
7.67224
20
-4.65157
11
7.67224
21
-4.66339
0
LINE
8
BLACK
6
CONTINUOUS
10
7.67224
20
-4.66339
11
7.67179
21
-4.66565
0
LINE
8
BLACK
6
CONTINUOUS
10
7.67179
20
-4.66565
11
7.67051
21
-4.66756
0
LINE
8
BLACK
6
CONTINUOUS
10
7.67051
20
-4.66756
11
7.6686
21
-4.66884
0
LINE
8
BLACK
6
CONTINUOUS
10
7.6686
20
-4.66884
11
7.66851
21
-4.66886
0
LINE
8
BLACK
6
CONTINUOUS
10
7.66851
20
-4.66886
11
7.71421
21
-4.71457
0
LINE
8
BLACK
6
CONTINUOUS
10
7.71421
20
-4.71457
11
7.91088
21
-4.71457
0
LINE
8
BLACK
6
CONTINUOUS
10
7.91088
20
-4.71457
11
7.94456
21
-4.68089
0
LINE
8
BLACK
6
CONTINUOUS
10
7.94456
20
-4.68089
11
7.94344
21
-4.67897
0
LINE
8
BLACK
6
CONTINUOUS
10
7.94344
20
-4.67897
11
7.94128
21
-4.67231
0
LINE
8
BLACK
6
CONTINUOUS
10
7.94128
20
-4.67231
11
7.94055
21
-4.66535
0
LINE
8
BLACK
6
CONTINUOUS
10
7.94055
20
-4.66535
11
7.94128
21
-4.6584
0
LINE
8
BLACK
6
CONTINUOUS
10
7.94128
20
-4.6584
11
7.94344
21
-4.65174
0
LINE
8
BLACK
6
CONTINUOUS
10
7.94344
20
-4.65174
11
7.94694
21
-4.64568
0
LINE
8
BLACK
6
CONTINUOUS
10
7.94694
20
-4.64568
11
7.95162
21
-4.64049
0
LINE
8
BLACK
6
CONTINUOUS
10
7.95162
20
-4.64049
11
7.95728
21
-4.63637
0
LINE
8
BLACK
6
CONTINUOUS
10
7.95728
20
-4.63637
11
7.96367
21
-4.63353
0
LINE
8
BLACK
6
CONTINUOUS
10
7.96367
20
-4.63353
11
7.97052
21
-4.63207
0
LINE
8
BLACK
6
CONTINUOUS
10
7.97052
20
-4.63207
11
7.97751
21
-4.63207
0
LINE
8
BLACK
6
CONTINUOUS
10
7.97751
20
-4.63207
11
7.98436
21
-4.63353
0
LINE
8
BLACK
6
CONTINUOUS
10
7.98436
20
-4.63353
11
7.99075
21
-4.63637
0
LINE
8
BLACK
6
CONTINUOUS
10
7.99075
20
-4.63637
11
7.99641
21
-4.64049
0
LINE
8
BLACK
6
CONTINUOUS
10
7.99641
20
-4.64049
11
8.00109
21
-4.64568
0
LINE
8
BLACK
6
CONTINUOUS
10
8.00109
20
-4.64568
11
8.00459
21
-4.65174
0
LINE
8
BLACK
6
CONTINUOUS
10
8.00459
20
-4.65174
11
8.00675
21
-4.6584
0
LINE
8
BLACK
6
CONTINUOUS
10
8.00675
20
-4.6584
11
8.00748
21
-4.66535
0
LINE
8
BLACK
6
CONTINUOUS
10
8.00748
20
-4.66535
11
8.00675
21
-4.67231
0
LINE
8
BLACK
6
CONTINUOUS
10
8.00675
20
-4.67231
11
8.00459
21
-4.67897
0
LINE
8
BLACK
6
CONTINUOUS
10
8.00459
20
-4.67897
11
8.00109
21
-4.68502
0
LINE
8
BLACK
6
CONTINUOUS
10
8.00109
20
-4.68502
11
7.99641
21
-4.69022
0
LINE
8
BLACK
6
CONTINUOUS
10
7.99641
20
-4.69022
11
7.99075
21
-4.69434
0
LINE
8
BLACK
6
CONTINUOUS
10
7.99075
20
-4.69434
11
7.98436
21
-4.69718
0
LINE
8
BLACK
6
CONTINUOUS
10
7.98436
20
-4.69718
11
7.97751
21
-4.69864
0
LINE
8
BLACK
6
CONTINUOUS
10
7.97751
20
-4.69864
11
7.97052
21
-4.69864
0
LINE
8
BLACK
6
CONTINUOUS
10
7.97052
20
-4.69864
11
7.96367
21
-4.69718
0
LINE
8
BLACK
6
CONTINUOUS
10
7.96367
20
-4.69718
11
7.95844
21
-4.69485
0
LINE
8
BLACK
6
CONTINUOUS
10
7.95844
20
-4.69485
11
7.92192
21
-4.73137
0
LINE
8
BLACK
6
CONTINUOUS
10
7.92192
20
-4.73137
11
7.91873
21
-4.7335
0
LINE
8
BLACK
6
CONTINUOUS
10
7.91873
20
-4.7335
11
7.91496
21
-4.73425
0
LINE
8
BLACK
6
CONTINUOUS
10
7.91496
20
-4.73425
11
7.71014
21
-4.73425
0
LINE
8
BLACK
6
CONTINUOUS
10
7.71014
20
-4.73425
11
7.70637
21
-4.7335
0
LINE
8
BLACK
6
CONTINUOUS
10
7.80748
20
-4.69882
11
7.74055
21
-4.69882
0
LINE
8
BLACK
6
CONTINUOUS
10
7.74055
20
-4.69882
11
7.74055
21
-4.63189
0
LINE
8
BLACK
6
CONTINUOUS
10
7.74055
20
-4.63189
11
7.80748
21
-4.63189
0
LINE
8
BLACK
6
CONTINUOUS
10
7.80748
20
-4.63189
11
7.80748
21
-4.69882
0
LINE
8
BLACK
6
CONTINUOUS
10
7.5967
20
-4.63016
11
7.59478
21
-4.63144
0
LINE
8
BLACK
6
CONTINUOUS
10
7.59478
20
-4.63144
11
7.59252
21
-4.63189
0
LINE
8
BLACK
6
CONTINUOUS
10
7.59252
20
-4.63189
11
7.54626
21
-4.63189
0
LINE
8
BLACK
6
CONTINUOUS
10
7.54626
20
-4.63189
11
7.544
21
-4.63144
0
LINE
8
BLACK
6
CONTINUOUS
10
7.544
20
-4.63144
11
7.54208
21
-4.63016
0
LINE
8
BLACK
6
CONTINUOUS
10
7.54208
20
-4.63016
11
7.54192
21
-4.62992
0
LINE
8
BLACK
6
CONTINUOUS
10
7.54192
20
-4.62992
11
7.52067
21
-4.62992
0
LINE
8
BLACK
6
CONTINUOUS
10
7.52067
20
-4.62992
11
7.51992
21
-4.63369
0
LINE
8
BLACK
6
CONTINUOUS
10
7.51992
20
-4.63369
11
7.51779
21
-4.63688
0
LINE
8
BLACK
6
CONTINUOUS
10
7.51779
20
-4.63688
11
7.51459
21
-4.63901
0
LINE
8
BLACK
6
CONTINUOUS
10
7.51459
20
-4.63901
11
7.51083
21
-4.63976
0
LINE
8
BLACK
6
CONTINUOUS
10
7.51083
20
-4.63976
11
7.47343
21
-4.63976
0
LINE
8
BLACK
6
CONTINUOUS
10
7.47343
20
-4.63976
11
7.46966
21
-4.63901
0
LINE
8
BLACK
6
CONTINUOUS
10
7.46966
20
-4.63901
11
7.46647
21
-4.63688
0
LINE
8
BLACK
6
CONTINUOUS
10
7.46647
20
-4.63688
11
7.46433
21
-4.63369
0
LINE
8
BLACK
6
CONTINUOUS
10
7.46433
20
-4.63369
11
7.46358
21
-4.62992
0
LINE
8
BLACK
6
CONTINUOUS
10
7.46358
20
-4.62992
11
7.46358
21
-4.61024
0
LINE
8
BLACK
6
CONTINUOUS
10
7.46358
20
-4.61024
11
7.46433
21
-4.60647
0
LINE
8
BLACK
6
CONTINUOUS
10
7.46433
20
-4.60647
11
7.46647
21
-4.60328
0
LINE
8
BLACK
6
CONTINUOUS
10
7.46647
20
-4.60328
11
7.46966
21
-4.60114
0
LINE
8
BLACK
6
CONTINUOUS
10
7.46966
20
-4.60114
11
7.47343
21
-4.60039
0
LINE
8
BLACK
6
CONTINUOUS
10
7.47343
20
-4.60039
11
7.51083
21
-4.60039
0
LINE
8
BLACK
6
CONTINUOUS
10
7.51083
20
-4.60039
11
7.51459
21
-4.60114
0
LINE
8
BLACK
6
CONTINUOUS
10
7.51459
20
-4.60114
11
7.51779
21
-4.60328
0
LINE
8
BLACK
6
CONTINUOUS
10
7.51779
20
-4.60328
11
7.51992
21
-4.60647
0
LINE
8
BLACK
6
CONTINUOUS
10
7.51992
20
-4.60647
11
7.52067
21
-4.61024
0
LINE
8
BLACK
6
CONTINUOUS
10
7.52067
20
-4.61024
11
7.54192
21
-4.61024
0
LINE
8
BLACK
6
CONTINUOUS
10
7.54192
20
-4.61024
11
7.54208
21
-4.61
0
LINE
8
BLACK
6
CONTINUOUS
10
7.54208
20
-4.61
11
7.544
21
-4.60872
0
LINE
8
BLACK
6
CONTINUOUS
10
7.544
20
-4.60872
11
7.54626
21
-4.60827
0
LINE
8
BLACK
6
CONTINUOUS
10
7.54626
20
-4.60827
11
7.59252
21
-4.60827
0
LINE
8
BLACK
6
CONTINUOUS
10
7.59252
20
-4.60827
11
7.59478
21
-4.60872
0
LINE
8
BLACK
6
CONTINUOUS
10
7.59478
20
-4.60872
11
7.5967
21
-4.61
0
LINE
8
BLACK
6
CONTINUOUS
10
7.5967
20
-4.61
11
7.59686
21
-4.61024
0
LINE
8
BLACK
6
CONTINUOUS
10
7.59686
20
-4.61024
11
7.71521
21
-4.61024
0
LINE
8
BLACK
6
CONTINUOUS
10
7.71521
20
-4.61024
11
7.83228
21
-4.49317
0
LINE
8
BLACK
6
CONTINUOUS
10
7.83228
20
-4.49317
11
7.83228
21
-4.48937
0
LINE
8
BLACK
6
CONTINUOUS
10
7.83228
20
-4.48937
11
7.8327
21
-4.48726
0
LINE
8
BLACK
6
CONTINUOUS
10
7.8327
20
-4.48726
11
7.83346
21
-4.48612
0
LINE
8
BLACK
6
CONTINUOUS
10
7.83346
20
-4.48612
11
7.83346
21
-4.46014
0
LINE
8
BLACK
6
CONTINUOUS
10
7.83346
20
-4.46014
11
7.83305
21
-4.45986
0
LINE
8
BLACK
6
CONTINUOUS
10
7.83305
20
-4.45986
11
7.8319
21
-4.45814
0
LINE
8
BLACK
6
CONTINUOUS
10
7.8319
20
-4.45814
11
7.8315
21
-4.4561
0
LINE
8
BLACK
6
CONTINUOUS
10
7.8315
20
-4.4561
11
7.8315
21
-4.44154
0
LINE
8
BLACK
6
CONTINUOUS
10
7.8315
20
-4.44154
11
7.8319
21
-4.4395
0
LINE
8
BLACK
6
CONTINUOUS
10
7.8319
20
-4.4395
11
7.83228
21
-4.43893
0
LINE
8
BLACK
6
CONTINUOUS
10
7.83228
20
-4.43893
11
7.83228
21
-4.38179
0
LINE
8
BLACK
6
CONTINUOUS
10
7.83228
20
-4.38179
11
7.83268
21
-4.37981
0
LINE
8
BLACK
6
CONTINUOUS
10
7.83268
20
-4.37981
11
7.83268
21
-4.35925
0
LINE
8
BLACK
6
CONTINUOUS
10
7.83268
20
-4.35925
11
7.83313
21
-4.35699
0
LINE
8
BLACK
6
CONTINUOUS
10
7.83313
20
-4.35699
11
7.83441
21
-4.35508
0
LINE
8
BLACK
6
CONTINUOUS
10
7.83441
20
-4.35508
11
7.83632
21
-4.3538
0
LINE
8
BLACK
6
CONTINUOUS
10
7.83632
20
-4.3538
11
7.83858
21
-4.35335
0
LINE
8
BLACK
6
CONTINUOUS
10
7.83858
20
-4.35335
11
7.85039
21
-4.35335
0
LINE
8
BLACK
6
CONTINUOUS
10
7.85039
20
-4.35335
11
7.85265
21
-4.3538
0
LINE
8
BLACK
6
CONTINUOUS
10
7.85265
20
-4.3538
11
7.85457
21
-4.35508
0
LINE
8
BLACK
6
CONTINUOUS
10
7.85457
20
-4.35508
11
7.85585
21
-4.35699
0
LINE
8
BLACK
6
CONTINUOUS
10
7.85585
20
-4.35699
11
7.8563
21
-4.35925
0
LINE
8
BLACK
6
CONTINUOUS
10
7.8563
20
-4.35925
11
7.8563
21
-4.39961
0
LINE
8
BLACK
6
CONTINUOUS
10
7.8563
20
-4.39961
11
7.85585
21
-4.40187
0
LINE
8
BLACK
6
CONTINUOUS
10
7.85585
20
-4.40187
11
7.85457
21
-4.40378
0
LINE
8
BLACK
6
CONTINUOUS
10
7.85457
20
-4.40378
11
7.85265
21
-4.40506
0
LINE
8
BLACK
6
CONTINUOUS
10
7.85265
20
-4.40506
11
7.85197
21
-4.4052
0
LINE
8
BLACK
6
CONTINUOUS
10
7.85197
20
-4.4052
11
7.85197
21
-4.43893
0
LINE
8
BLACK
6
CONTINUOUS
10
7.85197
20
-4.43893
11
7.85235
21
-4.4395
0
LINE
8
BLACK
6
CONTINUOUS
10
7.85235
20
-4.4395
11
7.85276
21
-4.44154
0
LINE
8
BLACK
6
CONTINUOUS
10
7.85276
20
-4.44154
11
7.85276
21
-4.44802
0
LINE
8
BLACK
6
CONTINUOUS
10
7.85276
20
-4.44802
11
7.85315
21
-4.45
0
LINE
8
BLACK
6
CONTINUOUS
10
7.85315
20
-4.45
11
7.85315
21
-4.48612
0
LINE
8
BLACK
6
CONTINUOUS
10
7.85315
20
-4.48612
11
7.85391
21
-4.48726
0
LINE
8
BLACK
6
CONTINUOUS
10
7.85391
20
-4.48726
11
7.85433
21
-4.48937
0
LINE
8
BLACK
6
CONTINUOUS
10
7.85433
20
-4.48937
11
7.85433
21
-4.50276
0
LINE
8
BLACK
6
CONTINUOUS
10
7.85433
20
-4.50276
11
7.85391
21
-4.50487
0
LINE
8
BLACK
6
CONTINUOUS
10
7.85391
20
-4.50487
11
7.85272
21
-4.50665
0
LINE
8
BLACK
6
CONTINUOUS
10
7.85272
20
-4.50665
11
7.85093
21
-4.50785
0
LINE
8
BLACK
6
CONTINUOUS
10
7.85093
20
-4.50785
11
7.84882
21
-4.50827
0
LINE
8
BLACK
6
CONTINUOUS
10
7.84882
20
-4.50827
11
7.84502
21
-4.50827
0
LINE
8
BLACK
6
CONTINUOUS
10
7.84502
20
-4.50827
11
7.72625
21
-4.62704
0
LINE
8
BLACK
6
CONTINUOUS
10
7.72625
20
-4.62704
11
7.72306
21
-4.62917
0
LINE
8
BLACK
6
CONTINUOUS
10
7.72306
20
-4.62917
11
7.71929
21
-4.62992
0
LINE
8
BLACK
6
CONTINUOUS
10
7.71929
20
-4.62992
11
7.59686
21
-4.62992
0
LINE
8
BLACK
6
CONTINUOUS
10
7.59686
20
-4.62992
11
7.5967
21
-4.63016
0
LINE
8
BLACK
6
CONTINUOUS
10
7.77234
20
-4.43117
11
7.77756
21
-4.43313
0
LINE
8
BLACK
6
CONTINUOUS
10
7.77756
20
-4.43313
11
7.78203
21
-4.43647
0
LINE
8
BLACK
6
CONTINUOUS
10
7.78203
20
-4.43647
11
7.78538
21
-4.44094
0
LINE
8
BLACK
6
CONTINUOUS
10
7.78538
20
-4.44094
11
7.78734
21
-4.44617
0
LINE
8
BLACK
6
CONTINUOUS
10
7.78734
20
-4.44617
11
7.7878
21
-4.45039
0
LINE
8
BLACK
6
CONTINUOUS
10
7.7878
20
-4.45039
11
7.7878
21
-4.48976
0
LINE
8
BLACK
6
CONTINUOUS
10
7.7878
20
-4.48976
11
7.78734
21
-4.49399
0
LINE
8
BLACK
6
CONTINUOUS
10
7.78734
20
-4.49399
11
7.78538
21
-4.49922
0
LINE
8
BLACK
6
CONTINUOUS
10
7.78538
20
-4.49922
11
7.78203
21
-4.50368
0
LINE
8
BLACK
6
CONTINUOUS
10
7.78203
20
-4.50368
11
7.77756
21
-4.50703
0
LINE
8
BLACK
6
CONTINUOUS
10
7.77756
20
-4.50703
11
7.77234
21
-4.50899
0
LINE
8
BLACK
6
CONTINUOUS
10
7.77234
20
-4.50899
11
7.76811
21
-4.50945
0
LINE
8
BLACK
6
CONTINUOUS
10
7.76811
20
-4.50945
11
7.72874
21
-4.50945
0
LINE
8
BLACK
6
CONTINUOUS
10
7.72874
20
-4.50945
11
7.72451
21
-4.50899
0
LINE
8
BLACK
6
CONTINUOUS
10
7.72451
20
-4.50899
11
7.71929
21
-4.50703
0
LINE
8
BLACK
6
CONTINUOUS
10
7.71929
20
-4.50703
11
7.71482
21
-4.50368
0
LINE
8
BLACK
6
CONTINUOUS
10
7.71482
20
-4.50368
11
7.71147
21
-4.49922
0
LINE
8
BLACK
6
CONTINUOUS
10
7.71147
20
-4.49922
11
7.70951
21
-4.49399
0
LINE
8
BLACK
6
CONTINUOUS
10
7.70951
20
-4.49399
11
7.70906
21
-4.48976
0
LINE
8
BLACK
6
CONTINUOUS
10
7.70906
20
-4.48976
11
7.70906
21
-4.475
0
LINE
8
BLACK
6
CONTINUOUS
10
7.70906
20
-4.475
11
7.68209
21
-4.475
0
LINE
8
BLACK
6
CONTINUOUS
10
7.68209
20
-4.475
11
7.68209
21
-4.48228
0
LINE
8
BLACK
6
CONTINUOUS
10
7.68209
20
-4.48228
11
7.68141
21
-4.48567
0
LINE
8
BLACK
6
CONTINUOUS
10
7.68141
20
-4.48567
11
7.67949
21
-4.48855
0
LINE
8
BLACK
6
CONTINUOUS
10
7.67949
20
-4.48855
11
7.67662
21
-4.49047
0
LINE
8
BLACK
6
CONTINUOUS
10
7.67662
20
-4.49047
11
7.67323
21
-4.49114
0
LINE
8
BLACK
6
CONTINUOUS
10
7.67323
20
-4.49114
11
7.65551
21
-4.49114
0
LINE
8
BLACK
6
CONTINUOUS
10
7.65551
20
-4.49114
11
7.65212
21
-4.49047
0
LINE
8
BLACK
6
CONTINUOUS
10
7.65212
20
-4.49047
11
7.64925
21
-4.48855
0
LINE
8
BLACK
6
CONTINUOUS
10
7.64925
20
-4.48855
11
7.64733
21
-4.48567
0
LINE
8
BLACK
6
CONTINUOUS
10
7.64733
20
-4.48567
11
7.64665
21
-4.48228
0
LINE
8
BLACK
6
CONTINUOUS
10
7.64665
20
-4.48228
11
7.64665
21
-4.4626
0
LINE
8
BLACK
6
CONTINUOUS
10
7.64665
20
-4.4626
11
7.64733
21
-4.45921
0
LINE
8
BLACK
6
CONTINUOUS
10
7.64733
20
-4.45921
11
7.64925
21
-4.45633
0
LINE
8
BLACK
6
CONTINUOUS
10
7.64925
20
-4.45633
11
7.65212
21
-4.45441
0
LINE
8
BLACK
6
CONTINUOUS
10
7.65212
20
-4.45441
11
7.65551
21
-4.45374
0
LINE
8
BLACK
6
CONTINUOUS
10
7.65551
20
-4.45374
11
7.67323
21
-4.45374
0
LINE
8
BLACK
6
CONTINUOUS
10
7.67323
20
-4.45374
11
7.67662
21
-4.45441
0
LINE
8
BLACK
6
CONTINUOUS
10
7.67662
20
-4.45441
11
7.67949
21
-4.45633
0
LINE
8
BLACK
6
CONTINUOUS
10
7.67949
20
-4.45633
11
7.68141
21
-4.45921
0
LINE
8
BLACK
6
CONTINUOUS
10
7.68141
20
-4.45921
11
7.68209
21
-4.4626
0
LINE
8
BLACK
6
CONTINUOUS
10
7.68209
20
-4.4626
11
7.68209
21
-4.46516
0
LINE
8
BLACK
6
CONTINUOUS
10
7.68209
20
-4.46516
11
7.70906
21
-4.46516
0
LINE
8
BLACK
6
CONTINUOUS
10
7.70906
20
-4.46516
11
7.70906
21
-4.45039
0
LINE
8
BLACK
6
CONTINUOUS
10
7.70906
20
-4.45039
11
7.70951
21
-4.44617
0
LINE
8
BLACK
6
CONTINUOUS
10
7.70951
20
-4.44617
11
7.71147
21
-4.44094
0
LINE
8
BLACK
6
CONTINUOUS
10
7.71147
20
-4.44094
11
7.71482
21
-4.43647
0
LINE
8
BLACK
6
CONTINUOUS
10
7.71482
20
-4.43647
11
7.71929
21
-4.43313
0
LINE
8
BLACK
6
CONTINUOUS
10
7.71929
20
-4.43313
11
7.72451
21
-4.43117
0
LINE
8
BLACK
6
CONTINUOUS
10
7.72451
20
-4.43117
11
7.72874
21
-4.43071
0
LINE
8
BLACK
6
CONTINUOUS
10
7.72874
20
-4.43071
11
7.76811
21
-4.43071
0
LINE
8
BLACK
6
CONTINUOUS
10
7.76811
20
-4.43071
11
7.77234
21
-4.43117
0
LINE
8
BLACK
6
CONTINUOUS
10
7.6215
20
-4.39142
11
7.62437
21
-4.39334
0
LINE
8
BLACK
6
CONTINUOUS
10
7.62437
20
-4.39334
11
7.62629
21
-4.39622
0
LINE
8
BLACK
6
CONTINUOUS
10
7.62629
20
-4.39622
11
7.62697
21
-4.39961
0
LINE
8
BLACK
6
CONTINUOUS
10
7.62697
20
-4.39961
11
7.62697
21
-4.41929
0
LINE
8
BLACK
6
CONTINUOUS
10
7.62697
20
-4.41929
11
7.62629
21
-4.42268
0
LINE
8
BLACK
6
CONTINUOUS
10
7.62629
20
-4.42268
11
7.62437
21
-4.42556
0
LINE
8
BLACK
6
CONTINUOUS
10
7.62437
20
-4.42556
11
7.6215
21
-4.42748
0
LINE
8
BLACK
6
CONTINUOUS
10
7.6215
20
-4.42748
11
7.61811
21
-4.42815
0
LINE
8
BLACK
6
CONTINUOUS
10
7.61811
20
-4.42815
11
7.60827
21
-4.42815
0
LINE
8
BLACK
6
CONTINUOUS
10
7.60827
20
-4.42815
11
7.60827
21
-4.45374
0
LINE
8
BLACK
6
CONTINUOUS
10
7.60827
20
-4.45374
11
7.6122
21
-4.45374
0
LINE
8
BLACK
6
CONTINUOUS
10
7.6122
20
-4.45374
11
7.61559
21
-4.45441
0
LINE
8
BLACK
6
CONTINUOUS
10
7.61559
20
-4.45441
11
7.61847
21
-4.45633
0
LINE
8
BLACK
6
CONTINUOUS
10
7.61847
20
-4.45633
11
7.62039
21
-4.45921
0
LINE
8
BLACK
6
CONTINUOUS
10
7.62039
20
-4.45921
11
7.62106
21
-4.4626
0
LINE
8
BLACK
6
CONTINUOUS
10
7.62106
20
-4.4626
11
7.62106
21
-4.48228
0
LINE
8
BLACK
6
CONTINUOUS
10
7.62106
20
-4.48228
11
7.62039
21
-4.48567
0
LINE
8
BLACK
6
CONTINUOUS
10
7.62039
20
-4.48567
11
7.61847
21
-4.48855
0
LINE
8
BLACK
6
CONTINUOUS
10
7.61847
20
-4.48855
11
7.61559
21
-4.49047
0
LINE
8
BLACK
6
CONTINUOUS
10
7.61559
20
-4.49047
11
7.6122
21
-4.49114
0
LINE
8
BLACK
6
CONTINUOUS
10
7.6122
20
-4.49114
11
7.59449
21
-4.49114
0
LINE
8
BLACK
6
CONTINUOUS
10
7.59449
20
-4.49114
11
7.5911
21
-4.49047
0
LINE
8
BLACK
6
CONTINUOUS
10
7.5911
20
-4.49047
11
7.58822
21
-4.48855
0
LINE
8
BLACK
6
CONTINUOUS
10
7.58822
20
-4.48855
11
7.5863
21
-4.48567
0
LINE
8
BLACK
6
CONTINUOUS
10
7.5863
20
-4.48567
11
7.58563
21
-4.48228
0
LINE
8
BLACK
6
CONTINUOUS
10
7.58563
20
-4.48228
11
7.58563
21
-4.4626
0
LINE
8
BLACK
6
CONTINUOUS
10
7.58563
20
-4.4626
11
7.5863
21
-4.45921
0
LINE
8
BLACK
6
CONTINUOUS
10
7.5863
20
-4.45921
11
7.58822
21
-4.45633
0
LINE
8
BLACK
6
CONTINUOUS
10
7.58822
20
-4.45633
11
7.5911
21
-4.45441
0
LINE
8
BLACK
6
CONTINUOUS
10
7.5911
20
-4.45441
11
7.59449
21
-4.45374
0
LINE
8
BLACK
6
CONTINUOUS
10
7.59449
20
-4.45374
11
7.59843
21
-4.45374
0
LINE
8
BLACK
6
CONTINUOUS
10
7.59843
20
-4.45374
11
7.59843
21
-4.42776
0
LINE
8
BLACK
6
CONTINUOUS
10
7.59843
20
-4.42776
11
7.597
21
-4.42748
0
LINE
8
BLACK
6
CONTINUOUS
10
7.597
20
-4.42748
11
7.59413
21
-4.42556
0
LINE
8
BLACK
6
CONTINUOUS
10
7.59413
20
-4.42556
11
7.59221
21
-4.42268
0
LINE
8
BLACK
6
CONTINUOUS
10
7.59221
20
-4.42268
11
7.59154
21
-4.41929
0
LINE
8
BLACK
6
CONTINUOUS
10
7.59154
20
-4.41929
11
7.59154
21
-4.39961
0
LINE
8
BLACK
6
CONTINUOUS
10
7.59154
20
-4.39961
11
7.59221
21
-4.39622
0
LINE
8
BLACK
6
CONTINUOUS
10
7.59221
20
-4.39622
11
7.59413
21
-4.39334
0
LINE
8
BLACK
6
CONTINUOUS
10
7.59413
20
-4.39334
11
7.597
21
-4.39142
0
LINE
8
BLACK
6
CONTINUOUS
10
7.597
20
-4.39142
11
7.60039
21
-4.39075
0
LINE
8
BLACK
6
CONTINUOUS
10
7.60039
20
-4.39075
11
7.61811
21
-4.39075
0
LINE
8
BLACK
6
CONTINUOUS
10
7.61811
20
-4.39075
11
7.6215
21
-4.39142
0
LINE
8
BLACK
6
CONTINUOUS
10
7.92746
20
-4.26423
11
7.92937
21
-4.26551
0
LINE
8
BLACK
6
CONTINUOUS
10
7.92937
20
-4.26551
11
7.93065
21
-4.26743
0
LINE
8
BLACK
6
CONTINUOUS
10
7.93065
20
-4.26743
11
7.9311
21
-4.26969
0
LINE
8
BLACK
6
CONTINUOUS
10
7.9311
20
-4.26969
11
7.9311
21
-4.29471
0
LINE
8
BLACK
6
CONTINUOUS
10
7.9311
20
-4.29471
11
7.96318
21
-4.32679
0
LINE
8
BLACK
6
CONTINUOUS
10
7.96318
20
-4.32679
11
8.02266
21
-4.32679
0
LINE
8
BLACK
6
CONTINUOUS
10
8.02266
20
-4.32679
11
8.02352
21
-4.32692
0
LINE
8
BLACK
6
CONTINUOUS
10
8.02352
20
-4.32692
11
8.02371
21
-4.3269
0
LINE
8
BLACK
6
CONTINUOUS
10
8.02371
20
-4.3269
11
8.0238
21
-4.32696
0
LINE
8
BLACK
6
CONTINUOUS
10
8.0238
20
-4.32696
11
8.02405
21
-4.32699
0
LINE
8
BLACK
6
CONTINUOUS
10
8.02405
20
-4.32699
11
8.02507
21
-4.32765
0
LINE
8
BLACK
6
CONTINUOUS
10
8.02507
20
-4.32765
11
8.02614
21
-4.32823
0
LINE
8
BLACK
6
CONTINUOUS
10
8.02614
20
-4.32823
11
8.0586
21
-4.36069
0
LINE
8
BLACK
6
CONTINUOUS
10
8.0586
20
-4.36069
11
8.05912
21
-4.3614
0
LINE
8
BLACK
6
CONTINUOUS
10
8.05912
20
-4.3614
11
8.05926
21
-4.36151
0
LINE
8
BLACK
6
CONTINUOUS
10
8.05926
20
-4.36151
11
8.05929
21
-4.36162
0
LINE
8
BLACK
6
CONTINUOUS
10
8.05929
20
-4.36162
11
8.05944
21
-4.36182
0
LINE
8
BLACK
6
CONTINUOUS
10
8.05944
20
-4.36182
11
8.0597
21
-4.36301
0
LINE
8
BLACK
6
CONTINUOUS
10
8.0597
20
-4.36301
11
8.06004
21
-4.36417
0
LINE
8
BLACK
6
CONTINUOUS
10
8.06004
20
-4.36417
11
8.06004
21
-4.41686
0
LINE
8
BLACK
6
CONTINUOUS
10
8.06004
20
-4.41686
11
8.06993
21
-4.40697
0
LINE
8
BLACK
6
CONTINUOUS
10
8.06993
20
-4.40697
11
8.07063
21
-4.40645
0
LINE
8
BLACK
6
CONTINUOUS
10
8.07063
20
-4.40645
11
8.07075
21
-4.40631
0
LINE
8
BLACK
6
CONTINUOUS
10
8.07075
20
-4.40631
11
8.07085
21
-4.40628
0
LINE
8
BLACK
6
CONTINUOUS
10
8.07085
20
-4.40628
11
8.07106
21
-4.40613
0
LINE
8
BLACK
6
CONTINUOUS
10
8.07106
20
-4.40613
11
8.07224
21
-4.40587
0
LINE
8
BLACK
6
CONTINUOUS
10
8.07224
20
-4.40587
11
8.07341
21
-4.40553
0
LINE
8
BLACK
6
CONTINUOUS
10
8.07341
20
-4.40553
11
8.23515
21
-4.40553
0
LINE
8
BLACK
6
CONTINUOUS
10
8.23515
20
-4.40553
11
8.24319
21
-4.39748
0
LINE
8
BLACK
6
CONTINUOUS
10
8.24319
20
-4.39748
11
8.24206
21
-4.39672
0
LINE
8
BLACK
6
CONTINUOUS
10
8.24206
20
-4.39672
11
8.23992
21
-4.39353
0
LINE
8
BLACK
6
CONTINUOUS
10
8.23992
20
-4.39353
11
8.23917
21
-4.38976
0
LINE
8
BLACK
6
CONTINUOUS
10
8.23917
20
-4.38976
11
8.23917
21
-4.37008
0
LINE
8
BLACK
6
CONTINUOUS
10
8.23917
20
-4.37008
11
8.23992
21
-4.36631
0
LINE
8
BLACK
6
CONTINUOUS
10
8.23992
20
-4.36631
11
8.24206
21
-4.36312
0
LINE
8
BLACK
6
CONTINUOUS
10
8.24206
20
-4.36312
11
8.24525
21
-4.36099
0
LINE
8
BLACK
6
CONTINUOUS
10
8.24525
20
-4.36099
11
8.24902
21
-4.36024
0
LINE
8
BLACK
6
CONTINUOUS
10
8.24902
20
-4.36024
11
8.28642
21
-4.36024
0
LINE
8
BLACK
6
CONTINUOUS
10
8.28642
20
-4.36024
11
8.29018
21
-4.36099
0
LINE
8
BLACK
6
CONTINUOUS
10
8.29018
20
-4.36099
11
8.29338
21
-4.36312
0
LINE
8
BLACK
6
CONTINUOUS
10
8.29338
20
-4.36312
11
8.29551
21
-4.36631
0
LINE
8
BLACK
6
CONTINUOUS
10
8.29551
20
-4.36631
11
8.29626
21
-4.37008
0
LINE
8
BLACK
6
CONTINUOUS
10
8.29626
20
-4.37008
11
8.29626
21
-4.38976
0
LINE
8
BLACK
6
CONTINUOUS
10
8.29626
20
-4.38976
11
8.29551
21
-4.39353
0
LINE
8
BLACK
6
CONTINUOUS
10
8.29551
20
-4.39353
11
8.29338
21
-4.39672
0
LINE
8
BLACK
6
CONTINUOUS
10
8.29338
20
-4.39672
11
8.29018
21
-4.39886
0
LINE
8
BLACK
6
CONTINUOUS
10
8.29018
20
-4.39886
11
8.28642
21
-4.39961
0
LINE
8
BLACK
6
CONTINUOUS
10
8.28642
20
-4.39961
11
8.25499
21
-4.39961
0
LINE
8
BLACK
6
CONTINUOUS
10
8.25499
20
-4.39961
11
8.24067
21
-4.41393
0
LINE
8
BLACK
6
CONTINUOUS
10
8.24067
20
-4.41393
11
8.23996
21
-4.41446
0
LINE
8
BLACK
6
CONTINUOUS
10
8.23996
20
-4.41446
11
8.23984
21
-4.41459
0
LINE
8
BLACK
6
CONTINUOUS
10
8.23984
20
-4.41459
11
8.23974
21
-4.41462
0
LINE
8
BLACK
6
CONTINUOUS
10
8.23974
20
-4.41462
11
8.23953
21
-4.41478
0
LINE
8
BLACK
6
CONTINUOUS
10
8.23953
20
-4.41478
11
8.23835
21
-4.41503
0
LINE
8
BLACK
6
CONTINUOUS
10
8.23835
20
-4.41503
11
8.23719
21
-4.41537
0
LINE
8
BLACK
6
CONTINUOUS
10
8.23719
20
-4.41537
11
8.07544
21
-4.41537
0
LINE
8
BLACK
6
CONTINUOUS
10
8.07544
20
-4.41537
11
8.06766
21
-4.42316
0
LINE
8
BLACK
6
CONTINUOUS
10
8.06766
20
-4.42316
11
8.06772
21
-4.42343
0
LINE
8
BLACK
6
CONTINUOUS
10
8.06772
20
-4.42343
11
8.06772
21
-4.43406
0
LINE
8
BLACK
6
CONTINUOUS
10
8.06772
20
-4.43406
11
8.06731
21
-4.43609
0
LINE
8
BLACK
6
CONTINUOUS
10
8.06731
20
-4.43609
11
8.06616
21
-4.43781
0
LINE
8
BLACK
6
CONTINUOUS
10
8.06616
20
-4.43781
11
8.06444
21
-4.43897
0
LINE
8
BLACK
6
CONTINUOUS
10
8.06444
20
-4.43897
11
8.0624
21
-4.43937
0
LINE
8
BLACK
6
CONTINUOUS
10
8.0624
20
-4.43937
11
8.04783
21
-4.43937
0
LINE
8
BLACK
6
CONTINUOUS
10
8.04783
20
-4.43937
11
8.0458
21
-4.43897
0
LINE
8
BLACK
6
CONTINUOUS
10
8.0458
20
-4.43897
11
8.04408
21
-4.43781
0
LINE
8
BLACK
6
CONTINUOUS
10
8.04408
20
-4.43781
11
8.04292
21
-4.43609
0
LINE
8
BLACK
6
CONTINUOUS
10
8.04292
20
-4.43609
11
8.04252
21
-4.43406
0
LINE
8
BLACK
6
CONTINUOUS
10
8.04252
20
-4.43406
11
8.04252
21
-4.42343
0
LINE
8
BLACK
6
CONTINUOUS
10
8.04252
20
-4.42343
11
8.04257
21
-4.42316
0
LINE
8
BLACK
6
CONTINUOUS
10
8.04257
20
-4.42316
11
8.03479
21
-4.41537
0
LINE
8
BLACK
6
CONTINUOUS
10
8.03479
20
-4.41537
11
7.97078
21
-4.41537
0
LINE
8
BLACK
6
CONTINUOUS
10
7.97078
20
-4.41537
11
7.93385
21
-4.4523
0
LINE
8
BLACK
6
CONTINUOUS
10
7.93385
20
-4.4523
11
7.93315
21
-4.45282
0
LINE
8
BLACK
6
CONTINUOUS
10
7.93315
20
-4.45282
11
7.93303
21
-4.45296
0
LINE
8
BLACK
6
CONTINUOUS
10
7.93303
20
-4.45296
11
7.93292
21
-4.45299
0
LINE
8
BLACK
6
CONTINUOUS
10
7.93292
20
-4.45299
11
7.93272
21
-4.45314
0
LINE
8
BLACK
6
CONTINUOUS
10
7.93272
20
-4.45314
11
7.93154
21
-4.4534
0
LINE
8
BLACK
6
CONTINUOUS
10
7.93154
20
-4.4534
11
7.93037
21
-4.45374
0
LINE
8
BLACK
6
CONTINUOUS
10
7.93037
20
-4.45374
11
7.89291
21
-4.45374
0
LINE
8
BLACK
6
CONTINUOUS
10
7.89291
20
-4.45374
11
7.89291
21
-4.4561
0
LINE
8
BLACK
6
CONTINUOUS
10
7.89291
20
-4.4561
11
7.89251
21
-4.45814
0
LINE
8
BLACK
6
CONTINUOUS
10
7.89251
20
-4.45814
11
7.89136
21
-4.45986
0
LINE
8
BLACK
6
CONTINUOUS
10
7.89136
20
-4.45986
11
7.88963
21
-4.46101
0
LINE
8
BLACK
6
CONTINUOUS
10
7.88963
20
-4.46101
11
7.8876
21
-4.46142
0
LINE
8
BLACK
6
CONTINUOUS
10
7.8876
20
-4.46142
11
7.87697
21
-4.46142
0
LINE
8
BLACK
6
CONTINUOUS
10
7.87697
20
-4.46142
11
7.87493
21
-4.46101
0
LINE
8
BLACK
6
CONTINUOUS
10
7.87493
20
-4.46101
11
7.87321
21
-4.45986
0
LINE
8
BLACK
6
CONTINUOUS
10
7.87321
20
-4.45986
11
7.87206
21
-4.45814
0
LINE
8
BLACK
6
CONTINUOUS
10
7.87206
20
-4.45814
11
7.87165
21
-4.4561
0
LINE
8
BLACK
6
CONTINUOUS
10
7.87165
20
-4.4561
11
7.87165
21
-4.44154
0
LINE
8
BLACK
6
CONTINUOUS
10
7.87165
20
-4.44154
11
7.87206
21
-4.4395
0
LINE
8
BLACK
6
CONTINUOUS
10
7.87206
20
-4.4395
11
7.87321
21
-4.43778
0
LINE
8
BLACK
6
CONTINUOUS
10
7.87321
20
-4.43778
11
7.87493
21
-4.43663
0
LINE
8
BLACK
6
CONTINUOUS
10
7.87493
20
-4.43663
11
7.87697
21
-4.43622
0
LINE
8
BLACK
6
CONTINUOUS
10
7.87697
20
-4.43622
11
7.8876
21
-4.43622
0
LINE
8
BLACK
6
CONTINUOUS
10
7.8876
20
-4.43622
11
7.88963
21
-4.43663
0
LINE
8
BLACK
6
CONTINUOUS
10
7.88963
20
-4.43663
11
7.89136
21
-4.43778
0
LINE
8
BLACK
6
CONTINUOUS
10
7.89136
20
-4.43778
11
7.89251
21
-4.4395
0
LINE
8
BLACK
6
CONTINUOUS
10
7.89251
20
-4.4395
11
7.89291
21
-4.44154
0
LINE
8
BLACK
6
CONTINUOUS
10
7.89291
20
-4.44154
11
7.89291
21
-4.4439
0
LINE
8
BLACK
6
CONTINUOUS
10
7.89291
20
-4.4439
11
7.92833
21
-4.4439
0
LINE
8
BLACK
6
CONTINUOUS
10
7.92833
20
-4.4439
11
7.96526
21
-4.40697
0
LINE
8
BLACK
6
CONTINUOUS
10
7.96526
20
-4.40697
11
7.96596
21
-4.40645
0
LINE
8
BLACK
6
CONTINUOUS
10
7.96596
20
-4.40645
11
7.96608
21
-4.40631
0
LINE
8
BLACK
6
CONTINUOUS
10
7.96608
20
-4.40631
11
7.96619
21
-4.40628
0
LINE
8
BLACK
6
CONTINUOUS
10
7.96619
20
-4.40628
11
7.96639
21
-4.40613
0
LINE
8
BLACK
6
CONTINUOUS
10
7.96639
20
-4.40613
11
7.96758
21
-4.40587
0
LINE
8
BLACK
6
CONTINUOUS
10
7.96758
20
-4.40587
11
7.96874
21
-4.40553
0
LINE
8
BLACK
6
CONTINUOUS
10
7.96874
20
-4.40553
11
8.03683
21
-4.40553
0
LINE
8
BLACK
6
CONTINUOUS
10
8.03683
20
-4.40553
11
8.0377
21
-4.40566
0
LINE
8
BLACK
6
CONTINUOUS
10
8.0377
20
-4.40566
11
8.03788
21
-4.40564
0
LINE
8
BLACK
6
CONTINUOUS
10
8.03788
20
-4.40564
11
8.03798
21
-4.4057
0
LINE
8
BLACK
6
CONTINUOUS
10
8.03798
20
-4.4057
11
8.03823
21
-4.40573
0
LINE
8
BLACK
6
CONTINUOUS
10
8.03823
20
-4.40573
11
8.03925
21
-4.40639
0
LINE
8
BLACK
6
CONTINUOUS
10
8.03925
20
-4.40639
11
8.04031
21
-4.40697
0
LINE
8
BLACK
6
CONTINUOUS
10
8.04031
20
-4.40697
11
8.0502
21
-4.41686
0
LINE
8
BLACK
6
CONTINUOUS
10
8.0502
20
-4.41686
11
8.0502
21
-4.36621
0
LINE
8
BLACK
6
CONTINUOUS
10
8.0502
20
-4.36621
11
8.02062
21
-4.33663
0
LINE
8
BLACK
6
CONTINUOUS
10
8.02062
20
-4.33663
11
7.96114
21
-4.33663
0
LINE
8
BLACK
6
CONTINUOUS
10
7.96114
20
-4.33663
11
7.96027
21
-4.33651
0
LINE
8
BLACK
6
CONTINUOUS
10
7.96027
20
-4.33651
11
7.96009
21
-4.33652
0
LINE
8
BLACK
6
CONTINUOUS
10
7.96009
20
-4.33652
11
7.96
21
-4.33647
0
LINE
8
BLACK
6
CONTINUOUS
10
7.96
20
-4.33647
11
7.95974
21
-4.33643
0
LINE
8
BLACK
6
CONTINUOUS
10
7.95974
20
-4.33643
11
7.95873
21
-4.33577
0
LINE
8
BLACK
6
CONTINUOUS
10
7.95873
20
-4.33577
11
7.95766
21
-4.33519
0
LINE
8
BLACK
6
CONTINUOUS
10
7.95766
20
-4.33519
11
7.9311
21
-4.30863
0
LINE
8
BLACK
6
CONTINUOUS
10
7.9311
20
-4.30863
11
7.9311
21
-4.31004
0
LINE
8
BLACK
6
CONTINUOUS
10
7.9311
20
-4.31004
11
7.93065
21
-4.3123
0
LINE
8
BLACK
6
CONTINUOUS
10
7.93065
20
-4.3123
11
7.92937
21
-4.31422
0
LINE
8
BLACK
6
CONTINUOUS
10
7.92937
20
-4.31422
11
7.92746
21
-4.3155
0
LINE
8
BLACK
6
CONTINUOUS
10
7.92746
20
-4.3155
11
7.9252
21
-4.31594
0
LINE
8
BLACK
6
CONTINUOUS
10
7.9252
20
-4.31594
11
7.91339
21
-4.31594
0
LINE
8
BLACK
6
CONTINUOUS
10
7.91339
20
-4.31594
11
7.91113
21
-4.3155
0
LINE
8
BLACK
6
CONTINUOUS
10
7.91113
20
-4.3155
11
7.90921
21
-4.31422
0
LINE
8
BLACK
6
CONTINUOUS
10
7.90921
20
-4.31422
11
7.90793
21
-4.3123
0
LINE
8
BLACK
6
CONTINUOUS
10
7.90793
20
-4.3123
11
7.90748
21
-4.31004
0
LINE
8
BLACK
6
CONTINUOUS
10
7.90748
20
-4.31004
11
7.90748
21
-4.26969
0
LINE
8
BLACK
6
CONTINUOUS
10
7.90748
20
-4.26969
11
7.90793
21
-4.26743
0
LINE
8
BLACK
6
CONTINUOUS
10
7.90793
20
-4.26743
11
7.90921
21
-4.26551
0
LINE
8
BLACK
6
CONTINUOUS
10
7.90921
20
-4.26551
11
7.91113
21
-4.26423
0
LINE
8
BLACK
6
CONTINUOUS
10
7.91113
20
-4.26423
11
7.91339
21
-4.26378
0
LINE
8
BLACK
6
CONTINUOUS
10
7.91339
20
-4.26378
11
7.9252
21
-4.26378
0
LINE
8
BLACK
6
CONTINUOUS
10
7.9252
20
-4.26378
11
7.92746
21
-4.26423
0
LINE
8
BLACK
6
CONTINUOUS
10
7.77234
20
-4.33117
11
7.77756
21
-4.33313
0
LINE
8
BLACK
6
CONTINUOUS
10
7.77756
20
-4.33313
11
7.78203
21
-4.33647
0
LINE
8
BLACK
6
CONTINUOUS
10
7.78203
20
-4.33647
11
7.78538
21
-4.34094
0
LINE
8
BLACK
6
CONTINUOUS
10
7.78538
20
-4.34094
11
7.78734
21
-4.34617
0
LINE
8
BLACK
6
CONTINUOUS
10
7.78734
20
-4.34617
11
7.7878
21
-4.35039
0
LINE
8
BLACK
6
CONTINUOUS
10
7.7878
20
-4.35039
11
7.7878
21
-4.38976
0
LINE
8
BLACK
6
CONTINUOUS
10
7.7878
20
-4.38976
11
7.78734
21
-4.39399
0
LINE
8
BLACK
6
CONTINUOUS
10
7.78734
20
-4.39399
11
7.78538
21
-4.39922
0
LINE
8
BLACK
6
CONTINUOUS
10
7.78538
20
-4.39922
11
7.78203
21
-4.40368
0
LINE
8
BLACK
6
CONTINUOUS
10
7.78203
20
-4.40368
11
7.77756
21
-4.40703
0
LINE
8
BLACK
6
CONTINUOUS
10
7.77756
20
-4.40703
11
7.77234
21
-4.40899
0
LINE
8
BLACK
6
CONTINUOUS
10
7.77234
20
-4.40899
11
7.76811
21
-4.40945
0
LINE
8
BLACK
6
CONTINUOUS
10
7.76811
20
-4.40945
11
7.72874
21
-4.40945
0
LINE
8
BLACK
6
CONTINUOUS
10
7.72874
20
-4.40945
11
7.72451
21
-4.40899
0
LINE
8
BLACK
6
CONTINUOUS
10
7.72451
20
-4.40899
11
7.71929
21
-4.40703
0
LINE
8
BLACK
6
CONTINUOUS
10
7.71929
20
-4.40703
11
7.7188
21
-4.40666
0
LINE
8
BLACK
6
CONTINUOUS
10
7.7188
20
-4.40666
11
7.69639
21
-4.42907
0
LINE
8
BLACK
6
CONTINUOUS
10
7.69639
20
-4.42907
11
7.69569
21
-4.42959
0
LINE
8
BLACK
6
CONTINUOUS
10
7.69569
20
-4.42959
11
7.69557
21
-4.42973
0
LINE
8
BLACK
6
CONTINUOUS
10
7.69557
20
-4.42973
11
7.69547
21
-4.42976
0
LINE
8
BLACK
6
CONTINUOUS
10
7.69547
20
-4.42976
11
7.69526
21
-4.42992
0
LINE
8
BLACK
6
CONTINUOUS
10
7.69526
20
-4.42992
11
7.69408
21
-4.43017
0
LINE
8
BLACK
6
CONTINUOUS
10
7.69408
20
-4.43017
11
7.69291
21
-4.43051
0
LINE
8
BLACK
6
CONTINUOUS
10
7.69291
20
-4.43051
11
7.67795
21
-4.43051
0
LINE
8
BLACK
6
CONTINUOUS
10
7.67795
20
-4.43051
11
7.67795
21
-4.43091
0
LINE
8
BLACK
6
CONTINUOUS
10
7.67795
20
-4.43091
11
7.67755
21
-4.43294
0
LINE
8
BLACK
6
CONTINUOUS
10
7.67755
20
-4.43294
11
7.6764
21
-4.43466
0
LINE
8
BLACK
6
CONTINUOUS
10
7.6764
20
-4.43466
11
7.67467
21
-4.43582
0
LINE
8
BLACK
6
CONTINUOUS
10
7.67467
20
-4.43582
11
7.67264
21
-4.43622
0
LINE
8
BLACK
6
CONTINUOUS
10
7.67264
20
-4.43622
11
7.65807
21
-4.43622
0
LINE
8
BLACK
6
CONTINUOUS
10
7.65807
20
-4.43622
11
7.65604
21
-4.43582
0
LINE
8
BLACK
6
CONTINUOUS
10
7.65604
20
-4.43582
11
7.65431
21
-4.43466
0
LINE
8
BLACK
6
CONTINUOUS
10
7.65431
20
-4.43466
11
7.65316
21
-4.43294
0
LINE
8
BLACK
6
CONTINUOUS
10
7.65316
20
-4.43294
11
7.65276
21
-4.43091
0
LINE
8
BLACK
6
CONTINUOUS
10
7.65276
20
-4.43091
11
7.65276
21
-4.42028
0
LINE
8
BLACK
6
CONTINUOUS
10
7.65276
20
-4.42028
11
7.65316
21
-4.41824
0
LINE
8
BLACK
6
CONTINUOUS
10
7.65316
20
-4.41824
11
7.65431
21
-4.41652
0
LINE
8
BLACK
6
CONTINUOUS
10
7.65431
20
-4.41652
11
7.65604
21
-4.41537
0
LINE
8
BLACK
6
CONTINUOUS
10
7.65604
20
-4.41537
11
7.65807
21
-4.41496
0
LINE
8
BLACK
6
CONTINUOUS
10
7.65807
20
-4.41496
11
7.67264
21
-4.41496
0
LINE
8
BLACK
6
CONTINUOUS
10
7.67264
20
-4.41496
11
7.67467
21
-4.41537
0
LINE
8
BLACK
6
CONTINUOUS
10
7.67467
20
-4.41537
11
7.6764
21
-4.41652
0
LINE
8
BLACK
6
CONTINUOUS
10
7.6764
20
-4.41652
11
7.67755
21
-4.41824
0
LINE
8
BLACK
6
CONTINUOUS
10
7.67755
20
-4.41824
11
7.67795
21
-4.42028
0
LINE
8
BLACK
6
CONTINUOUS
10
7.67795
20
-4.42028
11
7.67795
21
-4.42067
0
LINE
8
BLACK
6
CONTINUOUS
10
7.67795
20
-4.42067
11
7.69087
21
-4.42067
0
LINE
8
BLACK
6
CONTINUOUS
10
7.69087
20
-4.42067
11
7.71184
21
-4.3997
0
LINE
8
BLACK
6
CONTINUOUS
10
7.71184
20
-4.3997
11
7.71147
21
-4.39922
0
LINE
8
BLACK
6
CONTINUOUS
10
7.71147
20
-4.39922
11
7.70951
21
-4.39399
0
LINE
8
BLACK
6
CONTINUOUS
10
7.70951
20
-4.39399
11
7.70906
21
-4.38976
0
LINE
8
BLACK
6
CONTINUOUS
10
7.70906
20
-4.38976
11
7.70906
21
-4.35039
0
LINE
8
BLACK
6
CONTINUOUS
10
7.70906
20
-4.35039
11
7.70951
21
-4.34617
0
LINE
8
BLACK
6
CONTINUOUS
10
7.70951
20
-4.34617
11
7.71147
21
-4.34094
0
LINE
8
BLACK
6
CONTINUOUS
10
7.71147
20
-4.34094
11
7.71482
21
-4.33647
0
LINE
8
BLACK
6
CONTINUOUS
10
7.71482
20
-4.33647
11
7.71929
21
-4.33313
0
LINE
8
BLACK
6
CONTINUOUS
10
7.71929
20
-4.33313
11
7.72451
21
-4.33117
0
LINE
8
BLACK
6
CONTINUOUS
10
7.72451
20
-4.33117
11
7.72874
21
-4.33071
0
LINE
8
BLACK
6
CONTINUOUS
10
7.72874
20
-4.33071
11
7.76811
21
-4.33071
0
LINE
8
BLACK
6
CONTINUOUS
10
7.76811
20
-4.33071
11
7.77234
21
-4.33117
0
LINE
8
BLACK
6
CONTINUOUS
10
7.83743
20
-4.09327
11
7.84062
21
-4.0954
0
LINE
8
BLACK
6
CONTINUOUS
10
7.84062
20
-4.0954
11
7.84275
21
-4.0986
0
LINE
8
BLACK
6
CONTINUOUS
10
7.84275
20
-4.0986
11
7.8435
21
-4.10236
0
LINE
8
BLACK
6
CONTINUOUS
10
7.8435
20
-4.10236
11
7.8435
21
-4.12205
0
LINE
8
BLACK
6
CONTINUOUS
10
7.8435
20
-4.12205
11
7.84275
21
-4.12581
0
LINE
8
BLACK
6
CONTINUOUS
10
7.84275
20
-4.12581
11
7.84062
21
-4.12901
0
LINE
8
BLACK
6
CONTINUOUS
10
7.84062
20
-4.12901
11
7.83948
21
-4.12977
0
LINE
8
BLACK
6
CONTINUOUS
10
7.83948
20
-4.12977
11
7.84797
21
-4.13825
0
LINE
8
BLACK
6
CONTINUOUS
10
7.84797
20
-4.13825
11
7.84849
21
-4.13895
0
LINE
8
BLACK
6
CONTINUOUS
10
7.84849
20
-4.13895
11
7.84863
21
-4.13907
0
LINE
8
BLACK
6
CONTINUOUS
10
7.84863
20
-4.13907
11
7.84866
21
-4.13918
0
LINE
8
BLACK
6
CONTINUOUS
10
7.84866
20
-4.13918
11
7.84881
21
-4.13938
0
LINE
8
BLACK
6
CONTINUOUS
10
7.84881
20
-4.13938
11
7.84907
21
-4.14057
0
LINE
8
BLACK
6
CONTINUOUS
10
7.84907
20
-4.14057
11
7.84941
21
-4.14173
0
LINE
8
BLACK
6
CONTINUOUS
10
7.84941
20
-4.14173
11
7.84941
21
-4.26378
0
LINE
8
BLACK
6
CONTINUOUS
10
7.84941
20
-4.26378
11
7.85039
21
-4.26378
0
LINE
8
BLACK
6
CONTINUOUS
10
7.85039
20
-4.26378
11
7.85265
21
-4.26423
0
LINE
8
BLACK
6
CONTINUOUS
10
7.85265
20
-4.26423
11
7.85457
21
-4.26551
0
LINE
8
BLACK
6
CONTINUOUS
10
7.85457
20
-4.26551
11
7.85585
21
-4.26743
0
LINE
8
BLACK
6
CONTINUOUS
10
7.85585
20
-4.26743
11
7.8563
21
-4.26969
0
LINE
8
BLACK
6
CONTINUOUS
10
7.8563
20
-4.26969
11
7.8563
21
-4.30981
0
LINE
8
BLACK
6
CONTINUOUS
10
7.8563
20
-4.30981
11
7.90748
21
-4.361
0
LINE
8
BLACK
6
CONTINUOUS
10
7.90748
20
-4.361
11
7.90748
21
-4.35925
0
LINE
8
BLACK
6
CONTINUOUS
10
7.90748
20
-4.35925
11
7.90793
21
-4.35699
0
LINE
8
BLACK
6
CONTINUOUS
10
7.90793
20
-4.35699
11
7.90921
21
-4.35508
0
LINE
8
BLACK
6
CONTINUOUS
10
7.90921
20
-4.35508
11
7.91113
21
-4.3538
0
LINE
8
BLACK
6
CONTINUOUS
10
7.91113
20
-4.3538
11
7.91339
21
-4.35335
0
LINE
8
BLACK
6
CONTINUOUS
10
7.91339
20
-4.35335
11
7.9252
21
-4.35335
0
LINE
8
BLACK
6
CONTINUOUS
10
7.9252
20
-4.35335
11
7.92746
21
-4.3538
0
LINE
8
BLACK
6
CONTINUOUS
10
7.92746
20
-4.3538
11
7.92937
21
-4.35508
0
LINE
8
BLACK
6
CONTINUOUS
10
7.92937
20
-4.35508
11
7.93065
21
-4.35699
0
LINE
8
BLACK
6
CONTINUOUS
10
7.93065
20
-4.35699
11
7.9311
21
-4.35925
0
LINE
8
BLACK
6
CONTINUOUS
10
7.9311
20
-4.35925
11
7.9311
21
-4.39961
0
LINE
8
BLACK
6
CONTINUOUS
10
7.9311
20
-4.39961
11
7.93065
21
-4.40187
0
LINE
8
BLACK
6
CONTINUOUS
10
7.93065
20
-4.40187
11
7.92937
21
-4.40378
0
LINE
8
BLACK
6
CONTINUOUS
10
7.92937
20
-4.40378
11
7.92746
21
-4.40506
0
LINE
8
BLACK
6
CONTINUOUS
10
7.92746
20
-4.40506
11
7.9252
21
-4.40551
0
LINE
8
BLACK
6
CONTINUOUS
10
7.9252
20
-4.40551
11
7.91339
21
-4.40551
0
LINE
8
BLACK
6
CONTINUOUS
10
7.91339
20
-4.40551
11
7.91113
21
-4.40506
0
LINE
8
BLACK
6
CONTINUOUS
10
7.91113
20
-4.40506
11
7.90921
21
-4.40378
0
LINE
8
BLACK
6
CONTINUOUS
10
7.90921
20
-4.40378
11
7.90793
21
-4.40187
0
LINE
8
BLACK
6
CONTINUOUS
10
7.90793
20
-4.40187
11
7.90748
21
-4.39961
0
LINE
8
BLACK
6
CONTINUOUS
10
7.90748
20
-4.39961
11
7.90748
21
-4.37492
0
LINE
8
BLACK
6
CONTINUOUS
10
7.90748
20
-4.37492
11
7.84851
21
-4.31594
0
LINE
8
BLACK
6
CONTINUOUS
10
7.84851
20
-4.31594
11
7.83858
21
-4.31594
0
LINE
8
BLACK
6
CONTINUOUS
10
7.83858
20
-4.31594
11
7.83632
21
-4.3155
0
LINE
8
BLACK
6
CONTINUOUS
10
7.83632
20
-4.3155
11
7.83441
21
-4.31422
0
LINE
8
BLACK
6
CONTINUOUS
10
7.83441
20
-4.31422
11
7.83313
21
-4.3123
0
LINE
8
BLACK
6
CONTINUOUS
10
7.83313
20
-4.3123
11
7.83268
21
-4.31004
0
LINE
8
BLACK
6
CONTINUOUS
10
7.83268
20
-4.31004
11
7.83268
21
-4.26969
0
LINE
8
BLACK
6
CONTINUOUS
10
7.83268
20
-4.26969
11
7.83313
21
-4.26743
0
LINE
8
BLACK
6
CONTINUOUS
10
7.83313
20
-4.26743
11
7.83441
21
-4.26551
0
LINE
8
BLACK
6
CONTINUOUS
10
7.83441
20
-4.26551
11
7.83632
21
-4.26423
0
LINE
8
BLACK
6
CONTINUOUS
10
7.83632
20
-4.26423
11
7.83858
21
-4.26378
0
LINE
8
BLACK
6
CONTINUOUS
10
7.83858
20
-4.26378
11
7.83957
21
-4.26378
0
LINE
8
BLACK
6
CONTINUOUS
10
7.83957
20
-4.26378
11
7.83957
21
-4.14377
0
LINE
8
BLACK
6
CONTINUOUS
10
7.83957
20
-4.14377
11
7.82769
21
-4.13189
0
LINE
8
BLACK
6
CONTINUOUS
10
7.82769
20
-4.13189
11
7.79626
21
-4.13189
0
LINE
8
BLACK
6
CONTINUOUS
10
7.79626
20
-4.13189
11
7.79249
21
-4.13114
0
LINE
8
BLACK
6
CONTINUOUS
10
7.79249
20
-4.13114
11
7.7893
21
-4.12901
0
LINE
8
BLACK
6
CONTINUOUS
10
7.7893
20
-4.12901
11
7.78717
21
-4.12581
0
LINE
8
BLACK
6
CONTINUOUS
10
7.78717
20
-4.12581
11
7.78642
21
-4.12205
0
LINE
8
BLACK
6
CONTINUOUS
10
7.78642
20
-4.12205
11
7.78642
21
-4.10236
0
LINE
8
BLACK
6
CONTINUOUS
10
7.78642
20
-4.10236
11
7.78717
21
-4.0986
0
LINE
8
BLACK
6
CONTINUOUS
10
7.78717
20
-4.0986
11
7.7893
21
-4.0954
0
LINE
8
BLACK
6
CONTINUOUS
10
7.7893
20
-4.0954
11
7.79249
21
-4.09327
0
LINE
8
BLACK
6
CONTINUOUS
10
7.79249
20
-4.09327
11
7.79626
21
-4.09252
0
LINE
8
BLACK
6
CONTINUOUS
10
7.79626
20
-4.09252
11
7.83366
21
-4.09252
0
LINE
8
BLACK
6
CONTINUOUS
10
7.83366
20
-4.09252
11
7.83743
21
-4.09327
0
LINE
8
BLACK
6
CONTINUOUS
10
8.1854
20
-4.34492
11
8.18943
21
-4.3468
0
LINE
8
BLACK
6
CONTINUOUS
10
8.18943
20
-4.3468
11
8.19257
21
-4.34994
0
LINE
8
BLACK
6
CONTINUOUS
10
8.19257
20
-4.34994
11
8.19445
21
-4.35397
0
LINE
8
BLACK
6
CONTINUOUS
10
8.19445
20
-4.35397
11
8.19488
21
-4.35728
0
LINE
8
BLACK
6
CONTINUOUS
10
8.19488
20
-4.35728
11
8.19488
21
-4.38287
0
LINE
8
BLACK
6
CONTINUOUS
10
8.19488
20
-4.38287
11
8.19445
21
-4.38619
0
LINE
8
BLACK
6
CONTINUOUS
10
8.19445
20
-4.38619
11
8.19257
21
-4.39021
0
LINE
8
BLACK
6
CONTINUOUS
10
8.19257
20
-4.39021
11
8.18943
21
-4.39336
0
LINE
8
BLACK
6
CONTINUOUS
10
8.18943
20
-4.39336
11
8.1854
21
-4.39523
0
LINE
8
BLACK
6
CONTINUOUS
10
8.1854
20
-4.39523
11
8.18209
21
-4.39567
0
LINE
8
BLACK
6
CONTINUOUS
10
8.18209
20
-4.39567
11
8.1565
21
-4.39567
0
LINE
8
BLACK
6
CONTINUOUS
10
8.1565
20
-4.39567
11
8.15318
21
-4.39523
0
LINE
8
BLACK
6
CONTINUOUS
10
8.15318
20
-4.39523
11
8.14916
21
-4.39336
0
LINE
8
BLACK
6
CONTINUOUS
10
8.14916
20
-4.39336
11
8.14601
21
-4.39021
0
LINE
8
BLACK
6
CONTINUOUS
10
8.14601
20
-4.39021
11
8.14414
21
-4.38619
0
LINE
8
BLACK
6
CONTINUOUS
10
8.14414
20
-4.38619
11
8.1437
21
-4.38287
0
LINE
8
BLACK
6
CONTINUOUS
10
8.1437
20
-4.38287
11
8.1437
21
-4.35728
0
LINE
8
BLACK
6
CONTINUOUS
10
8.1437
20
-4.35728
11
8.14414
21
-4.35397
0
LINE
8
BLACK
6
CONTINUOUS
10
8.14414
20
-4.35397
11
8.14601
21
-4.34994
0
LINE
8
BLACK
6
CONTINUOUS
10
8.14601
20
-4.34994
11
8.14916
21
-4.3468
0
LINE
8
BLACK
6
CONTINUOUS
10
8.14916
20
-4.3468
11
8.15318
21
-4.34492
0
LINE
8
BLACK
6
CONTINUOUS
10
8.15318
20
-4.34492
11
8.1565
21
-4.34449
0
LINE
8
BLACK
6
CONTINUOUS
10
8.1565
20
-4.34449
11
8.18209
21
-4.34449
0
LINE
8
BLACK
6
CONTINUOUS
10
8.18209
20
-4.34449
11
8.1854
21
-4.34492
0
LINE
8
BLACK
6
CONTINUOUS
10
8.00823
20
-4.34492
11
8.01226
21
-4.3468
0
LINE
8
BLACK
6
CONTINUOUS
10
8.01226
20
-4.3468
11
8.0154
21
-4.34994
0
LINE
8
BLACK
6
CONTINUOUS
10
8.0154
20
-4.34994
11
8.01728
21
-4.35397
0
LINE
8
BLACK
6
CONTINUOUS
10
8.01728
20
-4.35397
11
8.01772
21
-4.35728
0
LINE
8
BLACK
6
CONTINUOUS
10
8.01772
20
-4.35728
11
8.01772
21
-4.38287
0
LINE
8
BLACK
6
CONTINUOUS
10
8.01772
20
-4.38287
11
8.01728
21
-4.38619
0
LINE
8
BLACK
6
CONTINUOUS
10
8.01728
20
-4.38619
11
8.0154
21
-4.39021
0
LINE
8
BLACK
6
CONTINUOUS
10
8.0154
20
-4.39021
11
8.01226
21
-4.39336
0
LINE
8
BLACK
6
CONTINUOUS
10
8.01226
20
-4.39336
11
8.00823
21
-4.39523
0
LINE
8
BLACK
6
CONTINUOUS
10
8.00823
20
-4.39523
11
8.00492
21
-4.39567
0
LINE
8
BLACK
6
CONTINUOUS
10
8.00492
20
-4.39567
11
7.97933
21
-4.39567
0
LINE
8
BLACK
6
CONTINUOUS
10
7.97933
20
-4.39567
11
7.97602
21
-4.39523
0
LINE
8
BLACK
6
CONTINUOUS
10
7.97602
20
-4.39523
11
7.97199
21
-4.39336
0
LINE
8
BLACK
6
CONTINUOUS
10
7.97199
20
-4.39336
11
7.96885
21
-4.39021
0
LINE
8
BLACK
6
CONTINUOUS
10
7.96885
20
-4.39021
11
7.96697
21
-4.38619
0
LINE
8
BLACK
6
CONTINUOUS
10
7.96697
20
-4.38619
11
7.96654
21
-4.38287
0
LINE
8
BLACK
6
CONTINUOUS
10
7.96654
20
-4.38287
11
7.96654
21
-4.35728
0
LINE
8
BLACK
6
CONTINUOUS
10
7.96654
20
-4.35728
11
7.96697
21
-4.35397
0
LINE
8
BLACK
6
CONTINUOUS
10
7.96697
20
-4.35397
11
7.96885
21
-4.34994
0
LINE
8
BLACK
6
CONTINUOUS
10
7.96885
20
-4.34994
11
7.97199
21
-4.3468
0
LINE
8
BLACK
6
CONTINUOUS
10
7.97199
20
-4.3468
11
7.97602
21
-4.34492
0
LINE
8
BLACK
6
CONTINUOUS
10
7.97602
20
-4.34492
11
7.97933
21
-4.34449
0
LINE
8
BLACK
6
CONTINUOUS
10
7.97933
20
-4.34449
11
8.00492
21
-4.34449
0
LINE
8
BLACK
6
CONTINUOUS
10
8.00492
20
-4.34449
11
8.00823
21
-4.34492
0
LINE
8
BLACK
6
CONTINUOUS
10
7.77234
20
-4.23117
11
7.77756
21
-4.23313
0
LINE
8
BLACK
6
CONTINUOUS
10
7.77756
20
-4.23313
11
7.78203
21
-4.23647
0
LINE
8
BLACK
6
CONTINUOUS
10
7.78203
20
-4.23647
11
7.78538
21
-4.24094
0
LINE
8
BLACK
6
CONTINUOUS
10
7.78538
20
-4.24094
11
7.78734
21
-4.24617
0
LINE
8
BLACK
6
CONTINUOUS
10
7.78734
20
-4.24617
11
7.7878
21
-4.25039
0
LINE
8
BLACK
6
CONTINUOUS
10
7.7878
20
-4.25039
11
7.7878
21
-4.28976
0
LINE
8
BLACK
6
CONTINUOUS
10
7.7878
20
-4.28976
11
7.78734
21
-4.29399
0
LINE
8
BLACK
6
CONTINUOUS
10
7.78734
20
-4.29399
11
7.78538
21
-4.29922
0
LINE
8
BLACK
6
CONTINUOUS
10
7.78538
20
-4.29922
11
7.78203
21
-4.30368
0
LINE
8
BLACK
6
CONTINUOUS
10
7.78203
20
-4.30368
11
7.77756
21
-4.30703
0
LINE
8
BLACK
6
CONTINUOUS
10
7.77756
20
-4.30703
11
7.77234
21
-4.30899
0
LINE
8
BLACK
6
CONTINUOUS
10
7.77234
20
-4.30899
11
7.76811
21
-4.30945
0
LINE
8
BLACK
6
CONTINUOUS
10
7.76811
20
-4.30945
11
7.72874
21
-4.30945
0
LINE
8
BLACK
6
CONTINUOUS
10
7.72874
20
-4.30945
11
7.72451
21
-4.30899
0
LINE
8
BLACK
6
CONTINUOUS
10
7.72451
20
-4.30899
11
7.71929
21
-4.30703
0
LINE
8
BLACK
6
CONTINUOUS
10
7.71929
20
-4.30703
11
7.71482
21
-4.30368
0
LINE
8
BLACK
6
CONTINUOUS
10
7.71482
20
-4.30368
11
7.71147
21
-4.29922
0
LINE
8
BLACK
6
CONTINUOUS
10
7.71147
20
-4.29922
11
7.70951
21
-4.29399
0
LINE
8
BLACK
6
CONTINUOUS
10
7.70951
20
-4.29399
11
7.70906
21
-4.28976
0
LINE
8
BLACK
6
CONTINUOUS
10
7.70906
20
-4.28976
11
7.70906
21
-4.27657
0
LINE
8
BLACK
6
CONTINUOUS
10
7.70906
20
-4.27657
11
7.68209
21
-4.27657
0
LINE
8
BLACK
6
CONTINUOUS
10
7.68209
20
-4.27657
11
7.68209
21
-4.2815
0
LINE
8
BLACK
6
CONTINUOUS
10
7.68209
20
-4.2815
11
7.68141
21
-4.28489
0
LINE
8
BLACK
6
CONTINUOUS
10
7.68141
20
-4.28489
11
7.67949
21
-4.28776
0
LINE
8
BLACK
6
CONTINUOUS
10
7.67949
20
-4.28776
11
7.67662
21
-4.28968
0
LINE
8
BLACK
6
CONTINUOUS
10
7.67662
20
-4.28968
11
7.67323
21
-4.29035
0
LINE
8
BLACK
6
CONTINUOUS
10
7.67323
20
-4.29035
11
7.66929
21
-4.29035
0
LINE
8
BLACK
6
CONTINUOUS
10
7.66929
20
-4.29035
11
7.66929
21
-4.31594
0
LINE
8
BLACK
6
CONTINUOUS
10
7.66929
20
-4.31594
11
7.67323
21
-4.31594
0
LINE
8
BLACK
6
CONTINUOUS
10
7.67323
20
-4.31594
11
7.67662
21
-4.31662
0
LINE
8
BLACK
6
CONTINUOUS
10
7.67662
20
-4.31662
11
7.67949
21
-4.31854
0
LINE
8
BLACK
6
CONTINUOUS
10
7.67949
20
-4.31854
11
7.68141
21
-4.32141
0
LINE
8
BLACK
6
CONTINUOUS
10
7.68141
20
-4.32141
11
7.68209
21
-4.3248
0
LINE
8
BLACK
6
CONTINUOUS
10
7.68209
20
-4.3248
11
7.68209
21
-4.34449
0
LINE
8
BLACK
6
CONTINUOUS
10
7.68209
20
-4.34449
11
7.68141
21
-4.34788
0
LINE
8
BLACK
6
CONTINUOUS
10
7.68141
20
-4.34788
11
7.67949
21
-4.35075
0
LINE
8
BLACK
6
CONTINUOUS
10
7.67949
20
-4.35075
11
7.67662
21
-4.35267
0
LINE
8
BLACK
6
CONTINUOUS
10
7.67662
20
-4.35267
11
7.67323
21
-4.35335
0
LINE
8
BLACK
6
CONTINUOUS
10
7.67323
20
-4.35335
11
7.65551
21
-4.35335
0
LINE
8
BLACK
6
CONTINUOUS
10
7.65551
20
-4.35335
11
7.65212
21
-4.35267
0
LINE
8
BLACK
6
CONTINUOUS
10
7.65212
20
-4.35267
11
7.64925
21
-4.35075
0
LINE
8
BLACK
6
CONTINUOUS
10
7.64925
20
-4.35075
11
7.64733
21
-4.34788
0
LINE
8
BLACK
6
CONTINUOUS
10
7.64733
20
-4.34788
11
7.64665
21
-4.34449
0
LINE
8
BLACK
6
CONTINUOUS
10
7.64665
20
-4.34449
11
7.64665
21
-4.3248
0
LINE
8
BLACK
6
CONTINUOUS
10
7.64665
20
-4.3248
11
7.64733
21
-4.32141
0
LINE
8
BLACK
6
CONTINUOUS
10
7.64733
20
-4.32141
11
7.64925
21
-4.31854
0
LINE
8
BLACK
6
CONTINUOUS
10
7.64925
20
-4.31854
11
7.65212
21
-4.31662
0
LINE
8
BLACK
6
CONTINUOUS
10
7.65212
20
-4.31662
11
7.65551
21
-4.31594
0
LINE
8
BLACK
6
CONTINUOUS
10
7.65551
20
-4.31594
11
7.65945
21
-4.31594
0
LINE
8
BLACK
6
CONTINUOUS
10
7.65945
20
-4.31594
11
7.65945
21
-4.29035
0
LINE
8
BLACK
6
CONTINUOUS
10
7.65945
20
-4.29035
11
7.65551
21
-4.29035
0
LINE
8
BLACK
6
CONTINUOUS
10
7.65551
20
-4.29035
11
7.65212
21
-4.28968
0
LINE
8
BLACK
6
CONTINUOUS
10
7.65212
20
-4.28968
11
7.64925
21
-4.28776
0
LINE
8
BLACK
6
CONTINUOUS
10
7.64925
20
-4.28776
11
7.64733
21
-4.28489
0
LINE
8
BLACK
6
CONTINUOUS
10
7.64733
20
-4.28489
11
7.64665
21
-4.2815
0
LINE
8
BLACK
6
CONTINUOUS
10
7.64665
20
-4.2815
11
7.64665
21
-4.26181
0
LINE
8
BLACK
6
CONTINUOUS
10
7.64665
20
-4.26181
11
7.64733
21
-4.25842
0
LINE
8
BLACK
6
CONTINUOUS
10
7.64733
20
-4.25842
11
7.64925
21
-4.25555
0
LINE
8
BLACK
6
CONTINUOUS
10
7.64925
20
-4.25555
11
7.65212
21
-4.25363
0
LINE
8
BLACK
6
CONTINUOUS
10
7.65212
20
-4.25363
11
7.65551
21
-4.25295
0
LINE
8
BLACK
6
CONTINUOUS
10
7.65551
20
-4.25295
11
7.67323
21
-4.25295
0
LINE
8
BLACK
6
CONTINUOUS
10
7.67323
20
-4.25295
11
7.67662
21
-4.25363
0
LINE
8
BLACK
6
CONTINUOUS
10
7.67662
20
-4.25363
11
7.67949
21
-4.25555
0
LINE
8
BLACK
6
CONTINUOUS
10
7.67949
20
-4.25555
11
7.68141
21
-4.25842
0
LINE
8
BLACK
6
CONTINUOUS
10
7.68141
20
-4.25842
11
7.68209
21
-4.26181
0
LINE
8
BLACK
6
CONTINUOUS
10
7.68209
20
-4.26181
11
7.68209
21
-4.26673
0
LINE
8
BLACK
6
CONTINUOUS
10
7.68209
20
-4.26673
11
7.70906
21
-4.26673
0
LINE
8
BLACK
6
CONTINUOUS
10
7.70906
20
-4.26673
11
7.70906
21
-4.25039
0
LINE
8
BLACK
6
CONTINUOUS
10
7.70906
20
-4.25039
11
7.70951
21
-4.24617
0
LINE
8
BLACK
6
CONTINUOUS
10
7.70951
20
-4.24617
11
7.71147
21
-4.24094
0
LINE
8
BLACK
6
CONTINUOUS
10
7.71147
20
-4.24094
11
7.71482
21
-4.23647
0
LINE
8
BLACK
6
CONTINUOUS
10
7.71482
20
-4.23647
11
7.71929
21
-4.23313
0
LINE
8
BLACK
6
CONTINUOUS
10
7.71929
20
-4.23313
11
7.72451
21
-4.23117
0
LINE
8
BLACK
6
CONTINUOUS
10
7.72451
20
-4.23117
11
7.72874
21
-4.23071
0
LINE
8
BLACK
6
CONTINUOUS
10
7.72874
20
-4.23071
11
7.76811
21
-4.23071
0
LINE
8
BLACK
6
CONTINUOUS
10
7.76811
20
-4.23071
11
7.77234
21
-4.23117
0
LINE
8
BLACK
6
CONTINUOUS
10
8.1854
20
-4.26618
11
8.18943
21
-4.26806
0
LINE
8
BLACK
6
CONTINUOUS
10
8.18943
20
-4.26806
11
8.19257
21
-4.2712
0
LINE
8
BLACK
6
CONTINUOUS
10
8.19257
20
-4.2712
11
8.19445
21
-4.27523
0
LINE
8
BLACK
6
CONTINUOUS
10
8.19445
20
-4.27523
11
8.19488
21
-4.27854
0
LINE
8
BLACK
6
CONTINUOUS
10
8.19488
20
-4.27854
11
8.19488
21
-4.30413
0
LINE
8
BLACK
6
CONTINUOUS
10
8.19488
20
-4.30413
11
8.19457
21
-4.3065
0
LINE
8
BLACK
6
CONTINUOUS
10
8.19457
20
-4.3065
11
8.21575
21
-4.3065
0
LINE
8
BLACK
6
CONTINUOUS
10
8.21575
20
-4.3065
11
8.21575
21
-4.3061
0
LINE
8
BLACK
6
CONTINUOUS
10
8.21575
20
-4.3061
11
8.21615
21
-4.30407
0
LINE
8
BLACK
6
CONTINUOUS
10
8.21615
20
-4.30407
11
8.2173
21
-4.30234
0
LINE
8
BLACK
6
CONTINUOUS
10
8.2173
20
-4.30234
11
8.21903
21
-4.30119
0
LINE
8
BLACK
6
CONTINUOUS
10
8.21903
20
-4.30119
11
8.22106
21
-4.30079
0
LINE
8
BLACK
6
CONTINUOUS
10
8.22106
20
-4.30079
11
8.23563
21
-4.30079
0
LINE
8
BLACK
6
CONTINUOUS
10
8.23563
20
-4.30079
11
8.23766
21
-4.30119
0
LINE
8
BLACK
6
CONTINUOUS
10
8.23766
20
-4.30119
11
8.23939
21
-4.30234
0
LINE
8
BLACK
6
CONTINUOUS
10
8.23939
20
-4.30234
11
8.24054
21
-4.30407
0
LINE
8
BLACK
6
CONTINUOUS
10
8.24054
20
-4.30407
11
8.24094
21
-4.3061
0
LINE
8
BLACK
6
CONTINUOUS
10
8.24094
20
-4.3061
11
8.24094
21
-4.31673
0
LINE
8
BLACK
6
CONTINUOUS
10
8.24094
20
-4.31673
11
8.24054
21
-4.31877
0
LINE
8
BLACK
6
CONTINUOUS
10
8.24054
20
-4.31877
11
8.23939
21
-4.32049
0
LINE
8
BLACK
6
CONTINUOUS
10
8.23939
20
-4.32049
11
8.23766
21
-4.32164
0
LINE
8
BLACK
6
CONTINUOUS
10
8.23766
20
-4.32164
11
8.23563
21
-4.32205
0
LINE
8
BLACK
6
CONTINUOUS
10
8.23563
20
-4.32205
11
8.22106
21
-4.32205
0
LINE
8
BLACK
6
CONTINUOUS
10
8.22106
20
-4.32205
11
8.21903
21
-4.32164
0
LINE
8
BLACK
6
CONTINUOUS
10
8.21903
20
-4.32164
11
8.2173
21
-4.32049
0
LINE
8
BLACK
6
CONTINUOUS
10
8.2173
20
-4.32049
11
8.21615
21
-4.31877
0
LINE
8
BLACK
6
CONTINUOUS
10
8.21615
20
-4.31877
11
8.21575
21
-4.31673
0
LINE
8
BLACK
6
CONTINUOUS
10
8.21575
20
-4.31673
11
8.21575
21
-4.31634
0
LINE
8
BLACK
6
CONTINUOUS
10
8.21575
20
-4.31634
11
8.18937
21
-4.31634
0
LINE
8
BLACK
6
CONTINUOUS
10
8.18937
20
-4.31634
11
8.1885
21
-4.31621
0
LINE
8
BLACK
6
CONTINUOUS
10
8.1885
20
-4.31621
11
8.18832
21
-4.31623
0
LINE
8
BLACK
6
CONTINUOUS
10
8.18832
20
-4.31623
11
8.18822
21
-4.31617
0
LINE
8
BLACK
6
CONTINUOUS
10
8.18822
20
-4.31617
11
8.18797
21
-4.31614
0
LINE
8
BLACK
6
CONTINUOUS
10
8.18797
20
-4.31614
11
8.18721
21
-4.31565
0
LINE
8
BLACK
6
CONTINUOUS
10
8.18721
20
-4.31565
11
8.1854
21
-4.31649
0
LINE
8
BLACK
6
CONTINUOUS
10
8.1854
20
-4.31649
11
8.18209
21
-4.31693
0
LINE
8
BLACK
6
CONTINUOUS
10
8.18209
20
-4.31693
11
8.1565
21
-4.31693
0
LINE
8
BLACK
6
CONTINUOUS
10
8.1565
20
-4.31693
11
8.15318
21
-4.31649
0
LINE
8
BLACK
6
CONTINUOUS
10
8.15318
20
-4.31649
11
8.14916
21
-4.31462
0
LINE
8
BLACK
6
CONTINUOUS
10
8.14916
20
-4.31462
11
8.14601
21
-4.31147
0
LINE
8
BLACK
6
CONTINUOUS
10
8.14601
20
-4.31147
11
8.14414
21
-4.30745
0
LINE
8
BLACK
6
CONTINUOUS
10
8.14414
20
-4.30745
11
8.1437
21
-4.30413
0
LINE
8
BLACK
6
CONTINUOUS
10
8.1437
20
-4.30413
11
8.1437
21
-4.27854
0
LINE
8
BLACK
6
CONTINUOUS
10
8.1437
20
-4.27854
11
8.14414
21
-4.27523
0
LINE
8
BLACK
6
CONTINUOUS
10
8.14414
20
-4.27523
11
8.14601
21
-4.2712
0
LINE
8
BLACK
6
CONTINUOUS
10
8.14601
20
-4.2712
11
8.14916
21
-4.26806
0
LINE
8
BLACK
6
CONTINUOUS
10
8.14916
20
-4.26806
11
8.15318
21
-4.26618
0
LINE
8
BLACK
6
CONTINUOUS
10
8.15318
20
-4.26618
11
8.1565
21
-4.26575
0
LINE
8
BLACK
6
CONTINUOUS
10
8.1565
20
-4.26575
11
8.18209
21
-4.26575
0
LINE
8
BLACK
6
CONTINUOUS
10
8.18209
20
-4.26575
11
8.1854
21
-4.26618
0
LINE
8
BLACK
6
CONTINUOUS
10
8.00823
20
-4.26618
11
8.01226
21
-4.26806
0
LINE
8
BLACK
6
CONTINUOUS
10
8.01226
20
-4.26806
11
8.0154
21
-4.2712
0
LINE
8
BLACK
6
CONTINUOUS
10
8.0154
20
-4.2712
11
8.01728
21
-4.27523
0
LINE
8
BLACK
6
CONTINUOUS
10
8.01728
20
-4.27523
11
8.01772
21
-4.27854
0
LINE
8
BLACK
6
CONTINUOUS
10
8.01772
20
-4.27854
11
8.01772
21
-4.30413
0
LINE
8
BLACK
6
CONTINUOUS
10
8.01772
20
-4.30413
11
8.01728
21
-4.30745
0
LINE
8
BLACK
6
CONTINUOUS
10
8.01728
20
-4.30745
11
8.0154
21
-4.31147
0
LINE
8
BLACK
6
CONTINUOUS
10
8.0154
20
-4.31147
11
8.01226
21
-4.31462
0
LINE
8
BLACK
6
CONTINUOUS
10
8.01226
20
-4.31462
11
8.00823
21
-4.31649
0
LINE
8
BLACK
6
CONTINUOUS
10
8.00823
20
-4.31649
11
8.00492
21
-4.31693
0
LINE
8
BLACK
6
CONTINUOUS
10
8.00492
20
-4.31693
11
7.97933
21
-4.31693
0
LINE
8
BLACK
6
CONTINUOUS
10
7.97933
20
-4.31693
11
7.97602
21
-4.31649
0
LINE
8
BLACK
6
CONTINUOUS
10
7.97602
20
-4.31649
11
7.97199
21
-4.31462
0
LINE
8
BLACK
6
CONTINUOUS
10
7.97199
20
-4.31462
11
7.96885
21
-4.31147
0
LINE
8
BLACK
6
CONTINUOUS
10
7.96885
20
-4.31147
11
7.96697
21
-4.30745
0
LINE
8
BLACK
6
CONTINUOUS
10
7.96697
20
-4.30745
11
7.96654
21
-4.30413
0
LINE
8
BLACK
6
CONTINUOUS
10
7.96654
20
-4.30413
11
7.96654
21
-4.27854
0
LINE
8
BLACK
6
CONTINUOUS
10
7.96654
20
-4.27854
11
7.96697
21
-4.27523
0
LINE
8
BLACK
6
CONTINUOUS
10
7.96697
20
-4.27523
11
7.96885
21
-4.2712
0
LINE
8
BLACK
6
CONTINUOUS
10
7.96885
20
-4.2712
11
7.97199
21
-4.26806
0
LINE
8
BLACK
6
CONTINUOUS
10
7.97199
20
-4.26806
11
7.97602
21
-4.26618
0
LINE
8
BLACK
6
CONTINUOUS
10
7.97602
20
-4.26618
11
7.97933
21
-4.26575
0
LINE
8
BLACK
6
CONTINUOUS
10
7.97933
20
-4.26575
11
8.00492
21
-4.26575
0
LINE
8
BLACK
6
CONTINUOUS
10
8.00492
20
-4.26575
11
8.00823
21
-4.26618
0
LINE
8
BLACK
6
CONTINUOUS
10
7.87173
20
-4.11765
11
7.87199
21
-4.11789
0
LINE
8
BLACK
6
CONTINUOUS
10
7.87199
20
-4.11789
11
7.92424
21
-4.17014
0
LINE
8
BLACK
6
CONTINUOUS
10
7.92424
20
-4.17014
11
7.92558
21
-4.17259
0
LINE
8
BLACK
6
CONTINUOUS
10
7.92558
20
-4.17259
11
7.92555
21
-4.17481
0
LINE
8
BLACK
6
CONTINUOUS
10
7.92555
20
-4.17481
11
7.92344
21
-4.18359
0
LINE
8
BLACK
6
CONTINUOUS
10
7.92344
20
-4.18359
11
7.92271
21
-4.19291
0
LINE
8
BLACK
6
CONTINUOUS
10
7.92271
20
-4.19291
11
7.92344
21
-4.20223
0
LINE
8
BLACK
6
CONTINUOUS
10
7.92344
20
-4.20223
11
7.92349
21
-4.20242
0
LINE
8
BLACK
6
CONTINUOUS
10
7.92349
20
-4.20242
11
7.92349
21
-4.20242
0
LINE
8
BLACK
6
CONTINUOUS
10
7.92349
20
-4.20242
11
7.92471
21
-4.2075
0
LINE
8
BLACK
6
CONTINUOUS
10
7.92471
20
-4.2075
11
7.92563
21
-4.21132
0
LINE
8
BLACK
6
CONTINUOUS
10
7.92563
20
-4.21132
11
7.9257
21
-4.2115
0
LINE
8
BLACK
6
CONTINUOUS
10
7.9257
20
-4.2115
11
7.9257
21
-4.2115
0
LINE
8
BLACK
6
CONTINUOUS
10
7.9257
20
-4.2115
11
7.92911
21
-4.21974
0
LINE
8
BLACK
6
CONTINUOUS
10
7.92911
20
-4.21974
11
7.9292
21
-4.21996
0
LINE
8
BLACK
6
CONTINUOUS
10
7.9292
20
-4.21996
11
7.9293
21
-4.22013
0
LINE
8
BLACK
6
CONTINUOUS
10
7.9293
20
-4.22013
11
7.93399
21
-4.22776
0
LINE
8
BLACK
6
CONTINUOUS
10
7.93399
20
-4.22776
11
7.93399
21
-4.22776
0
LINE
8
BLACK
6
CONTINUOUS
10
7.93399
20
-4.22776
11
7.93409
21
-4.22793
0
LINE
8
BLACK
6
CONTINUOUS
10
7.93409
20
-4.22793
11
7.94016
21
-4.23504
0
LINE
8
BLACK
6
CONTINUOUS
10
7.94016
20
-4.23504
11
7.94031
21
-4.23516
0
LINE
8
BLACK
6
CONTINUOUS
10
7.94031
20
-4.23516
11
7.94055
21
-4.23537
0
LINE
8
BLACK
6
CONTINUOUS
10
7.94055
20
-4.23537
11
7.94727
21
-4.24111
0
LINE
8
BLACK
6
CONTINUOUS
10
7.94727
20
-4.24111
11
7.94743
21
-4.24121
0
LINE
8
BLACK
6
CONTINUOUS
10
7.94743
20
-4.24121
11
7.94743
21
-4.24121
0
LINE
8
BLACK
6
CONTINUOUS
10
7.94743
20
-4.24121
11
7.95298
21
-4.24461
0
LINE
8
BLACK
6
CONTINUOUS
10
7.95298
20
-4.24461
11
7.95524
21
-4.24599
0
LINE
8
BLACK
6
CONTINUOUS
10
7.95524
20
-4.24599
11
7.95542
21
-4.24607
0
LINE
8
BLACK
6
CONTINUOUS
10
7.95542
20
-4.24607
11
7.95542
21
-4.24607
0
LINE
8
BLACK
6
CONTINUOUS
10
7.95542
20
-4.24607
11
7.95556
21
-4.24613
0
LINE
8
BLACK
6
CONTINUOUS
10
7.95556
20
-4.24613
11
7.95774
21
-4.24788
0
LINE
8
BLACK
6
CONTINUOUS
10
7.95774
20
-4.24788
11
7.95862
21
-4.25053
0
LINE
8
BLACK
6
CONTINUOUS
10
7.95862
20
-4.25053
11
7.95793
21
-4.25324
0
LINE
8
BLACK
6
CONTINUOUS
10
7.95793
20
-4.25324
11
7.95677
21
-4.25458
0
LINE
8
BLACK
6
CONTINUOUS
10
7.95677
20
-4.25458
11
7.95599
21
-4.2552
0
LINE
8
BLACK
6
CONTINUOUS
10
7.95599
20
-4.2552
11
7.95582
21
-4.25541
0
LINE
8
BLACK
6
CONTINUOUS
10
7.95582
20
-4.25541
11
7.95516
21
-4.25624
0
LINE
8
BLACK
6
CONTINUOUS
10
7.95516
20
-4.25624
11
7.95286
21
-4.25784
0
LINE
8
BLACK
6
CONTINUOUS
10
7.95286
20
-4.25784
11
7.95007
21
-4.25794
0
LINE
8
BLACK
6
CONTINUOUS
10
7.95007
20
-4.25794
11
7.94766
21
-4.25652
0
LINE
8
BLACK
6
CONTINUOUS
10
7.94766
20
-4.25652
11
7.94702
21
-4.25566
0
LINE
8
BLACK
6
CONTINUOUS
10
7.94702
20
-4.25566
11
7.94688
21
-4.25541
0
LINE
8
BLACK
6
CONTINUOUS
10
7.94688
20
-4.25541
11
7.94584
21
-4.25367
0
LINE
8
BLACK
6
CONTINUOUS
10
7.94584
20
-4.25367
11
7.94121
21
-4.24904
0
LINE
8
BLACK
6
CONTINUOUS
10
7.94121
20
-4.24904
11
7.94094
21
-4.24888
0
LINE
8
BLACK
6
CONTINUOUS
10
7.94094
20
-4.24888
11
7.94094
21
-4.24888
0
LINE
8
BLACK
6
CONTINUOUS
10
7.94094
20
-4.24888
11
7.93599
21
-4.24595
0
LINE
8
BLACK
6
CONTINUOUS
10
7.93599
20
-4.24595
11
7.93557
21
-4.2457
0
LINE
8
BLACK
6
CONTINUOUS
10
7.93557
20
-4.2457
11
7.93528
21
-4.24562
0
LINE
8
BLACK
6
CONTINUOUS
10
7.93528
20
-4.24562
11
7.93528
21
-4.24562
0
LINE
8
BLACK
6
CONTINUOUS
10
7.93528
20
-4.24562
11
7.93114
21
-4.24441
0
LINE
8
BLACK
6
CONTINUOUS
10
7.93114
20
-4.24441
11
7.92928
21
-4.24388
0
LINE
8
BLACK
6
CONTINUOUS
10
7.92928
20
-4.24388
11
7.92903
21
-4.24386
0
LINE
8
BLACK
6
CONTINUOUS
10
7.92903
20
-4.24386
11
7.92903
21
-4.24386
0
LINE
8
BLACK
6
CONTINUOUS
10
7.92903
20
-4.24386
11
7.92791
21
-4.24377
0
LINE
8
BLACK
6
CONTINUOUS
10
7.92791
20
-4.24377
11
7.92791
21
-4.24377
0
LINE
8
BLACK
6
CONTINUOUS
10
7.92791
20
-4.24377
11
7.92782
21
-4.24376
0
LINE
8
BLACK
6
CONTINUOUS
10
7.92782
20
-4.24376
11
7.91077
21
-4.24376
0
LINE
8
BLACK
6
CONTINUOUS
10
7.91077
20
-4.24376
11
7.91067
21
-4.24377
0
LINE
8
BLACK
6
CONTINUOUS
10
7.91067
20
-4.24377
11
7.91067
21
-4.24377
0
LINE
8
BLACK
6
CONTINUOUS
10
7.91067
20
-4.24377
11
7.90955
21
-4.24386
0
LINE
8
BLACK
6
CONTINUOUS
10
7.90955
20
-4.24386
11
7.90955
21
-4.24386
0
LINE
8
BLACK
6
CONTINUOUS
10
7.90955
20
-4.24386
11
7.9093
21
-4.24388
0
LINE
8
BLACK
6
CONTINUOUS
10
7.9093
20
-4.24388
11
7.90745
21
-4.24441
0
LINE
8
BLACK
6
CONTINUOUS
10
7.90745
20
-4.24441
11
7.90331
21
-4.24562
0
LINE
8
BLACK
6
CONTINUOUS
10
7.90331
20
-4.24562
11
7.90331
21
-4.24562
0
LINE
8
BLACK
6
CONTINUOUS
10
7.90331
20
-4.24562
11
7.90301
21
-4.2457
0
LINE
8
BLACK
6
CONTINUOUS
10
7.90301
20
-4.2457
11
7.90274
21
-4.24586
0
LINE
8
BLACK
6
CONTINUOUS
10
7.90274
20
-4.24586
11
7.90254
21
-4.24595
0
LINE
8
BLACK
6
CONTINUOUS
10
7.90254
20
-4.24595
11
7.89976
21
-4.24629
0
LINE
8
BLACK
6
CONTINUOUS
10
7.89976
20
-4.24629
11
7.8986
21
-4.24595
0
LINE
8
BLACK
6
CONTINUOUS
10
7.8986
20
-4.24595
11
7.89787
21
-4.24563
0
LINE
8
BLACK
6
CONTINUOUS
10
7.89787
20
-4.24563
11
7.89257
21
-4.2441
0
LINE
8
BLACK
6
CONTINUOUS
10
7.89257
20
-4.2441
11
7.89202
21
-4.2441
0
LINE
8
BLACK
6
CONTINUOUS
10
7.89202
20
-4.2441
11
7.89189
21
-4.24438
0
LINE
8
BLACK
6
CONTINUOUS
10
7.89189
20
-4.24438
11
7.89189
21
-4.25375
0
LINE
8
BLACK
6
CONTINUOUS
10
7.89189
20
-4.25375
11
7.8912
21
-4.25627
0
LINE
8
BLACK
6
CONTINUOUS
10
7.8912
20
-4.25627
11
7.8894
21
-4.25931
0
LINE
8
BLACK
6
CONTINUOUS
10
7.8894
20
-4.25931
11
7.88932
21
-4.25961
0
LINE
8
BLACK
6
CONTINUOUS
10
7.88932
20
-4.25961
11
7.88932
21
-4.25961
0
LINE
8
BLACK
6
CONTINUOUS
10
7.88932
20
-4.25961
11
7.88902
21
-4.26063
0
LINE
8
BLACK
6
CONTINUOUS
10
7.88902
20
-4.26063
11
7.88809
21
-4.26384
0
LINE
8
BLACK
6
CONTINUOUS
10
7.88809
20
-4.26384
11
7.89006
21
-4.26423
0
LINE
8
BLACK
6
CONTINUOUS
10
7.89006
20
-4.26423
11
7.89197
21
-4.26551
0
LINE
8
BLACK
6
CONTINUOUS
10
7.89197
20
-4.26551
11
7.89325
21
-4.26743
0
LINE
8
BLACK
6
CONTINUOUS
10
7.89325
20
-4.26743
11
7.8937
21
-4.26969
0
LINE
8
BLACK
6
CONTINUOUS
10
7.8937
20
-4.26969
11
7.8937
21
-4.31004
0
LINE
8
BLACK
6
CONTINUOUS
10
7.8937
20
-4.31004
11
7.89325
21
-4.3123
0
LINE
8
BLACK
6
CONTINUOUS
10
7.89325
20
-4.3123
11
7.89197
21
-4.31422
0
LINE
8
BLACK
6
CONTINUOUS
10
7.89197
20
-4.31422
11
7.89006
21
-4.3155
0
LINE
8
BLACK
6
CONTINUOUS
10
7.89006
20
-4.3155
11
7.8878
21
-4.31594
0
LINE
8
BLACK
6
CONTINUOUS
10
7.8878
20
-4.31594
11
7.87598
21
-4.31594
0
LINE
8
BLACK
6
CONTINUOUS
10
7.87598
20
-4.31594
11
7.87372
21
-4.3155
0
LINE
8
BLACK
6
CONTINUOUS
10
7.87372
20
-4.3155
11
7.87181
21
-4.31422
0
LINE
8
BLACK
6
CONTINUOUS
10
7.87181
20
-4.31422
11
7.87053
21
-4.3123
0
LINE
8
BLACK
6
CONTINUOUS
10
7.87053
20
-4.3123
11
7.87008
21
-4.31004
0
LINE
8
BLACK
6
CONTINUOUS
10
7.87008
20
-4.31004
11
7.87008
21
-4.26969
0
LINE
8
BLACK
6
CONTINUOUS
10
7.87008
20
-4.26969
11
7.87053
21
-4.26743
0
LINE
8
BLACK
6
CONTINUOUS
10
7.87053
20
-4.26743
11
7.87181
21
-4.26551
0
LINE
8
BLACK
6
CONTINUOUS
10
7.87181
20
-4.26551
11
7.87372
21
-4.26423
0
LINE
8
BLACK
6
CONTINUOUS
10
7.87372
20
-4.26423
11
7.87569
21
-4.26384
0
LINE
8
BLACK
6
CONTINUOUS
10
7.87569
20
-4.26384
11
7.87476
21
-4.26063
0
LINE
8
BLACK
6
CONTINUOUS
10
7.87476
20
-4.26063
11
7.87446
21
-4.25961
0
LINE
8
BLACK
6
CONTINUOUS
10
7.87446
20
-4.25961
11
7.87446
21
-4.25961
0
LINE
8
BLACK
6
CONTINUOUS
10
7.87446
20
-4.25961
11
7.87438
21
-4.25931
0
LINE
8
BLACK
6
CONTINUOUS
10
7.87438
20
-4.25931
11
7.87258
21
-4.25627
0
LINE
8
BLACK
6
CONTINUOUS
10
7.87258
20
-4.25627
11
7.87189
21
-4.25375
0
LINE
8
BLACK
6
CONTINUOUS
10
7.87189
20
-4.25375
11
7.87189
21
-4.24461
0
LINE
8
BLACK
6
CONTINUOUS
10
7.87189
20
-4.24461
11
7.87171
21
-4.24401
0
LINE
8
BLACK
6
CONTINUOUS
10
7.87171
20
-4.24401
11
7.87114
21
-4.24352
0
LINE
8
BLACK
6
CONTINUOUS
10
7.87114
20
-4.24352
11
7.86963
21
-4.24116
0
LINE
8
BLACK
6
CONTINUOUS
10
7.86963
20
-4.24116
11
7.86943
21
-4.23977
0
LINE
8
BLACK
6
CONTINUOUS
10
7.86943
20
-4.23977
11
7.86943
21
-4.14483
0
LINE
8
BLACK
6
CONTINUOUS
10
7.86943
20
-4.14483
11
7.86945
21
-4.14439
0
LINE
8
BLACK
6
CONTINUOUS
10
7.86945
20
-4.14439
11
7.86952
21
-4.1441
0
LINE
8
BLACK
6
CONTINUOUS
10
7.86952
20
-4.1441
11
7.86944
21
-4.1418
0
LINE
8
BLACK
6
CONTINUOUS
10
7.86944
20
-4.1418
11
7.86943
21
-4.14142
0
LINE
8
BLACK
6
CONTINUOUS
10
7.86943
20
-4.14142
11
7.86943
21
-4.14126
0
LINE
8
BLACK
6
CONTINUOUS
10
7.86943
20
-4.14126
11
7.86943
21
-4.14016
0
LINE
8
BLACK
6
CONTINUOUS
10
7.86943
20
-4.14016
11
7.86941
21
-4.14001
0
LINE
8
BLACK
6
CONTINUOUS
10
7.86941
20
-4.14001
11
7.86937
21
-4.13954
0
LINE
8
BLACK
6
CONTINUOUS
10
7.86937
20
-4.13954
11
7.86933
21
-4.13811
0
LINE
8
BLACK
6
CONTINUOUS
10
7.86933
20
-4.13811
11
7.86932
21
-4.1378
0
LINE
8
BLACK
6
CONTINUOUS
10
7.86932
20
-4.1378
11
7.8691
21
-4.13703
0
LINE
8
BLACK
6
CONTINUOUS
10
7.8691
20
-4.13703
11
7.86894
21
-4.13627
0
LINE
8
BLACK
6
CONTINUOUS
10
7.86894
20
-4.13627
11
7.86888
21
-4.13579
0
LINE
8
BLACK
6
CONTINUOUS
10
7.86888
20
-4.13579
11
7.86884
21
-4.13548
0
LINE
8
BLACK
6
CONTINUOUS
10
7.86884
20
-4.13548
11
7.86872
21
-4.13519
0
LINE
8
BLACK
6
CONTINUOUS
10
7.86872
20
-4.13519
11
7.8682
21
-4.13386
0
LINE
8
BLACK
6
CONTINUOUS
10
7.8682
20
-4.13386
11
7.86805
21
-4.13342
0
LINE
8
BLACK
6
CONTINUOUS
10
7.86805
20
-4.13342
11
7.86802
21
-4.13333
0
LINE
8
BLACK
6
CONTINUOUS
10
7.86802
20
-4.13333
11
7.86756
21
-4.13175
0
LINE
8
BLACK
6
CONTINUOUS
10
7.86756
20
-4.13175
11
7.8674
21
-4.13148
0
LINE
8
BLACK
6
CONTINUOUS
10
7.8674
20
-4.13148
11
7.8674
21
-4.13148
0
LINE
8
BLACK
6
CONTINUOUS
10
7.8674
20
-4.13148
11
7.86715
21
-4.13106
0
LINE
8
BLACK
6
CONTINUOUS
10
7.86715
20
-4.13106
11
7.86681
21
-4.13036
0
LINE
8
BLACK
6
CONTINUOUS
10
7.86681
20
-4.13036
11
7.86663
21
-4.12991
0
LINE
8
BLACK
6
CONTINUOUS
10
7.86663
20
-4.12991
11
7.86663
21
-4.12991
0
LINE
8
BLACK
6
CONTINUOUS
10
7.86663
20
-4.12991
11
7.86652
21
-4.12962
0
LINE
8
BLACK
6
CONTINUOUS
10
7.86652
20
-4.12962
11
7.8655
21
-4.12821
0
LINE
8
BLACK
6
CONTINUOUS
10
7.8655
20
-4.12821
11
7.86524
21
-4.12782
0
LINE
8
BLACK
6
CONTINUOUS
10
7.86524
20
-4.12782
11
7.86435
21
-4.12632
0
LINE
8
BLACK
6
CONTINUOUS
10
7.86435
20
-4.12632
11
7.86442
21
-4.12629
0
LINE
8
BLACK
6
CONTINUOUS
10
7.86442
20
-4.12629
11
7.86354
21
-4.12406
0
LINE
8
BLACK
6
CONTINUOUS
10
7.86354
20
-4.12406
11
7.86352
21
-4.12362
0
LINE
8
BLACK
6
CONTINUOUS
10
7.86352
20
-4.12362
11
7.86352
21
-4.1214
0
LINE
8
BLACK
6
CONTINUOUS
10
7.86352
20
-4.1214
11
7.86431
21
-4.11872
0
LINE
8
BLACK
6
CONTINUOUS
10
7.86431
20
-4.11872
11
7.86642
21
-4.11689
0
LINE
8
BLACK
6
CONTINUOUS
10
7.86642
20
-4.11689
11
7.86919
21
-4.11649
0
LINE
8
BLACK
6
CONTINUOUS
10
7.86919
20
-4.11649
11
7.87173
21
-4.11765
0
LINE
8
BLACK
6
CONTINUOUS
10
7.83743
20
-4.01847
11
7.84062
21
-4.0206
0
LINE
8
BLACK
6
CONTINUOUS
10
7.84062
20
-4.0206
11
7.84275
21
-4.02379
0
LINE
8
BLACK
6
CONTINUOUS
10
7.84275
20
-4.02379
11
7.8435
21
-4.02756
0
LINE
8
BLACK
6
CONTINUOUS
10
7.8435
20
-4.02756
11
7.8435
21
-4.04717
0
LINE
8
BLACK
6
CONTINUOUS
10
7.8435
20
-4.04717
11
7.95827
21
-4.16194
0
LINE
8
BLACK
6
CONTINUOUS
10
7.95827
20
-4.16194
11
7.96073
21
-4.15997
0
LINE
8
BLACK
6
CONTINUOUS
10
7.96073
20
-4.15997
11
7.96754
21
-4.15641
0
LINE
8
BLACK
6
CONTINUOUS
10
7.96754
20
-4.15641
11
7.97491
21
-4.15424
0
LINE
8
BLACK
6
CONTINUOUS
10
7.97491
20
-4.15424
11
7.98256
21
-4.15354
0
LINE
8
BLACK
6
CONTINUOUS
10
7.98256
20
-4.15354
11
7.9902
21
-4.15435
0
LINE
8
BLACK
6
CONTINUOUS
10
7.9902
20
-4.15435
11
7.99754
21
-4.15662
0
LINE
8
BLACK
6
CONTINUOUS
10
7.99754
20
-4.15662
11
8.0043
21
-4.16027
0
LINE
8
BLACK
6
CONTINUOUS
10
8.0043
20
-4.16027
11
8.01022
21
-4.16517
0
LINE
8
BLACK
6
CONTINUOUS
10
8.01022
20
-4.16517
11
8.01508
21
-4.17113
0
LINE
8
BLACK
6
CONTINUOUS
10
8.01508
20
-4.17113
11
8.01868
21
-4.17791
0
LINE
8
BLACK
6
CONTINUOUS
10
8.01868
20
-4.17791
11
8.0209
21
-4.18527
0
LINE
8
BLACK
6
CONTINUOUS
10
8.0209
20
-4.18527
11
8.02165
21
-4.19291
0
LINE
8
BLACK
6
CONTINUOUS
10
8.02165
20
-4.19291
11
8.02164
21
-4.19401
0
LINE
8
BLACK
6
CONTINUOUS
10
8.02164
20
-4.19401
11
8.02068
21
-4.20164
0
LINE
8
BLACK
6
CONTINUOUS
10
8.02068
20
-4.20164
11
8.01825
21
-4.20893
0
LINE
8
BLACK
6
CONTINUOUS
10
8.01825
20
-4.20893
11
8.01445
21
-4.21561
0
LINE
8
BLACK
6
CONTINUOUS
10
8.01445
20
-4.21561
11
8.00943
21
-4.22142
0
LINE
8
BLACK
6
CONTINUOUS
10
8.00943
20
-4.22142
11
8.00338
21
-4.22615
0
LINE
8
BLACK
6
CONTINUOUS
10
8.00338
20
-4.22615
11
7.99652
21
-4.22962
0
LINE
8
BLACK
6
CONTINUOUS
10
7.99652
20
-4.22962
11
7.98912
21
-4.23169
0
LINE
8
BLACK
6
CONTINUOUS
10
7.98912
20
-4.23169
11
7.98146
21
-4.23227
0
LINE
8
BLACK
6
CONTINUOUS
10
7.98146
20
-4.23227
11
7.97383
21
-4.23137
0
LINE
8
BLACK
6
CONTINUOUS
10
7.97383
20
-4.23137
11
7.96652
21
-4.22899
0
LINE
8
BLACK
6
CONTINUOUS
10
7.96652
20
-4.22899
11
7.95981
21
-4.22524
0
LINE
8
BLACK
6
CONTINUOUS
10
7.95981
20
-4.22524
11
7.95396
21
-4.22026
0
LINE
8
BLACK
6
CONTINUOUS
10
7.95396
20
-4.22026
11
7.94919
21
-4.21424
0
LINE
8
BLACK
6
CONTINUOUS
10
7.94919
20
-4.21424
11
7.94568
21
-4.20741
0
LINE
8
BLACK
6
CONTINUOUS
10
7.94568
20
-4.20741
11
7.94356
21
-4.20002
0
LINE
8
BLACK
6
CONTINUOUS
10
7.94356
20
-4.20002
11
7.94292
21
-4.19236
0
LINE
8
BLACK
6
CONTINUOUS
10
7.94292
20
-4.19236
11
7.94377
21
-4.18473
0
LINE
8
BLACK
6
CONTINUOUS
10
7.94377
20
-4.18473
11
7.9461
21
-4.1774
0
LINE
8
BLACK
6
CONTINUOUS
10
7.9461
20
-4.1774
11
7.9498
21
-4.17067
0
LINE
8
BLACK
6
CONTINUOUS
10
7.9498
20
-4.17067
11
7.9513
21
-4.16889
0
LINE
8
BLACK
6
CONTINUOUS
10
7.9513
20
-4.16889
11
7.83822
21
-4.05581
0
LINE
8
BLACK
6
CONTINUOUS
10
7.83822
20
-4.05581
11
7.83743
21
-4.05634
0
LINE
8
BLACK
6
CONTINUOUS
10
7.83743
20
-4.05634
11
7.83366
21
-4.05709
0
LINE
8
BLACK
6
CONTINUOUS
10
7.83366
20
-4.05709
11
7.79626
21
-4.05709
0
LINE
8
BLACK
6
CONTINUOUS
10
7.79626
20
-4.05709
11
7.79249
21
-4.05634
0
LINE
8
BLACK
6
CONTINUOUS
10
7.79249
20
-4.05634
11
7.7893
21
-4.0542
0
LINE
8
BLACK
6
CONTINUOUS
10
7.7893
20
-4.0542
11
7.78717
21
-4.05101
0
LINE
8
BLACK
6
CONTINUOUS
10
7.78717
20
-4.05101
11
7.78642
21
-4.04724
0
LINE
8
BLACK
6
CONTINUOUS
10
7.78642
20
-4.04724
11
7.78642
21
-4.02756
0
LINE
8
BLACK
6
CONTINUOUS
10
7.78642
20
-4.02756
11
7.78717
21
-4.02379
0
LINE
8
BLACK
6
CONTINUOUS
10
7.78717
20
-4.02379
11
7.7893
21
-4.0206
0
LINE
8
BLACK
6
CONTINUOUS
10
7.7893
20
-4.0206
11
7.79249
21
-4.01847
0
LINE
8
BLACK
6
CONTINUOUS
10
7.79249
20
-4.01847
11
7.79626
21
-4.01772
0
LINE
8
BLACK
6
CONTINUOUS
10
7.79626
20
-4.01772
11
7.83366
21
-4.01772
0
LINE
8
BLACK
6
CONTINUOUS
10
7.83366
20
-4.01772
11
7.83743
21
-4.01847
0
LINE
8
BLACK
6
CONTINUOUS
10
7.66481
20
-4.17095
11
7.66768
21
-4.17287
0
LINE
8
BLACK
6
CONTINUOUS
10
7.66768
20
-4.17287
11
7.6696
21
-4.17574
0
LINE
8
BLACK
6
CONTINUOUS
10
7.6696
20
-4.17574
11
7.67028
21
-4.17913
0
LINE
8
BLACK
6
CONTINUOUS
10
7.67028
20
-4.17913
11
7.67028
21
-4.18406
0
LINE
8
BLACK
6
CONTINUOUS
10
7.67028
20
-4.18406
11
7.69587
21
-4.18406
0
LINE
8
BLACK
6
CONTINUOUS
10
7.69587
20
-4.18406
11
7.69587
21
-4.17913
0
LINE
8
BLACK
6
CONTINUOUS
10
7.69587
20
-4.17913
11
7.69654
21
-4.17574
0
LINE
8
BLACK
6
CONTINUOUS
10
7.69654
20
-4.17574
11
7.69846
21
-4.17287
0
LINE
8
BLACK
6
CONTINUOUS
10
7.69846
20
-4.17287
11
7.70133
21
-4.17095
0
LINE
8
BLACK
6
CONTINUOUS
10
7.70133
20
-4.17095
11
7.70472
21
-4.17028
0
LINE
8
BLACK
6
CONTINUOUS
10
7.70472
20
-4.17028
11
7.72244
21
-4.17028
0
LINE
8
BLACK
6
CONTINUOUS
10
7.72244
20
-4.17028
11
7.72583
21
-4.17095
0
LINE
8
BLACK
6
CONTINUOUS
10
7.72583
20
-4.17095
11
7.7287
21
-4.17287
0
LINE
8
BLACK
6
CONTINUOUS
10
7.7287
20
-4.17287
11
7.73062
21
-4.17574
0
LINE
8
BLACK
6
CONTINUOUS
10
7.73062
20
-4.17574
11
7.7313
21
-4.17913
0
LINE
8
BLACK
6
CONTINUOUS
10
7.7313
20
-4.17913
11
7.7313
21
-4.19882
0
LINE
8
BLACK
6
CONTINUOUS
10
7.7313
20
-4.19882
11
7.73062
21
-4.20221
0
LINE
8
BLACK
6
CONTINUOUS
10
7.73062
20
-4.20221
11
7.7287
21
-4.20508
0
LINE
8
BLACK
6
CONTINUOUS
10
7.7287
20
-4.20508
11
7.72583
21
-4.207
0
LINE
8
BLACK
6
CONTINUOUS
10
7.72583
20
-4.207
11
7.72244
21
-4.20768
0
LINE
8
BLACK
6
CONTINUOUS
10
7.72244
20
-4.20768
11
7.70472
21
-4.20768
0
LINE
8
BLACK
6
CONTINUOUS
10
7.70472
20
-4.20768
11
7.70133
21
-4.207
0
LINE
8
BLACK
6
CONTINUOUS
10
7.70133
20
-4.207
11
7.69846
21
-4.20508
0
LINE
8
BLACK
6
CONTINUOUS
10
7.69846
20
-4.20508
11
7.69654
21
-4.20221
0
LINE
8
BLACK
6
CONTINUOUS
10
7.69654
20
-4.20221
11
7.69587
21
-4.19882
0
LINE
8
BLACK
6
CONTINUOUS
10
7.69587
20
-4.19882
11
7.69587
21
-4.1939
0
LINE
8
BLACK
6
CONTINUOUS
10
7.69587
20
-4.1939
11
7.67028
21
-4.1939
0
LINE
8
BLACK
6
CONTINUOUS
10
7.67028
20
-4.1939
11
7.67028
21
-4.19882
0
LINE
8
BLACK
6
CONTINUOUS
10
7.67028
20
-4.19882
11
7.6696
21
-4.20221
0
LINE
8
BLACK
6
CONTINUOUS
10
7.6696
20
-4.20221
11
7.66768
21
-4.20508
0
LINE
8
BLACK
6
CONTINUOUS
10
7.66768
20
-4.20508
11
7.66481
21
-4.207
0
LINE
8
BLACK
6
CONTINUOUS
10
7.66481
20
-4.207
11
7.66142
21
-4.20768
0
LINE
8
BLACK
6
CONTINUOUS
10
7.66142
20
-4.20768
11
7.6437
21
-4.20768
0
LINE
8
BLACK
6
CONTINUOUS
10
7.6437
20
-4.20768
11
7.64031
21
-4.207
0
LINE
8
BLACK
6
CONTINUOUS
10
7.64031
20
-4.207
11
7.63744
21
-4.20508
0
LINE
8
BLACK
6
CONTINUOUS
10
7.63744
20
-4.20508
11
7.63552
21
-4.20221
0
LINE
8
BLACK
6
CONTINUOUS
10
7.63552
20
-4.20221
11
7.63484
21
-4.19882
0
LINE
8
BLACK
6
CONTINUOUS
10
7.63484
20
-4.19882
11
7.63484
21
-4.17913
0
LINE
8
BLACK
6
CONTINUOUS
10
7.63484
20
-4.17913
11
7.63552
21
-4.17574
0
LINE
8
BLACK
6
CONTINUOUS
10
7.63552
20
-4.17574
11
7.63744
21
-4.17287
0
LINE
8
BLACK
6
CONTINUOUS
10
7.63744
20
-4.17287
11
7.64031
21
-4.17095
0
LINE
8
BLACK
6
CONTINUOUS
10
7.64031
20
-4.17095
11
7.6437
21
-4.17028
0
LINE
8
BLACK
6
CONTINUOUS
10
7.6437
20
-4.17028
11
7.66142
21
-4.17028
0
LINE
8
BLACK
6
CONTINUOUS
10
7.66142
20
-4.17028
11
7.66481
21
-4.17095
0
LINE
8
BLACK
6
CONTINUOUS
10
7.54276
20
-4.17095
11
7.54563
21
-4.17287
0
LINE
8
BLACK
6
CONTINUOUS
10
7.54563
20
-4.17287
11
7.54755
21
-4.17574
0
LINE
8
BLACK
6
CONTINUOUS
10
7.54755
20
-4.17574
11
7.54823
21
-4.17913
0
LINE
8
BLACK
6
CONTINUOUS
10
7.54823
20
-4.17913
11
7.54823
21
-4.18406
0
LINE
8
BLACK
6
CONTINUOUS
10
7.54823
20
-4.18406
11
7.57382
21
-4.18406
0
LINE
8
BLACK
6
CONTINUOUS
10
7.57382
20
-4.18406
11
7.57382
21
-4.17913
0
LINE
8
BLACK
6
CONTINUOUS
10
7.57382
20
-4.17913
11
7.57449
21
-4.17574
0
LINE
8
BLACK
6
CONTINUOUS
10
7.57449
20
-4.17574
11
7.57641
21
-4.17287
0
LINE
8
BLACK
6
CONTINUOUS
10
7.57641
20
-4.17287
11
7.57929
21
-4.17095
0
LINE
8
BLACK
6
CONTINUOUS
10
7.57929
20
-4.17095
11
7.58268
21
-4.17028
0
LINE
8
BLACK
6
CONTINUOUS
10
7.58268
20
-4.17028
11
7.60039
21
-4.17028
0
LINE
8
BLACK
6
CONTINUOUS
10
7.60039
20
-4.17028
11
7.60378
21
-4.17095
0
LINE
8
BLACK
6
CONTINUOUS
10
7.60378
20
-4.17095
11
7.60666
21
-4.17287
0
LINE
8
BLACK
6
CONTINUOUS
10
7.60666
20
-4.17287
11
7.60858
21
-4.17574
0
LINE
8
BLACK
6
CONTINUOUS
10
7.60858
20
-4.17574
11
7.60925
21
-4.17913
0
LINE
8
BLACK
6
CONTINUOUS
10
7.60925
20
-4.17913
11
7.60925
21
-4.19882
0
LINE
8
BLACK
6
CONTINUOUS
10
7.60925
20
-4.19882
11
7.60858
21
-4.20221
0
LINE
8
BLACK
6
CONTINUOUS
10
7.60858
20
-4.20221
11
7.60666
21
-4.20508
0
LINE
8
BLACK
6
CONTINUOUS
10
7.60666
20
-4.20508
11
7.60378
21
-4.207
0
LINE
8
BLACK
6
CONTINUOUS
10
7.60378
20
-4.207
11
7.60039
21
-4.20768
0
LINE
8
BLACK
6
CONTINUOUS
10
7.60039
20
-4.20768
11
7.58268
21
-4.20768
0
LINE
8
BLACK
6
CONTINUOUS
10
7.58268
20
-4.20768
11
7.57929
21
-4.207
0
LINE
8
BLACK
6
CONTINUOUS
10
7.57929
20
-4.207
11
7.57641
21
-4.20508
0
LINE
8
BLACK
6
CONTINUOUS
10
7.57641
20
-4.20508
11
7.57449
21
-4.20221
0
LINE
8
BLACK
6
CONTINUOUS
10
7.57449
20
-4.20221
11
7.57382
21
-4.19882
0
LINE
8
BLACK
6
CONTINUOUS
10
7.57382
20
-4.19882
11
7.57382
21
-4.1939
0
LINE
8
BLACK
6
CONTINUOUS
10
7.57382
20
-4.1939
11
7.54823
21
-4.1939
0
LINE
8
BLACK
6
CONTINUOUS
10
7.54823
20
-4.1939
11
7.54823
21
-4.19882
0
LINE
8
BLACK
6
CONTINUOUS
10
7.54823
20
-4.19882
11
7.54755
21
-4.20221
0
LINE
8
BLACK
6
CONTINUOUS
10
7.54755
20
-4.20221
11
7.54563
21
-4.20508
0
LINE
8
BLACK
6
CONTINUOUS
10
7.54563
20
-4.20508
11
7.54276
21
-4.207
0
LINE
8
BLACK
6
CONTINUOUS
10
7.54276
20
-4.207
11
7.53937
21
-4.20768
0
LINE
8
BLACK
6
CONTINUOUS
10
7.53937
20
-4.20768
11
7.52165
21
-4.20768
0
LINE
8
BLACK
6
CONTINUOUS
10
7.52165
20
-4.20768
11
7.51826
21
-4.207
0
LINE
8
BLACK
6
CONTINUOUS
10
7.51826
20
-4.207
11
7.51539
21
-4.20508
0
LINE
8
BLACK
6
CONTINUOUS
10
7.51539
20
-4.20508
11
7.51347
21
-4.20221
0
LINE
8
BLACK
6
CONTINUOUS
10
7.51347
20
-4.20221
11
7.5128
21
-4.19882
0
LINE
8
BLACK
6
CONTINUOUS
10
7.5128
20
-4.19882
11
7.5128
21
-4.17913
0
LINE
8
BLACK
6
CONTINUOUS
10
7.5128
20
-4.17913
11
7.51347
21
-4.17574
0
LINE
8
BLACK
6
CONTINUOUS
10
7.51347
20
-4.17574
11
7.51539
21
-4.17287
0
LINE
8
BLACK
6
CONTINUOUS
10
7.51539
20
-4.17287
11
7.51826
21
-4.17095
0
LINE
8
BLACK
6
CONTINUOUS
10
7.51826
20
-4.17095
11
7.52165
21
-4.17028
0
LINE
8
BLACK
6
CONTINUOUS
10
7.52165
20
-4.17028
11
7.53937
21
-4.17028
0
LINE
8
BLACK
6
CONTINUOUS
10
7.53937
20
-4.17028
11
7.54276
21
-4.17095
0
LINE
8
BLACK
6
CONTINUOUS
10
7.42071
20
-4.17095
11
7.42359
21
-4.17287
0
LINE
8
BLACK
6
CONTINUOUS
10
7.42359
20
-4.17287
11
7.42551
21
-4.17574
0
LINE
8
BLACK
6
CONTINUOUS
10
7.42551
20
-4.17574
11
7.42618
21
-4.17913
0
LINE
8
BLACK
6
CONTINUOUS
10
7.42618
20
-4.17913
11
7.42618
21
-4.18406
0
LINE
8
BLACK
6
CONTINUOUS
10
7.42618
20
-4.18406
11
7.45177
21
-4.18406
0
LINE
8
BLACK
6
CONTINUOUS
10
7.45177
20
-4.18406
11
7.45177
21
-4.17913
0
LINE
8
BLACK
6
CONTINUOUS
10
7.45177
20
-4.17913
11
7.45245
21
-4.17574
0
LINE
8
BLACK
6
CONTINUOUS
10
7.45245
20
-4.17574
11
7.45437
21
-4.17287
0
LINE
8
BLACK
6
CONTINUOUS
10
7.45437
20
-4.17287
11
7.45724
21
-4.17095
0
LINE
8
BLACK
6
CONTINUOUS
10
7.45724
20
-4.17095
11
7.46063
21
-4.17028
0
LINE
8
BLACK
6
CONTINUOUS
10
7.46063
20
-4.17028
11
7.47835
21
-4.17028
0
LINE
8
BLACK
6
CONTINUOUS
10
7.47835
20
-4.17028
11
7.48174
21
-4.17095
0
LINE
8
BLACK
6
CONTINUOUS
10
7.48174
20
-4.17095
11
7.48461
21
-4.17287
0
LINE
8
BLACK
6
CONTINUOUS
10
7.48461
20
-4.17287
11
7.48653
21
-4.17574
0
LINE
8
BLACK
6
CONTINUOUS
10
7.48653
20
-4.17574
11
7.4872
21
-4.17913
0
LINE
8
BLACK
6
CONTINUOUS
10
7.4872
20
-4.17913
11
7.4872
21
-4.19882
0
LINE
8
BLACK
6
CONTINUOUS
10
7.4872
20
-4.19882
11
7.48653
21
-4.20221
0
LINE
8
BLACK
6
CONTINUOUS
10
7.48653
20
-4.20221
11
7.48461
21
-4.20508
0
LINE
8
BLACK
6
CONTINUOUS
10
7.48461
20
-4.20508
11
7.48174
21
-4.207
0
LINE
8
BLACK
6
CONTINUOUS
10
7.48174
20
-4.207
11
7.47835
21
-4.20768
0
LINE
8
BLACK
6
CONTINUOUS
10
7.47835
20
-4.20768
11
7.46063
21
-4.20768
0
LINE
8
BLACK
6
CONTINUOUS
10
7.46063
20
-4.20768
11
7.45724
21
-4.207
0
LINE
8
BLACK
6
CONTINUOUS
10
7.45724
20
-4.207
11
7.45437
21
-4.20508
0
LINE
8
BLACK
6
CONTINUOUS
10
7.45437
20
-4.20508
11
7.45245
21
-4.20221
0
LINE
8
BLACK
6
CONTINUOUS
10
7.45245
20
-4.20221
11
7.45177
21
-4.19882
0
LINE
8
BLACK
6
CONTINUOUS
10
7.45177
20
-4.19882
11
7.45177
21
-4.1939
0
LINE
8
BLACK
6
CONTINUOUS
10
7.45177
20
-4.1939
11
7.42618
21
-4.1939
0
LINE
8
BLACK
6
CONTINUOUS
10
7.42618
20
-4.1939
11
7.42618
21
-4.19882
0
LINE
8
BLACK
6
CONTINUOUS
10
7.42618
20
-4.19882
11
7.42551
21
-4.20221
0
LINE
8
BLACK
6
CONTINUOUS
10
7.42551
20
-4.20221
11
7.42359
21
-4.20508
0
LINE
8
BLACK
6
CONTINUOUS
10
7.42359
20
-4.20508
11
7.42071
21
-4.207
0
LINE
8
BLACK
6
CONTINUOUS
10
7.42071
20
-4.207
11
7.41732
21
-4.20768
0
LINE
8
BLACK
6
CONTINUOUS
10
7.41732
20
-4.20768
11
7.39961
21
-4.20768
0
LINE
8
BLACK
6
CONTINUOUS
10
7.39961
20
-4.20768
11
7.39622
21
-4.207
0
LINE
8
BLACK
6
CONTINUOUS
10
7.39622
20
-4.207
11
7.39334
21
-4.20508
0
LINE
8
BLACK
6
CONTINUOUS
10
7.39334
20
-4.20508
11
7.39142
21
-4.20221
0
LINE
8
BLACK
6
CONTINUOUS
10
7.39142
20
-4.20221
11
7.39075
21
-4.19882
0
LINE
8
BLACK
6
CONTINUOUS
10
7.39075
20
-4.19882
11
7.39075
21
-4.17913
0
LINE
8
BLACK
6
CONTINUOUS
10
7.39075
20
-4.17913
11
7.39142
21
-4.17574
0
LINE
8
BLACK
6
CONTINUOUS
10
7.39142
20
-4.17574
11
7.39334
21
-4.17287
0
LINE
8
BLACK
6
CONTINUOUS
10
7.39334
20
-4.17287
11
7.39622
21
-4.17095
0
LINE
8
BLACK
6
CONTINUOUS
10
7.39622
20
-4.17095
11
7.39961
21
-4.17028
0
LINE
8
BLACK
6
CONTINUOUS
10
7.39961
20
-4.17028
11
7.41732
21
-4.17028
0
LINE
8
BLACK
6
CONTINUOUS
10
7.41732
20
-4.17028
11
7.42071
21
-4.17095
0
LINE
8
BLACK
6
CONTINUOUS
10
8.49593
20
-4.16891
11
8.49766
21
-4.17006
0
LINE
8
BLACK
6
CONTINUOUS
10
8.49766
20
-4.17006
11
8.49881
21
-4.17178
0
LINE
8
BLACK
6
CONTINUOUS
10
8.49881
20
-4.17178
11
8.49921
21
-4.17382
0
LINE
8
BLACK
6
CONTINUOUS
10
8.49921
20
-4.17382
11
8.49921
21
-4.17618
0
LINE
8
BLACK
6
CONTINUOUS
10
8.49921
20
-4.17618
11
8.51654
21
-4.17618
0
LINE
8
BLACK
6
CONTINUOUS
10
8.51654
20
-4.17618
11
8.51654
21
-4.17382
0
LINE
8
BLACK
6
CONTINUOUS
10
8.51654
20
-4.17382
11
8.51694
21
-4.17178
0
LINE
8
BLACK
6
CONTINUOUS
10
8.51694
20
-4.17178
11
8.51809
21
-4.17006
0
LINE
8
BLACK
6
CONTINUOUS
10
8.51809
20
-4.17006
11
8.51982
21
-4.16891
0
LINE
8
BLACK
6
CONTINUOUS
10
8.51982
20
-4.16891
11
8.52185
21
-4.1685
0
LINE
8
BLACK
6
CONTINUOUS
10
8.52185
20
-4.1685
11
8.53248
21
-4.1685
0
LINE
8
BLACK
6
CONTINUOUS
10
8.53248
20
-4.1685
11
8.53451
21
-4.16891
0
LINE
8
BLACK
6
CONTINUOUS
10
8.53451
20
-4.16891
11
8.53624
21
-4.17006
0
LINE
8
BLACK
6
CONTINUOUS
10
8.53624
20
-4.17006
11
8.53739
21
-4.17178
0
LINE
8
BLACK
6
CONTINUOUS
10
8.53739
20
-4.17178
11
8.5378
21
-4.17382
0
LINE
8
BLACK
6
CONTINUOUS
10
8.5378
20
-4.17382
11
8.5378
21
-4.18839
0
LINE
8
BLACK
6
CONTINUOUS
10
8.5378
20
-4.18839
11
8.53739
21
-4.19042
0
LINE
8
BLACK
6
CONTINUOUS
10
8.53739
20
-4.19042
11
8.53624
21
-4.19214
0
LINE
8
BLACK
6
CONTINUOUS
10
8.53624
20
-4.19214
11
8.53451
21
-4.1933
0
LINE
8
BLACK
6
CONTINUOUS
10
8.53451
20
-4.1933
11
8.53248
21
-4.1937
0
LINE
8
BLACK
6
CONTINUOUS
10
8.53248
20
-4.1937
11
8.52185
21
-4.1937
0
LINE
8
BLACK
6
CONTINUOUS
10
8.52185
20
-4.1937
11
8.51982
21
-4.1933
0
LINE
8
BLACK
6
CONTINUOUS
10
8.51982
20
-4.1933
11
8.51809
21
-4.19214
0
LINE
8
BLACK
6
CONTINUOUS
10
8.51809
20
-4.19214
11
8.51694
21
-4.19042
0
LINE
8
BLACK
6
CONTINUOUS
10
8.51694
20
-4.19042
11
8.51654
21
-4.18839
0
LINE
8
BLACK
6
CONTINUOUS
10
8.51654
20
-4.18839
11
8.51654
21
-4.18602
0
LINE
8
BLACK
6
CONTINUOUS
10
8.51654
20
-4.18602
11
8.49921
21
-4.18602
0
LINE
8
BLACK
6
CONTINUOUS
10
8.49921
20
-4.18602
11
8.49921
21
-4.18839
0
LINE
8
BLACK
6
CONTINUOUS
10
8.49921
20
-4.18839
11
8.49881
21
-4.19042
0
LINE
8
BLACK
6
CONTINUOUS
10
8.49881
20
-4.19042
11
8.49766
21
-4.19214
0
LINE
8
BLACK
6
CONTINUOUS
10
8.49766
20
-4.19214
11
8.49593
21
-4.1933
0
LINE
8
BLACK
6
CONTINUOUS
10
8.49593
20
-4.1933
11
8.4939
21
-4.1937
0
LINE
8
BLACK
6
CONTINUOUS
10
8.4939
20
-4.1937
11
8.48327
21
-4.1937
0
LINE
8
BLACK
6
CONTINUOUS
10
8.48327
20
-4.1937
11
8.48123
21
-4.1933
0
LINE
8
BLACK
6
CONTINUOUS
10
8.48123
20
-4.1933
11
8.47951
21
-4.19214
0
LINE
8
BLACK
6
CONTINUOUS
10
8.47951
20
-4.19214
11
8.47836
21
-4.19042
0
LINE
8
BLACK
6
CONTINUOUS
10
8.47836
20
-4.19042
11
8.47795
21
-4.18839
0
LINE
8
BLACK
6
CONTINUOUS
10
8.47795
20
-4.18839
11
8.47795
21
-4.17382
0
LINE
8
BLACK
6
CONTINUOUS
10
8.47795
20
-4.17382
11
8.47836
21
-4.17178
0
LINE
8
BLACK
6
CONTINUOUS
10
8.47836
20
-4.17178
11
8.47951
21
-4.17006
0
LINE
8
BLACK
6
CONTINUOUS
10
8.47951
20
-4.17006
11
8.48123
21
-4.16891
0
LINE
8
BLACK
6
CONTINUOUS
10
8.48123
20
-4.16891
11
8.48327
21
-4.1685
0
LINE
8
BLACK
6
CONTINUOUS
10
8.48327
20
-4.1685
11
8.4939
21
-4.1685
0
LINE
8
BLACK
6
CONTINUOUS
10
8.4939
20
-4.1685
11
8.49593
21
-4.16891
0
LINE
8
BLACK
6
CONTINUOUS
10
8.57467
20
-4.16891
11
8.5764
21
-4.17006
0
LINE
8
BLACK
6
CONTINUOUS
10
8.5764
20
-4.17006
11
8.57755
21
-4.17178
0
LINE
8
BLACK
6
CONTINUOUS
10
8.57755
20
-4.17178
11
8.57795
21
-4.17382
0
LINE
8
BLACK
6
CONTINUOUS
10
8.57795
20
-4.17382
11
8.57795
21
-4.17618
0
LINE
8
BLACK
6
CONTINUOUS
10
8.57795
20
-4.17618
11
8.59528
21
-4.17618
0
LINE
8
BLACK
6
CONTINUOUS
10
8.59528
20
-4.17618
11
8.59528
21
-4.17382
0
LINE
8
BLACK
6
CONTINUOUS
10
8.59528
20
-4.17382
11
8.59568
21
-4.17178
0
LINE
8
BLACK
6
CONTINUOUS
10
8.59568
20
-4.17178
11
8.59683
21
-4.17006
0
LINE
8
BLACK
6
CONTINUOUS
10
8.59683
20
-4.17006
11
8.59856
21
-4.16891
0
LINE
8
BLACK
6
CONTINUOUS
10
8.59856
20
-4.16891
11
8.60059
21
-4.1685
0
LINE
8
BLACK
6
CONTINUOUS
10
8.60059
20
-4.1685
11
8.61122
21
-4.1685
0
LINE
8
BLACK
6
CONTINUOUS
10
8.61122
20
-4.1685
11
8.61325
21
-4.16891
0
LINE
8
BLACK
6
CONTINUOUS
10
8.61325
20
-4.16891
11
8.61498
21
-4.17006
0
LINE
8
BLACK
6
CONTINUOUS
10
8.61498
20
-4.17006
11
8.61613
21
-4.17178
0
LINE
8
BLACK
6
CONTINUOUS
10
8.61613
20
-4.17178
11
8.61654
21
-4.17382
0
LINE
8
BLACK
6
CONTINUOUS
10
8.61654
20
-4.17382
11
8.61654
21
-4.18839
0
LINE
8
BLACK
6
CONTINUOUS
10
8.61654
20
-4.18839
11
8.61613
21
-4.19042
0
LINE
8
BLACK
6
CONTINUOUS
10
8.61613
20
-4.19042
11
8.61498
21
-4.19214
0
LINE
8
BLACK
6
CONTINUOUS
10
8.61498
20
-4.19214
11
8.61325
21
-4.1933
0
LINE
8
BLACK
6
CONTINUOUS
10
8.61325
20
-4.1933
11
8.61122
21
-4.1937
0
LINE
8
BLACK
6
CONTINUOUS
10
8.61122
20
-4.1937
11
8.60059
21
-4.1937
0
LINE
8
BLACK
6
CONTINUOUS
10
8.60059
20
-4.1937
11
8.59856
21
-4.1933
0
LINE
8
BLACK
6
CONTINUOUS
10
8.59856
20
-4.1933
11
8.59683
21
-4.19214
0
LINE
8
BLACK
6
CONTINUOUS
10
8.59683
20
-4.19214
11
8.59568
21
-4.19042
0
LINE
8
BLACK
6
CONTINUOUS
10
8.59568
20
-4.19042
11
8.59528
21
-4.18839
0
LINE
8
BLACK
6
CONTINUOUS
10
8.59528
20
-4.18839
11
8.59528
21
-4.18602
0
LINE
8
BLACK
6
CONTINUOUS
10
8.59528
20
-4.18602
11
8.57795
21
-4.18602
0
LINE
8
BLACK
6
CONTINUOUS
10
8.57795
20
-4.18602
11
8.57795
21
-4.18839
0
LINE
8
BLACK
6
CONTINUOUS
10
8.57795
20
-4.18839
11
8.57755
21
-4.19042
0
LINE
8
BLACK
6
CONTINUOUS
10
8.57755
20
-4.19042
11
8.5764
21
-4.19214
0
LINE
8
BLACK
6
CONTINUOUS
10
8.5764
20
-4.19214
11
8.57467
21
-4.1933
0
LINE
8
BLACK
6
CONTINUOUS
10
8.57467
20
-4.1933
11
8.57264
21
-4.1937
0
LINE
8
BLACK
6
CONTINUOUS
10
8.57264
20
-4.1937
11
8.56201
21
-4.1937
0
LINE
8
BLACK
6
CONTINUOUS
10
8.56201
20
-4.1937
11
8.55997
21
-4.1933
0
LINE
8
BLACK
6
CONTINUOUS
10
8.55997
20
-4.1933
11
8.55825
21
-4.19214
0
LINE
8
BLACK
6
CONTINUOUS
10
8.55825
20
-4.19214
11
8.5571
21
-4.19042
0
LINE
8
BLACK
6
CONTINUOUS
10
8.5571
20
-4.19042
11
8.55669
21
-4.18839
0
LINE
8
BLACK
6
CONTINUOUS
10
8.55669
20
-4.18839
11
8.55669
21
-4.17382
0
LINE
8
BLACK
6
CONTINUOUS
10
8.55669
20
-4.17382
11
8.5571
21
-4.17178
0
LINE
8
BLACK
6
CONTINUOUS
10
8.5571
20
-4.17178
11
8.55825
21
-4.17006
0
LINE
8
BLACK
6
CONTINUOUS
10
8.55825
20
-4.17006
11
8.55997
21
-4.16891
0
LINE
8
BLACK
6
CONTINUOUS
10
8.55997
20
-4.16891
11
8.56201
21
-4.1685
0
LINE
8
BLACK
6
CONTINUOUS
10
8.56201
20
-4.1685
11
8.57264
21
-4.1685
0
LINE
8
BLACK
6
CONTINUOUS
10
8.57264
20
-4.1685
11
8.57467
21
-4.16891
0
LINE
8
BLACK
6
CONTINUOUS
10
8.41719
20
-4.16891
11
8.41892
21
-4.17006
0
LINE
8
BLACK
6
CONTINUOUS
10
8.41892
20
-4.17006
11
8.42007
21
-4.17178
0
LINE
8
BLACK
6
CONTINUOUS
10
8.42007
20
-4.17178
11
8.42047
21
-4.17382
0
LINE
8
BLACK
6
CONTINUOUS
10
8.42047
20
-4.17382
11
8.42047
21
-4.17618
0
LINE
8
BLACK
6
CONTINUOUS
10
8.42047
20
-4.17618
11
8.4378
21
-4.17618
0
LINE
8
BLACK
6
CONTINUOUS
10
8.4378
20
-4.17618
11
8.4378
21
-4.17382
0
LINE
8
BLACK
6
CONTINUOUS
10
8.4378
20
-4.17382
11
8.4382
21
-4.17178
0
LINE
8
BLACK
6
CONTINUOUS
10
8.4382
20
-4.17178
11
8.43935
21
-4.17006
0
LINE
8
BLACK
6
CONTINUOUS
10
8.43935
20
-4.17006
11
8.44108
21
-4.16891
0
LINE
8
BLACK
6
CONTINUOUS
10
8.44108
20
-4.16891
11
8.44311
21
-4.1685
0
LINE
8
BLACK
6
CONTINUOUS
10
8.44311
20
-4.1685
11
8.45374
21
-4.1685
0
LINE
8
BLACK
6
CONTINUOUS
10
8.45374
20
-4.1685
11
8.45577
21
-4.16891
0
LINE
8
BLACK
6
CONTINUOUS
10
8.45577
20
-4.16891
11
8.4575
21
-4.17006
0
LINE
8
BLACK
6
CONTINUOUS
10
8.4575
20
-4.17006
11
8.45865
21
-4.17178
0
LINE
8
BLACK
6
CONTINUOUS
10
8.45865
20
-4.17178
11
8.45906
21
-4.17382
0
LINE
8
BLACK
6
CONTINUOUS
10
8.45906
20
-4.17382
11
8.45906
21
-4.18839
0
LINE
8
BLACK
6
CONTINUOUS
10
8.45906
20
-4.18839
11
8.45865
21
-4.19042
0
LINE
8
BLACK
6
CONTINUOUS
10
8.45865
20
-4.19042
11
8.4575
21
-4.19214
0
LINE
8
BLACK
6
CONTINUOUS
10
8.4575
20
-4.19214
11
8.45577
21
-4.1933
0
LINE
8
BLACK
6
CONTINUOUS
10
8.45577
20
-4.1933
11
8.45374
21
-4.1937
0
LINE
8
BLACK
6
CONTINUOUS
10
8.45374
20
-4.1937
11
8.44311
21
-4.1937
0
LINE
8
BLACK
6
CONTINUOUS
10
8.44311
20
-4.1937
11
8.44108
21
-4.1933
0
LINE
8
BLACK
6
CONTINUOUS
10
8.44108
20
-4.1933
11
8.43935
21
-4.19214
0
LINE
8
BLACK
6
CONTINUOUS
10
8.43935
20
-4.19214
11
8.4382
21
-4.19042
0
LINE
8
BLACK
6
CONTINUOUS
10
8.4382
20
-4.19042
11
8.4378
21
-4.18839
0
LINE
8
BLACK
6
CONTINUOUS
10
8.4378
20
-4.18839
11
8.4378
21
-4.18602
0
LINE
8
BLACK
6
CONTINUOUS
10
8.4378
20
-4.18602
11
8.42047
21
-4.18602
0
LINE
8
BLACK
6
CONTINUOUS
10
8.42047
20
-4.18602
11
8.42047
21
-4.18839
0
LINE
8
BLACK
6
CONTINUOUS
10
8.42047
20
-4.18839
11
8.42007
21
-4.19042
0
LINE
8
BLACK
6
CONTINUOUS
10
8.42007
20
-4.19042
11
8.41892
21
-4.19214
0
LINE
8
BLACK
6
CONTINUOUS
10
8.41892
20
-4.19214
11
8.41719
21
-4.1933
0
LINE
8
BLACK
6
CONTINUOUS
10
8.41719
20
-4.1933
11
8.41516
21
-4.1937
0
LINE
8
BLACK
6
CONTINUOUS
10
8.41516
20
-4.1937
11
8.40453
21
-4.1937
0
LINE
8
BLACK
6
CONTINUOUS
10
8.40453
20
-4.1937
11
8.40249
21
-4.1933
0
LINE
8
BLACK
6
CONTINUOUS
10
8.40249
20
-4.1933
11
8.40077
21
-4.19214
0
LINE
8
BLACK
6
CONTINUOUS
10
8.40077
20
-4.19214
11
8.39962
21
-4.19042
0
LINE
8
BLACK
6
CONTINUOUS
10
8.39962
20
-4.19042
11
8.39921
21
-4.18839
0
LINE
8
BLACK
6
CONTINUOUS
10
8.39921
20
-4.18839
11
8.39921
21
-4.17382
0
LINE
8
BLACK
6
CONTINUOUS
10
8.39921
20
-4.17382
11
8.39962
21
-4.17178
0
LINE
8
BLACK
6
CONTINUOUS
10
8.39962
20
-4.17178
11
8.40077
21
-4.17006
0
LINE
8
BLACK
6
CONTINUOUS
10
8.40077
20
-4.17006
11
8.40249
21
-4.16891
0
LINE
8
BLACK
6
CONTINUOUS
10
8.40249
20
-4.16891
11
8.40453
21
-4.1685
0
LINE
8
BLACK
6
CONTINUOUS
10
8.40453
20
-4.1685
11
8.41516
21
-4.1685
0
LINE
8
BLACK
6
CONTINUOUS
10
8.41516
20
-4.1685
11
8.41719
21
-4.16891
0
LINE
8
BLACK
6
CONTINUOUS
10
8.84871
20
-4.69718
11
8.84232
21
-4.69434
0
LINE
8
BLACK
6
CONTINUOUS
10
8.84232
20
-4.69434
11
8.83666
21
-4.69022
0
LINE
8
BLACK
6
CONTINUOUS
10
8.83666
20
-4.69022
11
8.83198
21
-4.68502
0
LINE
8
BLACK
6
CONTINUOUS
10
8.83198
20
-4.68502
11
8.82848
21
-4.67897
0
LINE
8
BLACK
6
CONTINUOUS
10
8.82848
20
-4.67897
11
8.82632
21
-4.67231
0
LINE
8
BLACK
6
CONTINUOUS
10
8.82632
20
-4.67231
11
8.82559
21
-4.66535
0
LINE
8
BLACK
6
CONTINUOUS
10
8.82559
20
-4.66535
11
8.82632
21
-4.6584
0
LINE
8
BLACK
6
CONTINUOUS
10
8.82632
20
-4.6584
11
8.82848
21
-4.65174
0
LINE
8
BLACK
6
CONTINUOUS
10
8.82848
20
-4.65174
11
8.83198
21
-4.64568
0
LINE
8
BLACK
6
CONTINUOUS
10
8.83198
20
-4.64568
11
8.83666
21
-4.64049
0
LINE
8
BLACK
6
CONTINUOUS
10
8.83666
20
-4.64049
11
8.84232
21
-4.63637
0
LINE
8
BLACK
6
CONTINUOUS
10
8.84232
20
-4.63637
11
8.84871
21
-4.63353
0
LINE
8
BLACK
6
CONTINUOUS
10
8.84871
20
-4.63353
11
8.84906
21
-4.63346
0
LINE
8
BLACK
6
CONTINUOUS
10
8.84906
20
-4.63346
11
8.84906
21
-4.61351
0
LINE
8
BLACK
6
CONTINUOUS
10
8.84906
20
-4.61351
11
8.8489
21
-4.61298
0
LINE
8
BLACK
6
CONTINUOUS
10
8.8489
20
-4.61298
11
8.84834
21
-4.6129
0
LINE
8
BLACK
6
CONTINUOUS
10
8.84834
20
-4.6129
11
8.84682
21
-4.61314
0
LINE
8
BLACK
6
CONTINUOUS
10
8.84682
20
-4.61314
11
8.84643
21
-4.61323
0
LINE
8
BLACK
6
CONTINUOUS
10
8.84643
20
-4.61323
11
8.83846
21
-4.61584
0
LINE
8
BLACK
6
CONTINUOUS
10
8.83846
20
-4.61584
11
8.83808
21
-4.61599
0
LINE
8
BLACK
6
CONTINUOUS
10
8.83808
20
-4.61599
11
8.83065
21
-4.61986
0
LINE
8
BLACK
6
CONTINUOUS
10
8.83065
20
-4.61986
11
8.8303
21
-4.62008
0
LINE
8
BLACK
6
CONTINUOUS
10
8.8303
20
-4.62008
11
8.8236
21
-4.62511
0
LINE
8
BLACK
6
CONTINUOUS
10
8.8236
20
-4.62511
11
8.8233
21
-4.62538
0
LINE
8
BLACK
6
CONTINUOUS
10
8.8233
20
-4.62538
11
8.82026
21
-4.62857
0
LINE
8
BLACK
6
CONTINUOUS
10
8.82026
20
-4.62857
11
8.81783
21
-4.62996
0
LINE
8
BLACK
6
CONTINUOUS
10
8.81783
20
-4.62996
11
8.81504
21
-4.62983
0
LINE
8
BLACK
6
CONTINUOUS
10
8.81504
20
-4.62983
11
8.81277
21
-4.6282
0
LINE
8
BLACK
6
CONTINUOUS
10
8.81277
20
-4.6282
11
8.81202
21
-4.62688
0
LINE
8
BLACK
6
CONTINUOUS
10
8.81202
20
-4.62688
11
8.81038
21
-4.62251
0
LINE
8
BLACK
6
CONTINUOUS
10
8.81038
20
-4.62251
11
8.81026
21
-4.62218
0
LINE
8
BLACK
6
CONTINUOUS
10
8.81026
20
-4.62218
11
8.80682
21
-4.61759
0
LINE
8
BLACK
6
CONTINUOUS
10
8.80682
20
-4.61759
11
8.80223
21
-4.61415
0
LINE
8
BLACK
6
CONTINUOUS
10
8.80223
20
-4.61415
11
8.79686
21
-4.61214
0
LINE
8
BLACK
6
CONTINUOUS
10
8.79686
20
-4.61214
11
8.79441
21
-4.61187
0
LINE
8
BLACK
6
CONTINUOUS
10
8.79441
20
-4.61187
11
8.73935
21
-4.61187
0
LINE
8
BLACK
6
CONTINUOUS
10
8.73935
20
-4.61187
11
8.73667
21
-4.61108
0
LINE
8
BLACK
6
CONTINUOUS
10
8.73667
20
-4.61108
11
8.73585
21
-4.61042
0
LINE
8
BLACK
6
CONTINUOUS
10
8.73585
20
-4.61042
11
8.66279
21
-4.53736
0
LINE
8
BLACK
6
CONTINUOUS
10
8.66279
20
-4.53736
11
8.66145
21
-4.53491
0
LINE
8
BLACK
6
CONTINUOUS
10
8.66145
20
-4.53491
11
8.66165
21
-4.53212
0
LINE
8
BLACK
6
CONTINUOUS
10
8.66165
20
-4.53212
11
8.66332
21
-4.52988
0
LINE
8
BLACK
6
CONTINUOUS
10
8.66332
20
-4.52988
11
8.66594
21
-4.5289
0
LINE
8
BLACK
6
CONTINUOUS
10
8.66594
20
-4.5289
11
8.66728
21
-4.52899
0
LINE
8
BLACK
6
CONTINUOUS
10
8.66728
20
-4.52899
11
8.66941
21
-4.52942
0
LINE
8
BLACK
6
CONTINUOUS
10
8.66941
20
-4.52942
11
8.66941
21
-4.52942
0
LINE
8
BLACK
6
CONTINUOUS
10
8.66941
20
-4.52942
11
8.66959
21
-4.52946
0
LINE
8
BLACK
6
CONTINUOUS
10
8.66959
20
-4.52946
11
8.66983
21
-4.52947
0
LINE
8
BLACK
6
CONTINUOUS
10
8.66983
20
-4.52947
11
8.71678
21
-4.52947
0
LINE
8
BLACK
6
CONTINUOUS
10
8.71678
20
-4.52947
11
8.71702
21
-4.52946
0
LINE
8
BLACK
6
CONTINUOUS
10
8.71702
20
-4.52946
11
8.71765
21
-4.52933
0
LINE
8
BLACK
6
CONTINUOUS
10
8.71765
20
-4.52933
11
8.72442
21
-4.52797
0
LINE
8
BLACK
6
CONTINUOUS
10
8.72442
20
-4.52797
11
8.72442
21
-4.52797
0
LINE
8
BLACK
6
CONTINUOUS
10
8.72442
20
-4.52797
11
8.72466
21
-4.52792
0
LINE
8
BLACK
6
CONTINUOUS
10
8.72466
20
-4.52792
11
8.73185
21
-4.52492
0
LINE
8
BLACK
6
CONTINUOUS
10
8.73185
20
-4.52492
11
8.73205
21
-4.52479
0
LINE
8
BLACK
6
CONTINUOUS
10
8.73205
20
-4.52479
11
8.73205
21
-4.52479
0
LINE
8
BLACK
6
CONTINUOUS
10
8.73205
20
-4.52479
11
8.73811
21
-4.52073
0
LINE
8
BLACK
6
CONTINUOUS
10
8.73811
20
-4.52073
11
8.73811
21
-4.52073
0
LINE
8
BLACK
6
CONTINUOUS
10
8.73811
20
-4.52073
11
8.73832
21
-4.52059
0
LINE
8
BLACK
6
CONTINUOUS
10
8.73832
20
-4.52059
11
8.74382
21
-4.51509
0
LINE
8
BLACK
6
CONTINUOUS
10
8.74382
20
-4.51509
11
8.74396
21
-4.51489
0
LINE
8
BLACK
6
CONTINUOUS
10
8.74396
20
-4.51489
11
8.74396
21
-4.51489
0
LINE
8
BLACK
6
CONTINUOUS
10
8.74396
20
-4.51489
11
8.74802
21
-4.50882
0
LINE
8
BLACK
6
CONTINUOUS
10
8.74802
20
-4.50882
11
8.74802
21
-4.50882
0
LINE
8
BLACK
6
CONTINUOUS
10
8.74802
20
-4.50882
11
8.74815
21
-4.50862
0
LINE
8
BLACK
6
CONTINUOUS
10
8.74815
20
-4.50862
11
8.75115
21
-4.50143
0
LINE
8
BLACK
6
CONTINUOUS
10
8.75115
20
-4.50143
11
8.75132
21
-4.50055
0
LINE
8
BLACK
6
CONTINUOUS
10
8.75132
20
-4.50055
11
8.75265
21
-4.49398
0
LINE
8
BLACK
6
CONTINUOUS
10
8.75265
20
-4.49398
11
8.75265
21
-4.49398
0
LINE
8
BLACK
6
CONTINUOUS
10
8.75265
20
-4.49398
11
8.75268
21
-4.4938
0
LINE
8
BLACK
6
CONTINUOUS
10
8.75268
20
-4.4938
11
8.7527
21
-4.49356
0
LINE
8
BLACK
6
CONTINUOUS
10
8.7527
20
-4.49356
11
8.7527
21
-4.4466
0
LINE
8
BLACK
6
CONTINUOUS
10
8.7527
20
-4.4466
11
8.75268
21
-4.44636
0
LINE
8
BLACK
6
CONTINUOUS
10
8.75268
20
-4.44636
11
8.75255
21
-4.44571
0
LINE
8
BLACK
6
CONTINUOUS
10
8.75255
20
-4.44571
11
8.75119
21
-4.43897
0
LINE
8
BLACK
6
CONTINUOUS
10
8.75119
20
-4.43897
11
8.75119
21
-4.43897
0
LINE
8
BLACK
6
CONTINUOUS
10
8.75119
20
-4.43897
11
8.75115
21
-4.43873
0
LINE
8
BLACK
6
CONTINUOUS
10
8.75115
20
-4.43873
11
8.74815
21
-4.43154
0
LINE
8
BLACK
6
CONTINUOUS
10
8.74815
20
-4.43154
11
8.74802
21
-4.43134
0
LINE
8
BLACK
6
CONTINUOUS
10
8.74802
20
-4.43134
11
8.74802
21
-4.43134
0
LINE
8
BLACK
6
CONTINUOUS
10
8.74802
20
-4.43134
11
8.74396
21
-4.42527
0
LINE
8
BLACK
6
CONTINUOUS
10
8.74396
20
-4.42527
11
8.74396
21
-4.42527
0
LINE
8
BLACK
6
CONTINUOUS
10
8.74396
20
-4.42527
11
8.74382
21
-4.42507
0
LINE
8
BLACK
6
CONTINUOUS
10
8.74382
20
-4.42507
11
8.74234
21
-4.42359
0
LINE
8
BLACK
6
CONTINUOUS
10
8.74234
20
-4.42359
11
8.741
21
-4.42113
0
LINE
8
BLACK
6
CONTINUOUS
10
8.741
20
-4.42113
11
8.7412
21
-4.41835
0
LINE
8
BLACK
6
CONTINUOUS
10
8.7412
20
-4.41835
11
8.74234
21
-4.41657
0
LINE
8
BLACK
6
CONTINUOUS
10
8.74234
20
-4.41657
11
8.74382
21
-4.41509
0
LINE
8
BLACK
6
CONTINUOUS
10
8.74382
20
-4.41509
11
8.74396
21
-4.41489
0
LINE
8
BLACK
6
CONTINUOUS
10
8.74396
20
-4.41489
11
8.74396
21
-4.41489
0
LINE
8
BLACK
6
CONTINUOUS
10
8.74396
20
-4.41489
11
8.74802
21
-4.40882
0
LINE
8
BLACK
6
CONTINUOUS
10
8.74802
20
-4.40882
11
8.74802
21
-4.40882
0
LINE
8
BLACK
6
CONTINUOUS
10
8.74802
20
-4.40882
11
8.74815
21
-4.40862
0
LINE
8
BLACK
6
CONTINUOUS
10
8.74815
20
-4.40862
11
8.75115
21
-4.40143
0
LINE
8
BLACK
6
CONTINUOUS
10
8.75115
20
-4.40143
11
8.7519
21
-4.39769
0
LINE
8
BLACK
6
CONTINUOUS
10
8.7519
20
-4.39769
11
8.75265
21
-4.39398
0
LINE
8
BLACK
6
CONTINUOUS
10
8.75265
20
-4.39398
11
8.75265
21
-4.39398
0
LINE
8
BLACK
6
CONTINUOUS
10
8.75265
20
-4.39398
11
8.75268
21
-4.3938
0
LINE
8
BLACK
6
CONTINUOUS
10
8.75268
20
-4.3938
11
8.7527
21
-4.39356
0
LINE
8
BLACK
6
CONTINUOUS
10
8.7527
20
-4.39356
11
8.7527
21
-4.34802
0
LINE
8
BLACK
6
CONTINUOUS
10
8.7527
20
-4.34802
11
8.75348
21
-4.34533
0
LINE
8
BLACK
6
CONTINUOUS
10
8.75348
20
-4.34533
11
8.75415
21
-4.34451
0
LINE
8
BLACK
6
CONTINUOUS
10
8.75415
20
-4.34451
11
8.7609
21
-4.33776
0
LINE
8
BLACK
6
CONTINUOUS
10
8.7609
20
-4.33776
11
8.76122
21
-4.33746
0
LINE
8
BLACK
6
CONTINUOUS
10
8.76122
20
-4.33746
11
8.76148
21
-4.3373
0
LINE
8
BLACK
6
CONTINUOUS
10
8.76148
20
-4.3373
11
8.76331
21
-4.33535
0
LINE
8
BLACK
6
CONTINUOUS
10
8.76331
20
-4.33535
11
8.76342
21
-4.33524
0
LINE
8
BLACK
6
CONTINUOUS
10
8.76342
20
-4.33524
11
8.7642
21
-4.33446
0
LINE
8
BLACK
6
CONTINUOUS
10
8.7642
20
-4.33446
11
8.7643
21
-4.33433
0
LINE
8
BLACK
6
CONTINUOUS
10
8.7643
20
-4.33433
11
8.7646
21
-4.33398
0
LINE
8
BLACK
6
CONTINUOUS
10
8.7646
20
-4.33398
11
8.76558
21
-4.33294
0
LINE
8
BLACK
6
CONTINUOUS
10
8.76558
20
-4.33294
11
8.76579
21
-4.33271
0
LINE
8
BLACK
6
CONTINUOUS
10
8.76579
20
-4.33271
11
8.76612
21
-4.33211
0
LINE
8
BLACK
6
CONTINUOUS
10
8.76612
20
-4.33211
11
8.76618
21
-4.33201
0
LINE
8
BLACK
6
CONTINUOUS
10
8.76618
20
-4.33201
11
8.7666
21
-4.33136
0
LINE
8
BLACK
6
CONTINUOUS
10
8.7666
20
-4.33136
11
8.7669
21
-4.33098
0
LINE
8
BLACK
6
CONTINUOUS
10
8.7669
20
-4.33098
11
8.76709
21
-4.33073
0
LINE
8
BLACK
6
CONTINUOUS
10
8.76709
20
-4.33073
11
8.76778
21
-4.32913
0
LINE
8
BLACK
6
CONTINUOUS
10
8.76778
20
-4.32913
11
8.76799
21
-4.32871
0
LINE
8
BLACK
6
CONTINUOUS
10
8.76799
20
-4.32871
11
8.76883
21
-4.32719
0
LINE
8
BLACK
6
CONTINUOUS
10
8.76883
20
-4.32719
11
8.7689
21
-4.32688
0
LINE
8
BLACK
6
CONTINUOUS
10
8.7689
20
-4.32688
11
8.76891
21
-4.32688
0
LINE
8
BLACK
6
CONTINUOUS
10
8.76891
20
-4.32688
11
8.76903
21
-4.32641
0
LINE
8
BLACK
6
CONTINUOUS
10
8.76903
20
-4.32641
11
8.76928
21
-4.32568
0
LINE
8
BLACK
6
CONTINUOUS
10
8.76928
20
-4.32568
11
8.76945
21
-4.32527
0
LINE
8
BLACK
6
CONTINUOUS
10
8.76945
20
-4.32527
11
8.76959
21
-4.32495
0
LINE
8
BLACK
6
CONTINUOUS
10
8.76959
20
-4.32495
11
8.76964
21
-4.32464
0
LINE
8
BLACK
6
CONTINUOUS
10
8.76964
20
-4.32464
11
8.76964
21
-4.32464
0
LINE
8
BLACK
6
CONTINUOUS
10
8.76964
20
-4.32464
11
8.76987
21
-4.32323
0
LINE
8
BLACK
6
CONTINUOUS
10
8.76987
20
-4.32323
11
8.76996
21
-4.32277
0
LINE
8
BLACK
6
CONTINUOUS
10
8.76996
20
-4.32277
11
8.77032
21
-4.32139
0
LINE
8
BLACK
6
CONTINUOUS
10
8.77032
20
-4.32139
11
8.77032
21
-4.32139
0
LINE
8
BLACK
6
CONTINUOUS
10
8.77032
20
-4.32139
11
8.77039
21
-4.32108
0
LINE
8
BLACK
6
CONTINUOUS
10
8.77039
20
-4.32108
11
8.77039
21
-4.32029
0
LINE
8
BLACK
6
CONTINUOUS
10
8.77039
20
-4.32029
11
8.77046
21
-4.31951
0
LINE
8
BLACK
6
CONTINUOUS
10
8.77046
20
-4.31951
11
8.77053
21
-4.31903
0
LINE
8
BLACK
6
CONTINUOUS
10
8.77053
20
-4.31903
11
8.77058
21
-4.31872
0
LINE
8
BLACK
6
CONTINUOUS
10
8.77058
20
-4.31872
11
8.77042
21
-4.31699
0
LINE
8
BLACK
6
CONTINUOUS
10
8.77042
20
-4.31699
11
8.77039
21
-4.31652
0
LINE
8
BLACK
6
CONTINUOUS
10
8.77039
20
-4.31652
11
8.77039
21
-4.24005
0
LINE
8
BLACK
6
CONTINUOUS
10
8.77039
20
-4.24005
11
8.77042
21
-4.23961
0
LINE
8
BLACK
6
CONTINUOUS
10
8.77042
20
-4.23961
11
8.77048
21
-4.23931
0
LINE
8
BLACK
6
CONTINUOUS
10
8.77048
20
-4.23931
11
8.7704
21
-4.23663
0
LINE
8
BLACK
6
CONTINUOUS
10
8.7704
20
-4.23663
11
8.77039
21
-4.23648
0
LINE
8
BLACK
6
CONTINUOUS
10
8.77039
20
-4.23648
11
8.77039
21
-4.23538
0
LINE
8
BLACK
6
CONTINUOUS
10
8.77039
20
-4.23538
11
8.77037
21
-4.23522
0
LINE
8
BLACK
6
CONTINUOUS
10
8.77037
20
-4.23522
11
8.77034
21
-4.23476
0
LINE
8
BLACK
6
CONTINUOUS
10
8.77034
20
-4.23476
11
8.77031
21
-4.23399
0
LINE
8
BLACK
6
CONTINUOUS
10
8.77031
20
-4.23399
11
8.77028
21
-4.23302
0
LINE
8
BLACK
6
CONTINUOUS
10
8.77028
20
-4.23302
11
8.7702
21
-4.23272
0
LINE
8
BLACK
6
CONTINUOUS
10
8.7702
20
-4.23272
11
8.7702
21
-4.23272
0
LINE
8
BLACK
6
CONTINUOUS
10
8.7702
20
-4.23272
11
8.77006
21
-4.23225
0
LINE
8
BLACK
6
CONTINUOUS
10
8.77006
20
-4.23225
11
8.7699
21
-4.23149
0
LINE
8
BLACK
6
CONTINUOUS
10
8.7699
20
-4.23149
11
8.76984
21
-4.23101
0
LINE
8
BLACK
6
CONTINUOUS
10
8.76984
20
-4.23101
11
8.7698
21
-4.2307
0
LINE
8
BLACK
6
CONTINUOUS
10
8.7698
20
-4.2307
11
8.76969
21
-4.23041
0
LINE
8
BLACK
6
CONTINUOUS
10
8.76969
20
-4.23041
11
8.76969
21
-4.23041
0
LINE
8
BLACK
6
CONTINUOUS
10
8.76969
20
-4.23041
11
8.76916
21
-4.22908
0
LINE
8
BLACK
6
CONTINUOUS
10
8.76916
20
-4.22908
11
8.76901
21
-4.22864
0
LINE
8
BLACK
6
CONTINUOUS
10
8.76901
20
-4.22864
11
8.76874
21
-4.2277
0
LINE
8
BLACK
6
CONTINUOUS
10
8.76874
20
-4.2277
11
8.76853
21
-4.22696
0
LINE
8
BLACK
6
CONTINUOUS
10
8.76853
20
-4.22696
11
8.76812
21
-4.22628
0
LINE
8
BLACK
6
CONTINUOUS
10
8.76812
20
-4.22628
11
8.76778
21
-4.22558
0
LINE
8
BLACK
6
CONTINUOUS
10
8.76778
20
-4.22558
11
8.76748
21
-4.22484
0
LINE
8
BLACK
6
CONTINUOUS
10
8.76748
20
-4.22484
11
8.76718
21
-4.22442
0
LINE
8
BLACK
6
CONTINUOUS
10
8.76718
20
-4.22442
11
8.76646
21
-4.22343
0
LINE
8
BLACK
6
CONTINUOUS
10
8.76646
20
-4.22343
11
8.7662
21
-4.22304
0
LINE
8
BLACK
6
CONTINUOUS
10
8.7662
20
-4.22304
11
8.76548
21
-4.22181
0
LINE
8
BLACK
6
CONTINUOUS
10
8.76548
20
-4.22181
11
8.76548
21
-4.22181
0
LINE
8
BLACK
6
CONTINUOUS
10
8.76548
20
-4.22181
11
8.76532
21
-4.22154
0
LINE
8
BLACK
6
CONTINUOUS
10
8.76532
20
-4.22154
11
8.76475
21
-4.22098
0
LINE
8
BLACK
6
CONTINUOUS
10
8.76475
20
-4.22098
11
8.76425
21
-4.22038
0
LINE
8
BLACK
6
CONTINUOUS
10
8.76425
20
-4.22038
11
8.76424
21
-4.22037
0
LINE
8
BLACK
6
CONTINUOUS
10
8.76424
20
-4.22037
11
8.76378
21
-4.21974
0
LINE
8
BLACK
6
CONTINUOUS
10
8.76378
20
-4.21974
11
8.76244
21
-4.21863
0
LINE
8
BLACK
6
CONTINUOUS
10
8.76244
20
-4.21863
11
8.76209
21
-4.21831
0
LINE
8
BLACK
6
CONTINUOUS
10
8.76209
20
-4.21831
11
8.70944
21
-4.16566
0
LINE
8
BLACK
6
CONTINUOUS
10
8.70944
20
-4.16566
11
8.70914
21
-4.16533
0
LINE
8
BLACK
6
CONTINUOUS
10
8.70914
20
-4.16533
11
8.70898
21
-4.16508
0
LINE
8
BLACK
6
CONTINUOUS
10
8.70898
20
-4.16508
11
8.70702
21
-4.16324
0
LINE
8
BLACK
6
CONTINUOUS
10
8.70702
20
-4.16324
11
8.70691
21
-4.16313
0
LINE
8
BLACK
6
CONTINUOUS
10
8.70691
20
-4.16313
11
8.70613
21
-4.16236
0
LINE
8
BLACK
6
CONTINUOUS
10
8.70613
20
-4.16236
11
8.70601
21
-4.16226
0
LINE
8
BLACK
6
CONTINUOUS
10
8.70601
20
-4.16226
11
8.70565
21
-4.16196
0
LINE
8
BLACK
6
CONTINUOUS
10
8.70565
20
-4.16196
11
8.70499
21
-4.16133
0
LINE
8
BLACK
6
CONTINUOUS
10
8.70499
20
-4.16133
11
8.70438
21
-4.16076
0
LINE
8
BLACK
6
CONTINUOUS
10
8.70438
20
-4.16076
11
8.70411
21
-4.16061
0
LINE
8
BLACK
6
CONTINUOUS
10
8.70411
20
-4.16061
11
8.70411
21
-4.16061
0
LINE
8
BLACK
6
CONTINUOUS
10
8.70411
20
-4.16061
11
8.70369
21
-4.16038
0
LINE
8
BLACK
6
CONTINUOUS
10
8.70369
20
-4.16038
11
8.70304
21
-4.15995
0
LINE
8
BLACK
6
CONTINUOUS
10
8.70304
20
-4.15995
11
8.70302
21
-4.15994
0
LINE
8
BLACK
6
CONTINUOUS
10
8.70302
20
-4.15994
11
8.70241
21
-4.15946
0
LINE
8
BLACK
6
CONTINUOUS
10
8.70241
20
-4.15946
11
8.70212
21
-4.15934
0
LINE
8
BLACK
6
CONTINUOUS
10
8.70212
20
-4.15934
11
8.70212
21
-4.15934
0
LINE
8
BLACK
6
CONTINUOUS
10
8.70212
20
-4.15934
11
8.70081
21
-4.15877
0
LINE
8
BLACK
6
CONTINUOUS
10
8.70081
20
-4.15877
11
8.70039
21
-4.15857
0
LINE
8
BLACK
6
CONTINUOUS
10
8.70039
20
-4.15857
11
8.69886
21
-4.15773
0
LINE
8
BLACK
6
CONTINUOUS
10
8.69886
20
-4.15773
11
8.69809
21
-4.15753
0
LINE
8
BLACK
6
CONTINUOUS
10
8.69809
20
-4.15753
11
8.69735
21
-4.15728
0
LINE
8
BLACK
6
CONTINUOUS
10
8.69735
20
-4.15728
11
8.69691
21
-4.15709
0
LINE
8
BLACK
6
CONTINUOUS
10
8.69691
20
-4.15709
11
8.69691
21
-4.15709
0
LINE
8
BLACK
6
CONTINUOUS
10
8.69691
20
-4.15709
11
8.69662
21
-4.15696
0
LINE
8
BLACK
6
CONTINUOUS
10
8.69662
20
-4.15696
11
8.69631
21
-4.15691
0
LINE
8
BLACK
6
CONTINUOUS
10
8.69631
20
-4.15691
11
8.69631
21
-4.15691
0
LINE
8
BLACK
6
CONTINUOUS
10
8.69631
20
-4.15691
11
8.6949
21
-4.15669
0
LINE
8
BLACK
6
CONTINUOUS
10
8.6949
20
-4.15669
11
8.69444
21
-4.15659
0
LINE
8
BLACK
6
CONTINUOUS
10
8.69444
20
-4.15659
11
8.69306
21
-4.15624
0
LINE
8
BLACK
6
CONTINUOUS
10
8.69306
20
-4.15624
11
8.69306
21
-4.15624
0
LINE
8
BLACK
6
CONTINUOUS
10
8.69306
20
-4.15624
11
8.69276
21
-4.15616
0
LINE
8
BLACK
6
CONTINUOUS
10
8.69276
20
-4.15616
11
8.69196
21
-4.15616
0
LINE
8
BLACK
6
CONTINUOUS
10
8.69196
20
-4.15616
11
8.69119
21
-4.1561
0
LINE
8
BLACK
6
CONTINUOUS
10
8.69119
20
-4.1561
11
8.69086
21
-4.15605
0
LINE
8
BLACK
6
CONTINUOUS
10
8.69086
20
-4.15605
11
8.6904
21
-4.15598
0
LINE
8
BLACK
6
CONTINUOUS
10
8.6904
20
-4.15598
11
8.68925
21
-4.15608
0
LINE
8
BLACK
6
CONTINUOUS
10
8.68925
20
-4.15608
11
8.68866
21
-4.15614
0
LINE
8
BLACK
6
CONTINUOUS
10
8.68866
20
-4.15614
11
8.6882
21
-4.15616
0
LINE
8
BLACK
6
CONTINUOUS
10
8.6882
20
-4.15616
11
8.6716
21
-4.15616
0
LINE
8
BLACK
6
CONTINUOUS
10
8.6716
20
-4.15616
11
8.66892
21
-4.15537
0
LINE
8
BLACK
6
CONTINUOUS
10
8.66892
20
-4.15537
11
8.6681
21
-4.15471
0
LINE
8
BLACK
6
CONTINUOUS
10
8.6681
20
-4.15471
11
8.66703
21
-4.15364
0
LINE
8
BLACK
6
CONTINUOUS
10
8.66703
20
-4.15364
11
8.66676
21
-4.15348
0
LINE
8
BLACK
6
CONTINUOUS
10
8.66676
20
-4.15348
11
8.66179
21
-4.15054
0
LINE
8
BLACK
6
CONTINUOUS
10
8.66179
20
-4.15054
11
8.66179
21
-4.15054
0
LINE
8
BLACK
6
CONTINUOUS
10
8.66179
20
-4.15054
11
8.66152
21
-4.15038
0
LINE
8
BLACK
6
CONTINUOUS
10
8.66152
20
-4.15038
11
8.66122
21
-4.1503
0
LINE
8
BLACK
6
CONTINUOUS
10
8.66122
20
-4.1503
11
8.66122
21
-4.1503
0
LINE
8
BLACK
6
CONTINUOUS
10
8.66122
20
-4.1503
11
8.65562
21
-4.14867
0
LINE
8
BLACK
6
CONTINUOUS
10
8.65562
20
-4.14867
11
8.65562
21
-4.14867
0
LINE
8
BLACK
6
CONTINUOUS
10
8.65562
20
-4.14867
11
8.65537
21
-4.1486
0
LINE
8
BLACK
6
CONTINUOUS
10
8.65537
20
-4.1486
11
8.65512
21
-4.14858
0
LINE
8
BLACK
6
CONTINUOUS
10
8.65512
20
-4.14858
11
8.65512
21
-4.14858
0
LINE
8
BLACK
6
CONTINUOUS
10
8.65512
20
-4.14858
11
8.65403
21
-4.14849
0
LINE
8
BLACK
6
CONTINUOUS
10
8.65403
20
-4.14849
11
8.65403
21
-4.14849
0
LINE
8
BLACK
6
CONTINUOUS
10
8.65403
20
-4.14849
11
8.65394
21
-4.14848
0
LINE
8
BLACK
6
CONTINUOUS
10
8.65394
20
-4.14848
11
8.64607
21
-4.14848
0
LINE
8
BLACK
6
CONTINUOUS
10
8.64607
20
-4.14848
11
8.63819
21
-4.14848
0
LINE
8
BLACK
6
CONTINUOUS
10
8.63819
20
-4.14848
11
8.63675
21
-4.1486
0
LINE
8
BLACK
6
CONTINUOUS
10
8.63675
20
-4.1486
11
8.63435
21
-4.1493
0
LINE
8
BLACK
6
CONTINUOUS
10
8.63435
20
-4.1493
11
8.63091
21
-4.1503
0
LINE
8
BLACK
6
CONTINUOUS
10
8.63091
20
-4.1503
11
8.63091
21
-4.1503
0
LINE
8
BLACK
6
CONTINUOUS
10
8.63091
20
-4.1503
11
8.63061
21
-4.15038
0
LINE
8
BLACK
6
CONTINUOUS
10
8.63061
20
-4.15038
11
8.63034
21
-4.15054
0
LINE
8
BLACK
6
CONTINUOUS
10
8.63034
20
-4.15054
11
8.63034
21
-4.15054
0
LINE
8
BLACK
6
CONTINUOUS
10
8.63034
20
-4.15054
11
8.62851
21
-4.15162
0
LINE
8
BLACK
6
CONTINUOUS
10
8.62851
20
-4.15162
11
8.6258
21
-4.15231
0
LINE
8
BLACK
6
CONTINUOUS
10
8.6258
20
-4.15231
11
8.62346
21
-4.15162
0
LINE
8
BLACK
6
CONTINUOUS
10
8.62346
20
-4.15162
11
8.62163
21
-4.15054
0
LINE
8
BLACK
6
CONTINUOUS
10
8.62163
20
-4.15054
11
8.62163
21
-4.15054
0
LINE
8
BLACK
6
CONTINUOUS
10
8.62163
20
-4.15054
11
8.62136
21
-4.15038
0
LINE
8
BLACK
6
CONTINUOUS
10
8.62136
20
-4.15038
11
8.62106
21
-4.1503
0
LINE
8
BLACK
6
CONTINUOUS
10
8.62106
20
-4.1503
11
8.62106
21
-4.1503
0
LINE
8
BLACK
6
CONTINUOUS
10
8.62106
20
-4.1503
11
8.61546
21
-4.14867
0
LINE
8
BLACK
6
CONTINUOUS
10
8.61546
20
-4.14867
11
8.61546
21
-4.14867
0
LINE
8
BLACK
6
CONTINUOUS
10
8.61546
20
-4.14867
11
8.61522
21
-4.1486
0
LINE
8
BLACK
6
CONTINUOUS
10
8.61522
20
-4.1486
11
8.61496
21
-4.14858
0
LINE
8
BLACK
6
CONTINUOUS
10
8.61496
20
-4.14858
11
8.61496
21
-4.14858
0
LINE
8
BLACK
6
CONTINUOUS
10
8.61496
20
-4.14858
11
8.61388
21
-4.14849
0
LINE
8
BLACK
6
CONTINUOUS
10
8.61388
20
-4.14849
11
8.61388
21
-4.14849
0
LINE
8
BLACK
6
CONTINUOUS
10
8.61388
20
-4.14849
11
8.61378
21
-4.14848
0
LINE
8
BLACK
6
CONTINUOUS
10
8.61378
20
-4.14848
11
8.60591
21
-4.14848
0
LINE
8
BLACK
6
CONTINUOUS
10
8.60591
20
-4.14848
11
8.59803
21
-4.14848
0
LINE
8
BLACK
6
CONTINUOUS
10
8.59803
20
-4.14848
11
8.5966
21
-4.1486
0
LINE
8
BLACK
6
CONTINUOUS
10
8.5966
20
-4.1486
11
8.59419
21
-4.1493
0
LINE
8
BLACK
6
CONTINUOUS
10
8.59419
20
-4.1493
11
8.59075
21
-4.1503
0
LINE
8
BLACK
6
CONTINUOUS
10
8.59075
20
-4.1503
11
8.59075
21
-4.1503
0
LINE
8
BLACK
6
CONTINUOUS
10
8.59075
20
-4.1503
11
8.59045
21
-4.15038
0
LINE
8
BLACK
6
CONTINUOUS
10
8.59045
20
-4.15038
11
8.59018
21
-4.15054
0
LINE
8
BLACK
6
CONTINUOUS
10
8.59018
20
-4.15054
11
8.59018
21
-4.15054
0
LINE
8
BLACK
6
CONTINUOUS
10
8.59018
20
-4.15054
11
8.58914
21
-4.15116
0
LINE
8
BLACK
6
CONTINUOUS
10
8.58914
20
-4.15116
11
8.58643
21
-4.15184
0
LINE
8
BLACK
6
CONTINUOUS
10
8.58643
20
-4.15184
11
8.58409
21
-4.15116
0
LINE
8
BLACK
6
CONTINUOUS
10
8.58409
20
-4.15116
11
8.58305
21
-4.15054
0
LINE
8
BLACK
6
CONTINUOUS
10
8.58305
20
-4.15054
11
8.58305
21
-4.15054
0
LINE
8
BLACK
6
CONTINUOUS
10
8.58305
20
-4.15054
11
8.58278
21
-4.15038
0
LINE
8
BLACK
6
CONTINUOUS
10
8.58278
20
-4.15038
11
8.58248
21
-4.1503
0
LINE
8
BLACK
6
CONTINUOUS
10
8.58248
20
-4.1503
11
8.58248
21
-4.1503
0
LINE
8
BLACK
6
CONTINUOUS
10
8.58248
20
-4.1503
11
8.57688
21
-4.14867
0
LINE
8
BLACK
6
CONTINUOUS
10
8.57688
20
-4.14867
11
8.57688
21
-4.14867
0
LINE
8
BLACK
6
CONTINUOUS
10
8.57688
20
-4.14867
11
8.57663
21
-4.1486
0
LINE
8
BLACK
6
CONTINUOUS
10
8.57663
20
-4.1486
11
8.57638
21
-4.14858
0
LINE
8
BLACK
6
CONTINUOUS
10
8.57638
20
-4.14858
11
8.57638
21
-4.14858
0
LINE
8
BLACK
6
CONTINUOUS
10
8.57638
20
-4.14858
11
8.57529
21
-4.14849
0
LINE
8
BLACK
6
CONTINUOUS
10
8.57529
20
-4.14849
11
8.57529
21
-4.14849
0
LINE
8
BLACK
6
CONTINUOUS
10
8.57529
20
-4.14849
11
8.5752
21
-4.14848
0
LINE
8
BLACK
6
CONTINUOUS
10
8.5752
20
-4.14848
11
8.56733
21
-4.14848
0
LINE
8
BLACK
6
CONTINUOUS
10
8.56733
20
-4.14848
11
8.55945
21
-4.14848
0
LINE
8
BLACK
6
CONTINUOUS
10
8.55945
20
-4.14848
11
8.55801
21
-4.1486
0
LINE
8
BLACK
6
CONTINUOUS
10
8.55801
20
-4.1486
11
8.55561
21
-4.1493
0
LINE
8
BLACK
6
CONTINUOUS
10
8.55561
20
-4.1493
11
8.55217
21
-4.1503
0
LINE
8
BLACK
6
CONTINUOUS
10
8.55217
20
-4.1503
11
8.55217
21
-4.1503
0
LINE
8
BLACK
6
CONTINUOUS
10
8.55217
20
-4.1503
11
8.55187
21
-4.15038
0
LINE
8
BLACK
6
CONTINUOUS
10
8.55187
20
-4.15038
11
8.5516
21
-4.15054
0
LINE
8
BLACK
6
CONTINUOUS
10
8.5516
20
-4.15054
11
8.5516
21
-4.15054
0
LINE
8
BLACK
6
CONTINUOUS
10
8.5516
20
-4.15054
11
8.54977
21
-4.15162
0
LINE
8
BLACK
6
CONTINUOUS
10
8.54977
20
-4.15162
11
8.54706
21
-4.15231
0
LINE
8
BLACK
6
CONTINUOUS
10
8.54706
20
-4.15231
11
8.54472
21
-4.15162
0
LINE
8
BLACK
6
CONTINUOUS
10
8.54472
20
-4.15162
11
8.54289
21
-4.15054
0
LINE
8
BLACK
6
CONTINUOUS
10
8.54289
20
-4.15054
11
8.54289
21
-4.15054
0
LINE
8
BLACK
6
CONTINUOUS
10
8.54289
20
-4.15054
11
8.54262
21
-4.15038
0
LINE
8
BLACK
6
CONTINUOUS
10
8.54262
20
-4.15038
11
8.54232
21
-4.1503
0
LINE
8
BLACK
6
CONTINUOUS
10
8.54232
20
-4.1503
11
8.54232
21
-4.1503
0
LINE
8
BLACK
6
CONTINUOUS
10
8.54232
20
-4.1503
11
8.53672
21
-4.14867
0
LINE
8
BLACK
6
CONTINUOUS
10
8.53672
20
-4.14867
11
8.53672
21
-4.14867
0
LINE
8
BLACK
6
CONTINUOUS
10
8.53672
20
-4.14867
11
8.53648
21
-4.1486
0
LINE
8
BLACK
6
CONTINUOUS
10
8.53648
20
-4.1486
11
8.53622
21
-4.14858
0
LINE
8
BLACK
6
CONTINUOUS
10
8.53622
20
-4.14858
11
8.53622
21
-4.14858
0
LINE
8
BLACK
6
CONTINUOUS
10
8.53622
20
-4.14858
11
8.53514
21
-4.14849
0
LINE
8
BLACK
6
CONTINUOUS
10
8.53514
20
-4.14849
11
8.53514
21
-4.14849
0
LINE
8
BLACK
6
CONTINUOUS
10
8.53514
20
-4.14849
11
8.53504
21
-4.14848
0
LINE
8
BLACK
6
CONTINUOUS
10
8.53504
20
-4.14848
11
8.52717
21
-4.14848
0
LINE
8
BLACK
6
CONTINUOUS
10
8.52717
20
-4.14848
11
8.51929
21
-4.14848
0
LINE
8
BLACK
6
CONTINUOUS
10
8.51929
20
-4.14848
11
8.51786
21
-4.1486
0
LINE
8
BLACK
6
CONTINUOUS
10
8.51786
20
-4.1486
11
8.51545
21
-4.1493
0
LINE
8
BLACK
6
CONTINUOUS
10
8.51545
20
-4.1493
11
8.51201
21
-4.1503
0
LINE
8
BLACK
6
CONTINUOUS
10
8.51201
20
-4.1503
11
8.51201
21
-4.1503
0
LINE
8
BLACK
6
CONTINUOUS
10
8.51201
20
-4.1503
11
8.51171
21
-4.15038
0
LINE
8
BLACK
6
CONTINUOUS
10
8.51171
20
-4.15038
11
8.51144
21
-4.15054
0
LINE
8
BLACK
6
CONTINUOUS
10
8.51144
20
-4.15054
11
8.51144
21
-4.15054
0
LINE
8
BLACK
6
CONTINUOUS
10
8.51144
20
-4.15054
11
8.5104
21
-4.15116
0
LINE
8
BLACK
6
CONTINUOUS
10
8.5104
20
-4.15116
11
8.50769
21
-4.15184
0
LINE
8
BLACK
6
CONTINUOUS
10
8.50769
20
-4.15184
11
8.50535
21
-4.15116
0
LINE
8
BLACK
6
CONTINUOUS
10
8.50535
20
-4.15116
11
8.50431
21
-4.15054
0
LINE
8
BLACK
6
CONTINUOUS
10
8.50431
20
-4.15054
11
8.50431
21
-4.15054
0
LINE
8
BLACK
6
CONTINUOUS
10
8.50431
20
-4.15054
11
8.50404
21
-4.15038
0
LINE
8
BLACK
6
CONTINUOUS
10
8.50404
20
-4.15038
11
8.50374
21
-4.1503
0
LINE
8
BLACK
6
CONTINUOUS
10
8.50374
20
-4.1503
11
8.50374
21
-4.1503
0
LINE
8
BLACK
6
CONTINUOUS
10
8.50374
20
-4.1503
11
8.49814
21
-4.14867
0
LINE
8
BLACK
6
CONTINUOUS
10
8.49814
20
-4.14867
11
8.49814
21
-4.14867
0
LINE
8
BLACK
6
CONTINUOUS
10
8.49814
20
-4.14867
11
8.49789
21
-4.1486
0
LINE
8
BLACK
6
CONTINUOUS
10
8.49789
20
-4.1486
11
8.49764
21
-4.14858
0
LINE
8
BLACK
6
CONTINUOUS
10
8.49764
20
-4.14858
11
8.49764
21
-4.14858
0
LINE
8
BLACK
6
CONTINUOUS
10
8.49764
20
-4.14858
11
8.49655
21
-4.14849
0
LINE
8
BLACK
6
CONTINUOUS
10
8.49655
20
-4.14849
11
8.49655
21
-4.14849
0
LINE
8
BLACK
6
CONTINUOUS
10
8.49655
20
-4.14849
11
8.49646
21
-4.14848
0
LINE
8
BLACK
6
CONTINUOUS
10
8.49646
20
-4.14848
11
8.48859
21
-4.14848
0
LINE
8
BLACK
6
CONTINUOUS
10
8.48859
20
-4.14848
11
8.48071
21
-4.14848
0
LINE
8
BLACK
6
CONTINUOUS
10
8.48071
20
-4.14848
11
8.47927
21
-4.1486
0
LINE
8
BLACK
6
CONTINUOUS
10
8.47927
20
-4.1486
11
8.47687
21
-4.1493
0
LINE
8
BLACK
6
CONTINUOUS
10
8.47687
20
-4.1493
11
8.47343
21
-4.1503
0
LINE
8
BLACK
6
CONTINUOUS
10
8.47343
20
-4.1503
11
8.47343
21
-4.1503
0
LINE
8
BLACK
6
CONTINUOUS
10
8.47343
20
-4.1503
11
8.47313
21
-4.15038
0
LINE
8
BLACK
6
CONTINUOUS
10
8.47313
20
-4.15038
11
8.47286
21
-4.15054
0
LINE
8
BLACK
6
CONTINUOUS
10
8.47286
20
-4.15054
11
8.47286
21
-4.15054
0
LINE
8
BLACK
6
CONTINUOUS
10
8.47286
20
-4.15054
11
8.47103
21
-4.15162
0
LINE
8
BLACK
6
CONTINUOUS
10
8.47103
20
-4.15162
11
8.46832
21
-4.15231
0
LINE
8
BLACK
6
CONTINUOUS
10
8.46832
20
-4.15231
11
8.46598
21
-4.15162
0
LINE
8
BLACK
6
CONTINUOUS
10
8.46598
20
-4.15162
11
8.46415
21
-4.15054
0
LINE
8
BLACK
6
CONTINUOUS
10
8.46415
20
-4.15054
11
8.46415
21
-4.15054
0
LINE
8
BLACK
6
CONTINUOUS
10
8.46415
20
-4.15054
11
8.46388
21
-4.15038
0
LINE
8
BLACK
6
CONTINUOUS
10
8.46388
20
-4.15038
11
8.46358
21
-4.1503
0
LINE
8
BLACK
6
CONTINUOUS
10
8.46358
20
-4.1503
11
8.46358
21
-4.1503
0
LINE
8
BLACK
6
CONTINUOUS
10
8.46358
20
-4.1503
11
8.45798
21
-4.14867
0
LINE
8
BLACK
6
CONTINUOUS
10
8.45798
20
-4.14867
11
8.45798
21
-4.14867
0
LINE
8
BLACK
6
CONTINUOUS
10
8.45798
20
-4.14867
11
8.45773
21
-4.1486
0
LINE
8
BLACK
6
CONTINUOUS
10
8.45773
20
-4.1486
11
8.45748
21
-4.14858
0
LINE
8
BLACK
6
CONTINUOUS
10
8.45748
20
-4.14858
11
8.45748
21
-4.14858
0
LINE
8
BLACK
6
CONTINUOUS
10
8.45748
20
-4.14858
11
8.4564
21
-4.14849
0
LINE
8
BLACK
6
CONTINUOUS
10
8.4564
20
-4.14849
11
8.4564
21
-4.14849
0
LINE
8
BLACK
6
CONTINUOUS
10
8.4564
20
-4.14849
11
8.4563
21
-4.14848
0
LINE
8
BLACK
6
CONTINUOUS
10
8.4563
20
-4.14848
11
8.44843
21
-4.14848
0
LINE
8
BLACK
6
CONTINUOUS
10
8.44843
20
-4.14848
11
8.44055
21
-4.14848
0
LINE
8
BLACK
6
CONTINUOUS
10
8.44055
20
-4.14848
11
8.43912
21
-4.1486
0
LINE
8
BLACK
6
CONTINUOUS
10
8.43912
20
-4.1486
11
8.43671
21
-4.1493
0
LINE
8
BLACK
6
CONTINUOUS
10
8.43671
20
-4.1493
11
8.43327
21
-4.1503
0
LINE
8
BLACK
6
CONTINUOUS
10
8.43327
20
-4.1503
11
8.43327
21
-4.1503
0
LINE
8
BLACK
6
CONTINUOUS
10
8.43327
20
-4.1503
11
8.43297
21
-4.15038
0
LINE
8
BLACK
6
CONTINUOUS
10
8.43297
20
-4.15038
11
8.4327
21
-4.15054
0
LINE
8
BLACK
6
CONTINUOUS
10
8.4327
20
-4.15054
11
8.4327
21
-4.15054
0
LINE
8
BLACK
6
CONTINUOUS
10
8.4327
20
-4.15054
11
8.43166
21
-4.15116
0
LINE
8
BLACK
6
CONTINUOUS
10
8.43166
20
-4.15116
11
8.42895
21
-4.15184
0
LINE
8
BLACK
6
CONTINUOUS
10
8.42895
20
-4.15184
11
8.42661
21
-4.15116
0
LINE
8
BLACK
6
CONTINUOUS
10
8.42661
20
-4.15116
11
8.42557
21
-4.15054
0
LINE
8
BLACK
6
CONTINUOUS
10
8.42557
20
-4.15054
11
8.42557
21
-4.15054
0
LINE
8
BLACK
6
CONTINUOUS
10
8.42557
20
-4.15054
11
8.4253
21
-4.15038
0
LINE
8
BLACK
6
CONTINUOUS
10
8.4253
20
-4.15038
11
8.425
21
-4.1503
0
LINE
8
BLACK
6
CONTINUOUS
10
8.425
20
-4.1503
11
8.425
21
-4.1503
0
LINE
8
BLACK
6
CONTINUOUS
10
8.425
20
-4.1503
11
8.4194
21
-4.14867
0
LINE
8
BLACK
6
CONTINUOUS
10
8.4194
20
-4.14867
11
8.4194
21
-4.14867
0
LINE
8
BLACK
6
CONTINUOUS
10
8.4194
20
-4.14867
11
8.41915
21
-4.1486
0
LINE
8
BLACK
6
CONTINUOUS
10
8.41915
20
-4.1486
11
8.4189
21
-4.14858
0
LINE
8
BLACK
6
CONTINUOUS
10
8.4189
20
-4.14858
11
8.4189
21
-4.14858
0
LINE
8
BLACK
6
CONTINUOUS
10
8.4189
20
-4.14858
11
8.41781
21
-4.14849
0
LINE
8
BLACK
6
CONTINUOUS
10
8.41781
20
-4.14849
11
8.41781
21
-4.14849
0
LINE
8
BLACK
6
CONTINUOUS
10
8.41781
20
-4.14849
11
8.41772
21
-4.14848
0
LINE
8
BLACK
6
CONTINUOUS
10
8.41772
20
-4.14848
11
8.40985
21
-4.14848
0
LINE
8
BLACK
6
CONTINUOUS
10
8.40985
20
-4.14848
11
8.40197
21
-4.14848
0
LINE
8
BLACK
6
CONTINUOUS
10
8.40197
20
-4.14848
11
8.40053
21
-4.1486
0
LINE
8
BLACK
6
CONTINUOUS
10
8.40053
20
-4.1486
11
8.39813
21
-4.1493
0
LINE
8
BLACK
6
CONTINUOUS
10
8.39813
20
-4.1493
11
8.39469
21
-4.1503
0
LINE
8
BLACK
6
CONTINUOUS
10
8.39469
20
-4.1503
11
8.39469
21
-4.1503
0
LINE
8
BLACK
6
CONTINUOUS
10
8.39469
20
-4.1503
11
8.39439
21
-4.15038
0
LINE
8
BLACK
6
CONTINUOUS
10
8.39439
20
-4.15038
11
8.39412
21
-4.15054
0
LINE
8
BLACK
6
CONTINUOUS
10
8.39412
20
-4.15054
11
8.39412
21
-4.15054
0
LINE
8
BLACK
6
CONTINUOUS
10
8.39412
20
-4.15054
11
8.39229
21
-4.15162
0
LINE
8
BLACK
6
CONTINUOUS
10
8.39229
20
-4.15162
11
8.38958
21
-4.15231
0
LINE
8
BLACK
6
CONTINUOUS
10
8.38958
20
-4.15231
11
8.38724
21
-4.15162
0
LINE
8
BLACK
6
CONTINUOUS
10
8.38724
20
-4.15162
11
8.38541
21
-4.15054
0
LINE
8
BLACK
6
CONTINUOUS
10
8.38541
20
-4.15054
11
8.38541
21
-4.15054
0
LINE
8
BLACK
6
CONTINUOUS
10
8.38541
20
-4.15054
11
8.38514
21
-4.15038
0
LINE
8
BLACK
6
CONTINUOUS
10
8.38514
20
-4.15038
11
8.38484
21
-4.1503
0
LINE
8
BLACK
6
CONTINUOUS
10
8.38484
20
-4.1503
11
8.38484
21
-4.1503
0
LINE
8
BLACK
6
CONTINUOUS
10
8.38484
20
-4.1503
11
8.37924
21
-4.14867
0
LINE
8
BLACK
6
CONTINUOUS
10
8.37924
20
-4.14867
11
8.37924
21
-4.14867
0
LINE
8
BLACK
6
CONTINUOUS
10
8.37924
20
-4.14867
11
8.37899
21
-4.1486
0
LINE
8
BLACK
6
CONTINUOUS
10
8.37899
20
-4.1486
11
8.37874
21
-4.14858
0
LINE
8
BLACK
6
CONTINUOUS
10
8.37874
20
-4.14858
11
8.37874
21
-4.14858
0
LINE
8
BLACK
6
CONTINUOUS
10
8.37874
20
-4.14858
11
8.37766
21
-4.14849
0
LINE
8
BLACK
6
CONTINUOUS
10
8.37766
20
-4.14849
11
8.37766
21
-4.14849
0
LINE
8
BLACK
6
CONTINUOUS
10
8.37766
20
-4.14849
11
8.37756
21
-4.14848
0
LINE
8
BLACK
6
CONTINUOUS
10
8.37756
20
-4.14848
11
8.36969
21
-4.14848
0
LINE
8
BLACK
6
CONTINUOUS
10
8.36969
20
-4.14848
11
8.36181
21
-4.14848
0
LINE
8
BLACK
6
CONTINUOUS
10
8.36181
20
-4.14848
11
8.36038
21
-4.1486
0
LINE
8
BLACK
6
CONTINUOUS
10
8.36038
20
-4.1486
11
8.35797
21
-4.1493
0
LINE
8
BLACK
6
CONTINUOUS
10
8.35797
20
-4.1493
11
8.35453
21
-4.1503
0
LINE
8
BLACK
6
CONTINUOUS
10
8.35453
20
-4.1503
11
8.35453
21
-4.1503
0
LINE
8
BLACK
6
CONTINUOUS
10
8.35453
20
-4.1503
11
8.35423
21
-4.15038
0
LINE
8
BLACK
6
CONTINUOUS
10
8.35423
20
-4.15038
11
8.35396
21
-4.15054
0
LINE
8
BLACK
6
CONTINUOUS
10
8.35396
20
-4.15054
11
8.35396
21
-4.15054
0
LINE
8
BLACK
6
CONTINUOUS
10
8.35396
20
-4.15054
11
8.34899
21
-4.15348
0
LINE
8
BLACK
6
CONTINUOUS
10
8.34899
20
-4.15348
11
8.34872
21
-4.15364
0
LINE
8
BLACK
6
CONTINUOUS
10
8.34872
20
-4.15364
11
8.34765
21
-4.15471
0
LINE
8
BLACK
6
CONTINUOUS
10
8.34765
20
-4.15471
11
8.3452
21
-4.15605
0
LINE
8
BLACK
6
CONTINUOUS
10
8.3452
20
-4.15605
11
8.34414
21
-4.15616
0
LINE
8
BLACK
6
CONTINUOUS
10
8.34414
20
-4.15616
11
8.3216
21
-4.15616
0
LINE
8
BLACK
6
CONTINUOUS
10
8.3216
20
-4.15616
11
8.32116
21
-4.15614
0
LINE
8
BLACK
6
CONTINUOUS
10
8.32116
20
-4.15614
11
8.32087
21
-4.15607
0
LINE
8
BLACK
6
CONTINUOUS
10
8.32087
20
-4.15607
11
8.32056
21
-4.15608
0
LINE
8
BLACK
6
CONTINUOUS
10
8.32056
20
-4.15608
11
8.32056
21
-4.15608
0
LINE
8
BLACK
6
CONTINUOUS
10
8.32056
20
-4.15608
11
8.31819
21
-4.15616
0
LINE
8
BLACK
6
CONTINUOUS
10
8.31819
20
-4.15616
11
8.31803
21
-4.15616
0
LINE
8
BLACK
6
CONTINUOUS
10
8.31803
20
-4.15616
11
8.31693
21
-4.15616
0
LINE
8
BLACK
6
CONTINUOUS
10
8.31693
20
-4.15616
11
8.31678
21
-4.15618
0
LINE
8
BLACK
6
CONTINUOUS
10
8.31678
20
-4.15618
11
8.31678
21
-4.15618
0
LINE
8
BLACK
6
CONTINUOUS
10
8.31678
20
-4.15618
11
8.31678
21
-4.15618
0
LINE
8
BLACK
6
CONTINUOUS
10
8.31678
20
-4.15618
11
8.31631
21
-4.15622
0
LINE
8
BLACK
6
CONTINUOUS
10
8.31631
20
-4.15622
11
8.31504
21
-4.15626
0
LINE
8
BLACK
6
CONTINUOUS
10
8.31504
20
-4.15626
11
8.31488
21
-4.15626
0
LINE
8
BLACK
6
CONTINUOUS
10
8.31488
20
-4.15626
11
8.31457
21
-4.15627
0
LINE
8
BLACK
6
CONTINUOUS
10
8.31457
20
-4.15627
11
8.31381
21
-4.1565
0
LINE
8
BLACK
6
CONTINUOUS
10
8.31381
20
-4.1565
11
8.31304
21
-4.15665
0
LINE
8
BLACK
6
CONTINUOUS
10
8.31304
20
-4.15665
11
8.31256
21
-4.15671
0
LINE
8
BLACK
6
CONTINUOUS
10
8.31256
20
-4.15671
11
8.31256
21
-4.15671
0
LINE
8
BLACK
6
CONTINUOUS
10
8.31256
20
-4.15671
11
8.31225
21
-4.15675
0
LINE
8
BLACK
6
CONTINUOUS
10
8.31225
20
-4.15675
11
8.31196
21
-4.15687
0
LINE
8
BLACK
6
CONTINUOUS
10
8.31196
20
-4.15687
11
8.31196
21
-4.15687
0
LINE
8
BLACK
6
CONTINUOUS
10
8.31196
20
-4.15687
11
8.31063
21
-4.15739
0
LINE
8
BLACK
6
CONTINUOUS
10
8.31063
20
-4.15739
11
8.31019
21
-4.15755
0
LINE
8
BLACK
6
CONTINUOUS
10
8.31019
20
-4.15755
11
8.30882
21
-4.15794
0
LINE
8
BLACK
6
CONTINUOUS
10
8.30882
20
-4.15794
11
8.30882
21
-4.15794
0
LINE
8
BLACK
6
CONTINUOUS
10
8.30882
20
-4.15794
11
8.30852
21
-4.15803
0
LINE
8
BLACK
6
CONTINUOUS
10
8.30852
20
-4.15803
11
8.30825
21
-4.15819
0
LINE
8
BLACK
6
CONTINUOUS
10
8.30825
20
-4.15819
11
8.30825
21
-4.15819
0
LINE
8
BLACK
6
CONTINUOUS
10
8.30825
20
-4.15819
11
8.30783
21
-4.15844
0
LINE
8
BLACK
6
CONTINUOUS
10
8.30783
20
-4.15844
11
8.30713
21
-4.15878
0
LINE
8
BLACK
6
CONTINUOUS
10
8.30713
20
-4.15878
11
8.30639
21
-4.15907
0
LINE
8
BLACK
6
CONTINUOUS
10
8.30639
20
-4.15907
11
8.30614
21
-4.15926
0
LINE
8
BLACK
6
CONTINUOUS
10
8.30614
20
-4.15926
11
8.30614
21
-4.15926
0
LINE
8
BLACK
6
CONTINUOUS
10
8.30614
20
-4.15926
11
8.30498
21
-4.1601
0
LINE
8
BLACK
6
CONTINUOUS
10
8.30498
20
-4.1601
11
8.30459
21
-4.16035
0
LINE
8
BLACK
6
CONTINUOUS
10
8.30459
20
-4.16035
11
8.30336
21
-4.16108
0
LINE
8
BLACK
6
CONTINUOUS
10
8.30336
20
-4.16108
11
8.30336
21
-4.16108
0
LINE
8
BLACK
6
CONTINUOUS
10
8.30336
20
-4.16108
11
8.3031
21
-4.16124
0
LINE
8
BLACK
6
CONTINUOUS
10
8.3031
20
-4.16124
11
8.30253
21
-4.1618
0
LINE
8
BLACK
6
CONTINUOUS
10
8.30253
20
-4.1618
11
8.30194
21
-4.16231
0
LINE
8
BLACK
6
CONTINUOUS
10
8.30194
20
-4.16231
11
8.30129
21
-4.16278
0
LINE
8
BLACK
6
CONTINUOUS
10
8.30129
20
-4.16278
11
8.30095
21
-4.16319
0
LINE
8
BLACK
6
CONTINUOUS
10
8.30095
20
-4.16319
11
8.30019
21
-4.16412
0
LINE
8
BLACK
6
CONTINUOUS
10
8.30019
20
-4.16412
11
8.29987
21
-4.16446
0
LINE
8
BLACK
6
CONTINUOUS
10
8.29987
20
-4.16446
11
8.24125
21
-4.22309
0
LINE
8
BLACK
6
CONTINUOUS
10
8.24125
20
-4.22309
11
8.2388
21
-4.22442
0
LINE
8
BLACK
6
CONTINUOUS
10
8.2388
20
-4.22442
11
8.23601
21
-4.22423
0
LINE
8
BLACK
6
CONTINUOUS
10
8.23601
20
-4.22423
11
8.23377
21
-4.22255
0
LINE
8
BLACK
6
CONTINUOUS
10
8.23377
20
-4.22255
11
8.23279
21
-4.21993
0
LINE
8
BLACK
6
CONTINUOUS
10
8.23279
20
-4.21993
11
8.23316
21
-4.21768
0
LINE
8
BLACK
6
CONTINUOUS
10
8.23316
20
-4.21768
11
8.23361
21
-4.21658
0
LINE
8
BLACK
6
CONTINUOUS
10
8.23361
20
-4.21658
11
8.2348
21
-4.21372
0
LINE
8
BLACK
6
CONTINUOUS
10
8.2348
20
-4.21372
11
8.23572
21
-4.2115
0
LINE
8
BLACK
6
CONTINUOUS
10
8.23572
20
-4.2115
11
8.23572
21
-4.2115
0
LINE
8
BLACK
6
CONTINUOUS
10
8.23572
20
-4.2115
11
8.23579
21
-4.21132
0
LINE
8
BLACK
6
CONTINUOUS
10
8.23579
20
-4.21132
11
8.23671
21
-4.2075
0
LINE
8
BLACK
6
CONTINUOUS
10
8.23671
20
-4.2075
11
8.23793
21
-4.20242
0
LINE
8
BLACK
6
CONTINUOUS
10
8.23793
20
-4.20242
11
8.23793
21
-4.20242
0
LINE
8
BLACK
6
CONTINUOUS
10
8.23793
20
-4.20242
11
8.23797
21
-4.20223
0
LINE
8
BLACK
6
CONTINUOUS
10
8.23797
20
-4.20223
11
8.23871
21
-4.19291
0
LINE
8
BLACK
6
CONTINUOUS
10
8.23871
20
-4.19291
11
8.23797
21
-4.18359
0
LINE
8
BLACK
6
CONTINUOUS
10
8.23797
20
-4.18359
11
8.23579
21
-4.1745
0
LINE
8
BLACK
6
CONTINUOUS
10
8.23579
20
-4.1745
11
8.23516
21
-4.17298
0
LINE
8
BLACK
6
CONTINUOUS
10
8.23516
20
-4.17298
11
8.23229
21
-4.16605
0
LINE
8
BLACK
6
CONTINUOUS
10
8.23229
20
-4.16605
11
8.23229
21
-4.16605
0
LINE
8
BLACK
6
CONTINUOUS
10
8.23229
20
-4.16605
11
8.23221
21
-4.16587
0
LINE
8
BLACK
6
CONTINUOUS
10
8.23221
20
-4.16587
11
8.23194
21
-4.16541
0
LINE
8
BLACK
6
CONTINUOUS
10
8.23194
20
-4.16541
11
8.22743
21
-4.15806
0
LINE
8
BLACK
6
CONTINUOUS
10
8.22743
20
-4.15806
11
8.22743
21
-4.15806
0
LINE
8
BLACK
6
CONTINUOUS
10
8.22743
20
-4.15806
11
8.22733
21
-4.1579
0
LINE
8
BLACK
6
CONTINUOUS
10
8.22733
20
-4.1579
11
8.22186
21
-4.15149
0
LINE
8
BLACK
6
CONTINUOUS
10
8.22186
20
-4.15149
11
8.22138
21
-4.15094
0
LINE
8
BLACK
6
CONTINUOUS
10
8.22138
20
-4.15094
11
8.22126
21
-4.15079
0
LINE
8
BLACK
6
CONTINUOUS
10
8.22126
20
-4.15079
11
8.22064
21
-4.15026
0
LINE
8
BLACK
6
CONTINUOUS
10
8.22064
20
-4.15026
11
8.2195
21
-4.14928
0
LINE
8
BLACK
6
CONTINUOUS
10
8.2195
20
-4.14928
11
8.21415
21
-4.14472
0
LINE
8
BLACK
6
CONTINUOUS
10
8.21415
20
-4.14472
11
8.21398
21
-4.14462
0
LINE
8
BLACK
6
CONTINUOUS
10
8.21398
20
-4.14462
11
8.21398
21
-4.14462
0
LINE
8
BLACK
6
CONTINUOUS
10
8.21398
20
-4.14462
11
8.20635
21
-4.13993
0
LINE
8
BLACK
6
CONTINUOUS
10
8.20635
20
-4.13993
11
8.20618
21
-4.13983
0
LINE
8
BLACK
6
CONTINUOUS
10
8.20618
20
-4.13983
11
8.206
21
-4.13976
0
LINE
8
BLACK
6
CONTINUOUS
10
8.206
20
-4.13976
11
8.206
21
-4.13976
0
LINE
8
BLACK
6
CONTINUOUS
10
8.206
20
-4.13976
11
8.19772
21
-4.13633
0
LINE
8
BLACK
6
CONTINUOUS
10
8.19772
20
-4.13633
11
8.19772
21
-4.13633
0
LINE
8
BLACK
6
CONTINUOUS
10
8.19772
20
-4.13633
11
8.19754
21
-4.13626
0
LINE
8
BLACK
6
CONTINUOUS
10
8.19754
20
-4.13626
11
8.19431
21
-4.13548
0
LINE
8
BLACK
6
CONTINUOUS
10
8.19431
20
-4.13548
11
8.18864
21
-4.13412
0
LINE
8
BLACK
6
CONTINUOUS
10
8.18864
20
-4.13412
11
8.18864
21
-4.13412
0
LINE
8
BLACK
6
CONTINUOUS
10
8.18864
20
-4.13412
11
8.18845
21
-4.13407
0
LINE
8
BLACK
6
CONTINUOUS
10
8.18845
20
-4.13407
11
8.17913
21
-4.13334
0
LINE
8
BLACK
6
CONTINUOUS
10
8.17913
20
-4.13334
11
8.16981
21
-4.13407
0
LINE
8
BLACK
6
CONTINUOUS
10
8.16981
20
-4.13407
11
8.16963
21
-4.13412
0
LINE
8
BLACK
6
CONTINUOUS
10
8.16963
20
-4.13412
11
8.16963
21
-4.13412
0
LINE
8
BLACK
6
CONTINUOUS
10
8.16963
20
-4.13412
11
8.16395
21
-4.13548
0
LINE
8
BLACK
6
CONTINUOUS
10
8.16395
20
-4.13548
11
8.16072
21
-4.13626
0
LINE
8
BLACK
6
CONTINUOUS
10
8.16072
20
-4.13626
11
8.16054
21
-4.13633
0
LINE
8
BLACK
6
CONTINUOUS
10
8.16054
20
-4.13633
11
8.16054
21
-4.13633
0
LINE
8
BLACK
6
CONTINUOUS
10
8.16054
20
-4.13633
11
8.15227
21
-4.13976
0
LINE
8
BLACK
6
CONTINUOUS
10
8.15227
20
-4.13976
11
8.15227
21
-4.13976
0
LINE
8
BLACK
6
CONTINUOUS
10
8.15227
20
-4.13976
11
8.15209
21
-4.13983
0
LINE
8
BLACK
6
CONTINUOUS
10
8.15209
20
-4.13983
11
8.15192
21
-4.13993
0
LINE
8
BLACK
6
CONTINUOUS
10
8.15192
20
-4.13993
11
8.14428
21
-4.14462
0
LINE
8
BLACK
6
CONTINUOUS
10
8.14428
20
-4.14462
11
8.14428
21
-4.14462
0
LINE
8
BLACK
6
CONTINUOUS
10
8.14428
20
-4.14462
11
8.14412
21
-4.14472
0
LINE
8
BLACK
6
CONTINUOUS
10
8.14412
20
-4.14472
11
8.13877
21
-4.14928
0
LINE
8
BLACK
6
CONTINUOUS
10
8.13877
20
-4.14928
11
8.13762
21
-4.15026
0
LINE
8
BLACK
6
CONTINUOUS
10
8.13762
20
-4.15026
11
8.13701
21
-4.15079
0
LINE
8
BLACK
6
CONTINUOUS
10
8.13701
20
-4.15079
11
8.13688
21
-4.15094
0
LINE
8
BLACK
6
CONTINUOUS
10
8.13688
20
-4.15094
11
8.13641
21
-4.15149
0
LINE
8
BLACK
6
CONTINUOUS
10
8.13641
20
-4.15149
11
8.13094
21
-4.1579
0
LINE
8
BLACK
6
CONTINUOUS
10
8.13094
20
-4.1579
11
8.13084
21
-4.15806
0
LINE
8
BLACK
6
CONTINUOUS
10
8.13084
20
-4.15806
11
8.13084
21
-4.15806
0
LINE
8
BLACK
6
CONTINUOUS
10
8.13084
20
-4.15806
11
8.12633
21
-4.16541
0
LINE
8
BLACK
6
CONTINUOUS
10
8.12633
20
-4.16541
11
8.12605
21
-4.16587
0
LINE
8
BLACK
6
CONTINUOUS
10
8.12605
20
-4.16587
11
8.12598
21
-4.16605
0
LINE
8
BLACK
6
CONTINUOUS
10
8.12598
20
-4.16605
11
8.12598
21
-4.16605
0
LINE
8
BLACK
6
CONTINUOUS
10
8.12598
20
-4.16605
11
8.12311
21
-4.17298
0
LINE
8
BLACK
6
CONTINUOUS
10
8.12311
20
-4.17298
11
8.12248
21
-4.1745
0
LINE
8
BLACK
6
CONTINUOUS
10
8.12248
20
-4.1745
11
8.12029
21
-4.18359
0
LINE
8
BLACK
6
CONTINUOUS
10
8.12029
20
-4.18359
11
8.11956
21
-4.19291
0
LINE
8
BLACK
6
CONTINUOUS
10
8.11956
20
-4.19291
11
8.12029
21
-4.20223
0
LINE
8
BLACK
6
CONTINUOUS
10
8.12029
20
-4.20223
11
8.12034
21
-4.20242
0
LINE
8
BLACK
6
CONTINUOUS
10
8.12034
20
-4.20242
11
8.12034
21
-4.20242
0
LINE
8
BLACK
6
CONTINUOUS
10
8.12034
20
-4.20242
11
8.12156
21
-4.2075
0
LINE
8
BLACK
6
CONTINUOUS
10
8.12156
20
-4.2075
11
8.12248
21
-4.21132
0
LINE
8
BLACK
6
CONTINUOUS
10
8.12248
20
-4.21132
11
8.12255
21
-4.2115
0
LINE
8
BLACK
6
CONTINUOUS
10
8.12255
20
-4.2115
11
8.12255
21
-4.2115
0
LINE
8
BLACK
6
CONTINUOUS
10
8.12255
20
-4.2115
11
8.12596
21
-4.21974
0
LINE
8
BLACK
6
CONTINUOUS
10
8.12596
20
-4.21974
11
8.12605
21
-4.21996
0
LINE
8
BLACK
6
CONTINUOUS
10
8.12605
20
-4.21996
11
8.12616
21
-4.22013
0
LINE
8
BLACK
6
CONTINUOUS
10
8.12616
20
-4.22013
11
8.12616
21
-4.22013
0
LINE
8
BLACK
6
CONTINUOUS
10
8.12616
20
-4.22013
11
8.12637
21
-4.22048
0
LINE
8
BLACK
6
CONTINUOUS
10
8.12637
20
-4.22048
11
8.1271
21
-4.22318
0
LINE
8
BLACK
6
CONTINUOUS
10
8.1271
20
-4.22318
11
8.12626
21
-4.22584
0
LINE
8
BLACK
6
CONTINUOUS
10
8.12626
20
-4.22584
11
8.12411
21
-4.22763
0
LINE
8
BLACK
6
CONTINUOUS
10
8.12411
20
-4.22763
11
8.12214
21
-4.22803
0
LINE
8
BLACK
6
CONTINUOUS
10
8.12214
20
-4.22803
11
8.07737
21
-4.22803
0
LINE
8
BLACK
6
CONTINUOUS
10
8.07737
20
-4.22803
11
8.07468
21
-4.22724
0
LINE
8
BLACK
6
CONTINUOUS
10
8.07468
20
-4.22724
11
8.07307
21
-4.22555
0
LINE
8
BLACK
6
CONTINUOUS
10
8.07307
20
-4.22555
11
8.07091
21
-4.22181
0
LINE
8
BLACK
6
CONTINUOUS
10
8.07091
20
-4.22181
11
8.07043
21
-4.22099
0
LINE
8
BLACK
6
CONTINUOUS
10
8.07043
20
-4.22099
11
8.06966
21
-4.22013
0
LINE
8
BLACK
6
CONTINUOUS
10
8.06966
20
-4.22013
11
8.06558
21
-4.21559
0
LINE
8
BLACK
6
CONTINUOUS
10
8.06558
20
-4.21559
11
8.06558
21
-4.21559
0
LINE
8
BLACK
6
CONTINUOUS
10
8.06558
20
-4.21559
11
8.0654
21
-4.2154
0
LINE
8
BLACK
6
CONTINUOUS
10
8.0654
20
-4.2154
11
8.05932
21
-4.21098
0
LINE
8
BLACK
6
CONTINUOUS
10
8.05932
20
-4.21098
11
8.05908
21
-4.21087
0
LINE
8
BLACK
6
CONTINUOUS
10
8.05908
20
-4.21087
11
8.05908
21
-4.21087
0
LINE
8
BLACK
6
CONTINUOUS
10
8.05908
20
-4.21087
11
8.05269
21
-4.20803
0
LINE
8
BLACK
6
CONTINUOUS
10
8.05269
20
-4.20803
11
8.05269
21
-4.20803
0
LINE
8
BLACK
6
CONTINUOUS
10
8.05269
20
-4.20803
11
8.05245
21
-4.20792
0
LINE
8
BLACK
6
CONTINUOUS
10
8.05245
20
-4.20792
11
8.04512
21
-4.20636
0
LINE
8
BLACK
6
CONTINUOUS
10
8.04512
20
-4.20636
11
8.04267
21
-4.20504
0
LINE
8
BLACK
6
CONTINUOUS
10
8.04267
20
-4.20504
11
8.04131
21
-4.20259
0
LINE
8
BLACK
6
CONTINUOUS
10
8.04131
20
-4.20259
11
8.04121
21
-4.20112
0
LINE
8
BLACK
6
CONTINUOUS
10
8.04121
20
-4.20112
11
8.04184
21
-4.19311
0
LINE
8
BLACK
6
CONTINUOUS
10
8.04184
20
-4.19311
11
8.04186
21
-4.19291
0
LINE
8
BLACK
6
CONTINUOUS
10
8.04186
20
-4.19291
11
8.04112
21
-4.18359
0
LINE
8
BLACK
6
CONTINUOUS
10
8.04112
20
-4.18359
11
8.03894
21
-4.1745
0
LINE
8
BLACK
6
CONTINUOUS
10
8.03894
20
-4.1745
11
8.03831
21
-4.17298
0
LINE
8
BLACK
6
CONTINUOUS
10
8.03831
20
-4.17298
11
8.03544
21
-4.16605
0
LINE
8
BLACK
6
CONTINUOUS
10
8.03544
20
-4.16605
11
8.03544
21
-4.16605
0
LINE
8
BLACK
6
CONTINUOUS
10
8.03544
20
-4.16605
11
8.03536
21
-4.16587
0
LINE
8
BLACK
6
CONTINUOUS
10
8.03536
20
-4.16587
11
8.03509
21
-4.16541
0
LINE
8
BLACK
6
CONTINUOUS
10
8.03509
20
-4.16541
11
8.03058
21
-4.15806
0
LINE
8
BLACK
6
CONTINUOUS
10
8.03058
20
-4.15806
11
8.03058
21
-4.15806
0
LINE
8
BLACK
6
CONTINUOUS
10
8.03058
20
-4.15806
11
8.03048
21
-4.1579
0
LINE
8
BLACK
6
CONTINUOUS
10
8.03048
20
-4.1579
11
8.02501
21
-4.15149
0
LINE
8
BLACK
6
CONTINUOUS
10
8.02501
20
-4.15149
11
8.02453
21
-4.15094
0
LINE
8
BLACK
6
CONTINUOUS
10
8.02453
20
-4.15094
11
8.02441
21
-4.15079
0
LINE
8
BLACK
6
CONTINUOUS
10
8.02441
20
-4.15079
11
8.02379
21
-4.15026
0
LINE
8
BLACK
6
CONTINUOUS
10
8.02379
20
-4.15026
11
8.02265
21
-4.14928
0
LINE
8
BLACK
6
CONTINUOUS
10
8.02265
20
-4.14928
11
8.0173
21
-4.14472
0
LINE
8
BLACK
6
CONTINUOUS
10
8.0173
20
-4.14472
11
8.01713
21
-4.14462
0
LINE
8
BLACK
6
CONTINUOUS
10
8.01713
20
-4.14462
11
8.01713
21
-4.14462
0
LINE
8
BLACK
6
CONTINUOUS
10
8.01713
20
-4.14462
11
8.0095
21
-4.13993
0
LINE
8
BLACK
6
CONTINUOUS
10
8.0095
20
-4.13993
11
8.00933
21
-4.13983
0
LINE
8
BLACK
6
CONTINUOUS
10
8.00933
20
-4.13983
11
8.00915
21
-4.13976
0
LINE
8
BLACK
6
CONTINUOUS
10
8.00915
20
-4.13976
11
8.00915
21
-4.13976
0
LINE
8
BLACK
6
CONTINUOUS
10
8.00915
20
-4.13976
11
8.00087
21
-4.13633
0
LINE
8
BLACK
6
CONTINUOUS
10
8.00087
20
-4.13633
11
8.00087
21
-4.13633
0
LINE
8
BLACK
6
CONTINUOUS
10
8.00087
20
-4.13633
11
8.00069
21
-4.13626
0
LINE
8
BLACK
6
CONTINUOUS
10
8.00069
20
-4.13626
11
7.99746
21
-4.13548
0
LINE
8
BLACK
6
CONTINUOUS
10
7.99746
20
-4.13548
11
7.99179
21
-4.13412
0
LINE
8
BLACK
6
CONTINUOUS
10
7.99179
20
-4.13412
11
7.99179
21
-4.13412
0
LINE
8
BLACK
6
CONTINUOUS
10
7.99179
20
-4.13412
11
7.9916
21
-4.13407
0
LINE
8
BLACK
6
CONTINUOUS
10
7.9916
20
-4.13407
11
7.98228
21
-4.13334
0
LINE
8
BLACK
6
CONTINUOUS
10
7.98228
20
-4.13334
11
7.97296
21
-4.13407
0
LINE
8
BLACK
6
CONTINUOUS
10
7.97296
20
-4.13407
11
7.97277
21
-4.13412
0
LINE
8
BLACK
6
CONTINUOUS
10
7.97277
20
-4.13412
11
7.97277
21
-4.13412
0
LINE
8
BLACK
6
CONTINUOUS
10
7.97277
20
-4.13412
11
7.96418
21
-4.13618
0
LINE
8
BLACK
6
CONTINUOUS
10
7.96418
20
-4.13618
11
7.96138
21
-4.13604
0
LINE
8
BLACK
6
CONTINUOUS
10
7.96138
20
-4.13604
11
7.95951
21
-4.13487
0
LINE
8
BLACK
6
CONTINUOUS
10
7.95951
20
-4.13487
11
7.86498
21
-4.04033
0
LINE
8
BLACK
6
CONTINUOUS
10
7.86498
20
-4.04033
11
7.86364
21
-4.03788
0
LINE
8
BLACK
6
CONTINUOUS
10
7.86364
20
-4.03788
11
7.86352
21
-4.03683
0
LINE
8
BLACK
6
CONTINUOUS
10
7.86352
20
-4.03683
11
7.86352
21
-4.02557
0
LINE
8
BLACK
6
CONTINUOUS
10
7.86352
20
-4.02557
11
7.86329
21
-4.02337
0
LINE
8
BLACK
6
CONTINUOUS
10
7.86329
20
-4.02337
11
7.86312
21
-4.02168
0
LINE
8
BLACK
6
CONTINUOUS
10
7.86312
20
-4.02168
11
7.86312
21
-4.02168
0
LINE
8
BLACK
6
CONTINUOUS
10
7.86312
20
-4.02168
11
7.86309
21
-4.02141
0
LINE
8
BLACK
6
CONTINUOUS
10
7.86309
20
-4.02141
11
7.86089
21
-4.01481
0
LINE
8
BLACK
6
CONTINUOUS
10
7.86089
20
-4.01481
11
7.85722
21
-4.00888
0
LINE
8
BLACK
6
CONTINUOUS
10
7.85722
20
-4.00888
11
7.8532
21
-4.00487
0
LINE
8
BLACK
6
CONTINUOUS
10
7.8532
20
-4.00487
11
7.85186
21
-4.00242
0
LINE
8
BLACK
6
CONTINUOUS
10
7.85186
20
-4.00242
11
7.85206
21
-3.99963
0
LINE
8
BLACK
6
CONTINUOUS
10
7.85206
20
-3.99963
11
7.85373
21
-3.99739
0
LINE
8
BLACK
6
CONTINUOUS
10
7.85373
20
-3.99739
11
7.85635
21
-3.99641
0
LINE
8
BLACK
6
CONTINUOUS
10
7.85635
20
-3.99641
11
7.85671
21
-3.9964
0
LINE
8
BLACK
6
CONTINUOUS
10
7.85671
20
-3.9964
11
8.93506
21
-3.9964
0
LINE
8
BLACK
6
CONTINUOUS
10
8.93506
20
-3.9964
11
8.93583
21
-3.99646
0
LINE
8
BLACK
6
CONTINUOUS
10
8.93583
20
-3.99646
11
8.93641
21
-3.99655
0
LINE
8
BLACK
6
CONTINUOUS
10
8.93641
20
-3.99655
11
8.93641
21
-3.99655
0
LINE
8
BLACK
6
CONTINUOUS
10
8.93641
20
-3.99655
11
8.93676
21
-3.9966
0
LINE
8
BLACK
6
CONTINUOUS
10
8.93676
20
-3.9966
11
8.93736
21
-3.99652
0
LINE
8
BLACK
6
CONTINUOUS
10
8.93736
20
-3.99652
11
8.93836
21
-3.99649
0
LINE
8
BLACK
6
CONTINUOUS
10
8.93836
20
-3.99649
11
8.94501
21
-3.99697
0
LINE
8
BLACK
6
CONTINUOUS
10
8.94501
20
-3.99697
11
8.94571
21
-3.99707
0
LINE
8
BLACK
6
CONTINUOUS
10
8.94571
20
-3.99707
11
8.9532
21
-3.9987
0
LINE
8
BLACK
6
CONTINUOUS
10
8.9532
20
-3.9987
11
8.95388
21
-3.9989
0
LINE
8
BLACK
6
CONTINUOUS
10
8.95388
20
-3.9989
11
8.96107
21
-4.00158
0
LINE
8
BLACK
6
CONTINUOUS
10
8.96107
20
-4.00158
11
8.96171
21
-4.00187
0
LINE
8
BLACK
6
CONTINUOUS
10
8.96171
20
-4.00187
11
8.96844
21
-4.00555
0
LINE
8
BLACK
6
CONTINUOUS
10
8.96844
20
-4.00555
11
8.96904
21
-4.00593
0
LINE
8
BLACK
6
CONTINUOUS
10
8.96904
20
-4.00593
11
8.97518
21
-4.01053
0
LINE
8
BLACK
6
CONTINUOUS
10
8.97518
20
-4.01053
11
8.97571
21
-4.01099
0
LINE
8
BLACK
6
CONTINUOUS
10
8.97571
20
-4.01099
11
8.98113
21
-4.01641
0
LINE
8
BLACK
6
CONTINUOUS
10
8.98113
20
-4.01641
11
8.9816
21
-4.01695
0
LINE
8
BLACK
6
CONTINUOUS
10
8.9816
20
-4.01695
11
8.98619
21
-4.02309
0
LINE
8
BLACK
6
CONTINUOUS
10
8.98619
20
-4.02309
11
8.98658
21
-4.02368
0
LINE
8
BLACK
6
CONTINUOUS
10
8.98658
20
-4.02368
11
8.99025
21
-4.03041
0
LINE
8
BLACK
6
CONTINUOUS
10
8.99025
20
-4.03041
11
8.99055
21
-4.03106
0
LINE
8
BLACK
6
CONTINUOUS
10
8.99055
20
-4.03106
11
8.99323
21
-4.03824
0
LINE
8
BLACK
6
CONTINUOUS
10
8.99323
20
-4.03824
11
8.99343
21
-4.03892
0
LINE
8
BLACK
6
CONTINUOUS
10
8.99343
20
-4.03892
11
8.99506
21
-4.04641
0
LINE
8
BLACK
6
CONTINUOUS
10
8.99506
20
-4.04641
11
8.99516
21
-4.04711
0
LINE
8
BLACK
6
CONTINUOUS
10
8.99516
20
-4.04711
11
8.99561
21
-4.05349
0
LINE
8
BLACK
6
CONTINUOUS
10
8.99561
20
-4.05349
11
8.99558
21
-4.0542
0
LINE
8
BLACK
6
CONTINUOUS
10
8.99558
20
-4.0542
11
8.99558
21
-4.05452
0
LINE
8
BLACK
6
CONTINUOUS
10
8.99558
20
-4.05452
11
8.99552
21
-4.05487
0
LINE
8
BLACK
6
CONTINUOUS
10
8.99552
20
-4.05487
11
8.99557
21
-4.05522
0
LINE
8
BLACK
6
CONTINUOUS
10
8.99557
20
-4.05522
11
8.99569
21
-4.05611
0
LINE
8
BLACK
6
CONTINUOUS
10
8.99569
20
-4.05611
11
8.99573
21
-4.05676
0
LINE
8
BLACK
6
CONTINUOUS
10
8.99573
20
-4.05676
11
8.99573
21
-4.30488
0
LINE
8
BLACK
6
CONTINUOUS
10
8.99573
20
-4.30488
11
8.99494
21
-4.30756
0
LINE
8
BLACK
6
CONTINUOUS
10
8.99494
20
-4.30756
11
8.99283
21
-4.30939
0
LINE
8
BLACK
6
CONTINUOUS
10
8.99283
20
-4.30939
11
8.99006
21
-4.30979
0
LINE
8
BLACK
6
CONTINUOUS
10
8.99006
20
-4.30979
11
8.98752
21
-4.30863
0
LINE
8
BLACK
6
CONTINUOUS
10
8.98752
20
-4.30863
11
8.98684
21
-4.30791
0
LINE
8
BLACK
6
CONTINUOUS
10
8.98684
20
-4.30791
11
8.98515
21
-4.30571
0
LINE
8
BLACK
6
CONTINUOUS
10
8.98515
20
-4.30571
11
8.97963
21
-4.29856
0
LINE
8
BLACK
6
CONTINUOUS
10
8.97963
20
-4.29856
11
8.97044
21
-4.28922
0
LINE
8
BLACK
6
CONTINUOUS
10
8.97044
20
-4.28922
11
8.9602
21
-4.28106
0
LINE
8
BLACK
6
CONTINUOUS
10
8.9602
20
-4.28106
11
8.94905
21
-4.27419
0
LINE
8
BLACK
6
CONTINUOUS
10
8.94905
20
-4.27419
11
8.93716
21
-4.26871
0
LINE
8
BLACK
6
CONTINUOUS
10
8.93716
20
-4.26871
11
8.93702
21
-4.26866
0
LINE
8
BLACK
6
CONTINUOUS
10
8.93702
20
-4.26866
11
8.93702
21
-4.26866
0
LINE
8
BLACK
6
CONTINUOUS
10
8.93702
20
-4.26866
11
8.92484
21
-4.26474
0
LINE
8
BLACK
6
CONTINUOUS
10
8.92484
20
-4.26474
11
8.92484
21
-4.26474
0
LINE
8
BLACK
6
CONTINUOUS
10
8.92484
20
-4.26474
11
8.9247
21
-4.2647
0
LINE
8
BLACK
6
CONTINUOUS
10
8.9247
20
-4.2647
11
8.92455
21
-4.26467
0
LINE
8
BLACK
6
CONTINUOUS
10
8.92455
20
-4.26467
11
8.92455
21
-4.26467
0
LINE
8
BLACK
6
CONTINUOUS
10
8.92455
20
-4.26467
11
8.91199
21
-4.26224
0
LINE
8
BLACK
6
CONTINUOUS
10
8.91199
20
-4.26224
11
8.91199
21
-4.26224
0
LINE
8
BLACK
6
CONTINUOUS
10
8.91199
20
-4.26224
11
8.91184
21
-4.26221
0
LINE
8
BLACK
6
CONTINUOUS
10
8.91184
20
-4.26221
11
8.91169
21
-4.2622
0
LINE
8
BLACK
6
CONTINUOUS
10
8.91169
20
-4.2622
11
8.91169
21
-4.2622
0
LINE
8
BLACK
6
CONTINUOUS
10
8.91169
20
-4.2622
11
8.90773
21
-4.26192
0
LINE
8
BLACK
6
CONTINUOUS
10
8.90773
20
-4.26192
11
8.9015
21
-4.26148
0
LINE
8
BLACK
6
CONTINUOUS
10
8.9015
20
-4.26148
11
8.89435
21
-4.26148
0
LINE
8
BLACK
6
CONTINUOUS
10
8.89435
20
-4.26148
11
8.89427
21
-4.26148
0
LINE
8
BLACK
6
CONTINUOUS
10
8.89427
20
-4.26148
11
8.89427
21
-4.26148
0
LINE
8
BLACK
6
CONTINUOUS
10
8.89427
20
-4.26148
11
8.88472
21
-4.26206
0
LINE
8
BLACK
6
CONTINUOUS
10
8.88472
20
-4.26206
11
8.88472
21
-4.26206
0
LINE
8
BLACK
6
CONTINUOUS
10
8.88472
20
-4.26206
11
8.88457
21
-4.26207
0
LINE
8
BLACK
6
CONTINUOUS
10
8.88457
20
-4.26207
11
8.87835
21
-4.2632
0
LINE
8
BLACK
6
CONTINUOUS
10
8.87835
20
-4.2632
11
8.87183
21
-4.26439
0
LINE
8
BLACK
6
CONTINUOUS
10
8.87183
20
-4.26439
11
8.87183
21
-4.26439
0
LINE
8
BLACK
6
CONTINUOUS
10
8.87183
20
-4.26439
11
8.87169
21
-4.26442
0
LINE
8
BLACK
6
CONTINUOUS
10
8.87169
20
-4.26442
11
8.87154
21
-4.26446
0
LINE
8
BLACK
6
CONTINUOUS
10
8.87154
20
-4.26446
11
8.87154
21
-4.26446
0
LINE
8
BLACK
6
CONTINUOUS
10
8.87154
20
-4.26446
11
8.86708
21
-4.26585
0
LINE
8
BLACK
6
CONTINUOUS
10
8.86708
20
-4.26585
11
8.85918
21
-4.2683
0
LINE
8
BLACK
6
CONTINUOUS
10
8.85918
20
-4.2683
11
8.84723
21
-4.27366
0
LINE
8
BLACK
6
CONTINUOUS
10
8.84723
20
-4.27366
11
8.8434
21
-4.27597
0
LINE
8
BLACK
6
CONTINUOUS
10
8.8434
20
-4.27597
11
8.83614
21
-4.28034
0
LINE
8
BLACK
6
CONTINUOUS
10
8.83614
20
-4.28034
11
8.83614
21
-4.28034
0
LINE
8
BLACK
6
CONTINUOUS
10
8.83614
20
-4.28034
11
8.83601
21
-4.28041
0
LINE
8
BLACK
6
CONTINUOUS
10
8.83601
20
-4.28041
11
8.83589
21
-4.2805
0
LINE
8
BLACK
6
CONTINUOUS
10
8.83589
20
-4.2805
11
8.83589
21
-4.2805
0
LINE
8
BLACK
6
CONTINUOUS
10
8.83589
20
-4.2805
11
8.8258
21
-4.28837
0
LINE
8
BLACK
6
CONTINUOUS
10
8.8258
20
-4.28837
11
8.8258
21
-4.28837
0
LINE
8
BLACK
6
CONTINUOUS
10
8.8258
20
-4.28837
11
8.82569
21
-4.28847
0
LINE
8
BLACK
6
CONTINUOUS
10
8.82569
20
-4.28847
11
8.8164
21
-4.2977
0
LINE
8
BLACK
6
CONTINUOUS
10
8.8164
20
-4.2977
11
8.8083
21
-4.30798
0
LINE
8
BLACK
6
CONTINUOUS
10
8.8083
20
-4.30798
11
8.80148
21
-4.31917
0
LINE
8
BLACK
6
CONTINUOUS
10
8.80148
20
-4.31917
11
8.80047
21
-4.32139
0
LINE
8
BLACK
6
CONTINUOUS
10
8.80047
20
-4.32139
11
8.79613
21
-4.33095
0
LINE
8
BLACK
6
CONTINUOUS
10
8.79613
20
-4.33095
11
8.79613
21
-4.33095
0
LINE
8
BLACK
6
CONTINUOUS
10
8.79613
20
-4.33095
11
8.79606
21
-4.33109
0
LINE
8
BLACK
6
CONTINUOUS
10
8.79606
20
-4.33109
11
8.79211
21
-4.34357
0
LINE
8
BLACK
6
CONTINUOUS
10
8.79211
20
-4.34357
11
8.78969
21
-4.35644
0
LINE
8
BLACK
6
CONTINUOUS
10
8.78969
20
-4.35644
11
8.78884
21
-4.36951
0
LINE
8
BLACK
6
CONTINUOUS
10
8.78884
20
-4.36951
11
8.78885
21
-4.36966
0
LINE
8
BLACK
6
CONTINUOUS
10
8.78885
20
-4.36966
11
8.78885
21
-4.36966
0
LINE
8
BLACK
6
CONTINUOUS
10
8.78885
20
-4.36966
11
8.78895
21
-4.37146
0
LINE
8
BLACK
6
CONTINUOUS
10
8.78895
20
-4.37146
11
8.78956
21
-4.38258
0
LINE
8
BLACK
6
CONTINUOUS
10
8.78956
20
-4.38258
11
8.78958
21
-4.38273
0
LINE
8
BLACK
6
CONTINUOUS
10
8.78958
20
-4.38273
11
8.78958
21
-4.38273
0
LINE
8
BLACK
6
CONTINUOUS
10
8.78958
20
-4.38273
11
8.78994
21
-4.38472
0
LINE
8
BLACK
6
CONTINUOUS
10
8.78994
20
-4.38472
11
8.79184
21
-4.39548
0
LINE
8
BLACK
6
CONTINUOUS
10
8.79184
20
-4.39548
11
8.79189
21
-4.39562
0
LINE
8
BLACK
6
CONTINUOUS
10
8.79189
20
-4.39562
11
8.79189
21
-4.39562
0
LINE
8
BLACK
6
CONTINUOUS
10
8.79189
20
-4.39562
11
8.79358
21
-4.40119
0
LINE
8
BLACK
6
CONTINUOUS
10
8.79358
20
-4.40119
11
8.79566
21
-4.408
0
LINE
8
BLACK
6
CONTINUOUS
10
8.79566
20
-4.408
11
8.79572
21
-4.40814
0
LINE
8
BLACK
6
CONTINUOUS
10
8.79572
20
-4.40814
11
8.79572
21
-4.40814
0
LINE
8
BLACK
6
CONTINUOUS
10
8.79572
20
-4.40814
11
8.7987
21
-4.41489
0
LINE
8
BLACK
6
CONTINUOUS
10
8.7987
20
-4.41489
11
8.80096
21
-4.41998
0
LINE
8
BLACK
6
CONTINUOUS
10
8.80096
20
-4.41998
11
8.80103
21
-4.42011
0
LINE
8
BLACK
6
CONTINUOUS
10
8.80103
20
-4.42011
11
8.80103
21
-4.42011
0
LINE
8
BLACK
6
CONTINUOUS
10
8.80103
20
-4.42011
11
8.80745
21
-4.43089
0
LINE
8
BLACK
6
CONTINUOUS
10
8.80745
20
-4.43089
11
8.80765
21
-4.43123
0
LINE
8
BLACK
6
CONTINUOUS
10
8.80765
20
-4.43123
11
8.80774
21
-4.43135
0
LINE
8
BLACK
6
CONTINUOUS
10
8.80774
20
-4.43135
11
8.80774
21
-4.43135
0
LINE
8
BLACK
6
CONTINUOUS
10
8.80774
20
-4.43135
11
8.80954
21
-4.43369
0
LINE
8
BLACK
6
CONTINUOUS
10
8.80954
20
-4.43369
11
8.81565
21
-4.4416
0
LINE
8
BLACK
6
CONTINUOUS
10
8.81565
20
-4.4416
11
8.81575
21
-4.44171
0
LINE
8
BLACK
6
CONTINUOUS
10
8.81575
20
-4.44171
11
8.82422
21
-4.45031
0
LINE
8
BLACK
6
CONTINUOUS
10
8.82422
20
-4.45031
11
8.82484
21
-4.45093
0
LINE
8
BLACK
6
CONTINUOUS
10
8.82484
20
-4.45093
11
8.83508
21
-4.45909
0
LINE
8
BLACK
6
CONTINUOUS
10
8.83508
20
-4.45909
11
8.84622
21
-4.46597
0
LINE
8
BLACK
6
CONTINUOUS
10
8.84622
20
-4.46597
11
8.85812
21
-4.47145
0
LINE
8
BLACK
6
CONTINUOUS
10
8.85812
20
-4.47145
11
8.85826
21
-4.47149
0
LINE
8
BLACK
6
CONTINUOUS
10
8.85826
20
-4.47149
11
8.85826
21
-4.47149
0
LINE
8
BLACK
6
CONTINUOUS
10
8.85826
20
-4.47149
11
8.87044
21
-4.47542
0
LINE
8
BLACK
6
CONTINUOUS
10
8.87044
20
-4.47542
11
8.87044
21
-4.47542
0
LINE
8
BLACK
6
CONTINUOUS
10
8.87044
20
-4.47542
11
8.87058
21
-4.47546
0
LINE
8
BLACK
6
CONTINUOUS
10
8.87058
20
-4.47546
11
8.87073
21
-4.47549
0
LINE
8
BLACK
6
CONTINUOUS
10
8.87073
20
-4.47549
11
8.87073
21
-4.47549
0
LINE
8
BLACK
6
CONTINUOUS
10
8.87073
20
-4.47549
11
8.88329
21
-4.47792
0
LINE
8
BLACK
6
CONTINUOUS
10
8.88329
20
-4.47792
11
8.88329
21
-4.47792
0
LINE
8
BLACK
6
CONTINUOUS
10
8.88329
20
-4.47792
11
8.88344
21
-4.47795
0
LINE
8
BLACK
6
CONTINUOUS
10
8.88344
20
-4.47795
11
8.88359
21
-4.47796
0
LINE
8
BLACK
6
CONTINUOUS
10
8.88359
20
-4.47796
11
8.88359
21
-4.47796
0
LINE
8
BLACK
6
CONTINUOUS
10
8.88359
20
-4.47796
11
8.88755
21
-4.47824
0
LINE
8
BLACK
6
CONTINUOUS
10
8.88755
20
-4.47824
11
8.89378
21
-4.47868
0
LINE
8
BLACK
6
CONTINUOUS
10
8.89378
20
-4.47868
11
8.90093
21
-4.47868
0
LINE
8
BLACK
6
CONTINUOUS
10
8.90093
20
-4.47868
11
8.901
21
-4.47868
0
LINE
8
BLACK
6
CONTINUOUS
10
8.901
20
-4.47868
11
8.901
21
-4.47868
0
LINE
8
BLACK
6
CONTINUOUS
10
8.901
20
-4.47868
11
8.91056
21
-4.4781
0
LINE
8
BLACK
6
CONTINUOUS
10
8.91056
20
-4.4781
11
8.91056
21
-4.4781
0
LINE
8
BLACK
6
CONTINUOUS
10
8.91056
20
-4.4781
11
8.91071
21
-4.47809
0
LINE
8
BLACK
6
CONTINUOUS
10
8.91071
20
-4.47809
11
8.91797
21
-4.47677
0
LINE
8
BLACK
6
CONTINUOUS
10
8.91797
20
-4.47677
11
8.92344
21
-4.47577
0
LINE
8
BLACK
6
CONTINUOUS
10
8.92344
20
-4.47577
11
8.92344
21
-4.47577
0
LINE
8
BLACK
6
CONTINUOUS
10
8.92344
20
-4.47577
11
8.92359
21
-4.47574
0
LINE
8
BLACK
6
CONTINUOUS
10
8.92359
20
-4.47574
11
8.92373
21
-4.47569
0
LINE
8
BLACK
6
CONTINUOUS
10
8.92373
20
-4.47569
11
8.92373
21
-4.47569
0
LINE
8
BLACK
6
CONTINUOUS
10
8.92373
20
-4.47569
11
8.93442
21
-4.47238
0
LINE
8
BLACK
6
CONTINUOUS
10
8.93442
20
-4.47238
11
8.9361
21
-4.47186
0
LINE
8
BLACK
6
CONTINUOUS
10
8.9361
20
-4.47186
11
8.94804
21
-4.4665
0
LINE
8
BLACK
6
CONTINUOUS
10
8.94804
20
-4.4665
11
8.95481
21
-4.46243
0
LINE
8
BLACK
6
CONTINUOUS
10
8.95481
20
-4.46243
11
8.95914
21
-4.45982
0
LINE
8
BLACK
6
CONTINUOUS
10
8.95914
20
-4.45982
11
8.95914
21
-4.45982
0
LINE
8
BLACK
6
CONTINUOUS
10
8.95914
20
-4.45982
11
8.95926
21
-4.45974
0
LINE
8
BLACK
6
CONTINUOUS
10
8.95926
20
-4.45974
11
8.95938
21
-4.45965
0
LINE
8
BLACK
6
CONTINUOUS
10
8.95938
20
-4.45965
11
8.95938
21
-4.45965
0
LINE
8
BLACK
6
CONTINUOUS
10
8.95938
20
-4.45965
11
8.96947
21
-4.45178
0
LINE
8
BLACK
6
CONTINUOUS
10
8.96947
20
-4.45178
11
8.96947
21
-4.45178
0
LINE
8
BLACK
6
CONTINUOUS
10
8.96947
20
-4.45178
11
8.96959
21
-4.45169
0
LINE
8
BLACK
6
CONTINUOUS
10
8.96959
20
-4.45169
11
8.97887
21
-4.44246
0
LINE
8
BLACK
6
CONTINUOUS
10
8.97887
20
-4.44246
11
8.98687
21
-4.43231
0
LINE
8
BLACK
6
CONTINUOUS
10
8.98687
20
-4.43231
11
8.98915
21
-4.43069
0
LINE
8
BLACK
6
CONTINUOUS
10
8.98915
20
-4.43069
11
8.99194
21
-4.43056
0
LINE
8
BLACK
6
CONTINUOUS
10
8.99194
20
-4.43056
11
8.99436
21
-4.43196
0
LINE
8
BLACK
6
CONTINUOUS
10
8.99436
20
-4.43196
11
8.99564
21
-4.43445
0
LINE
8
BLACK
6
CONTINUOUS
10
8.99564
20
-4.43445
11
8.99573
21
-4.43538
0
LINE
8
BLACK
6
CONTINUOUS
10
8.99573
20
-4.43538
11
8.99573
21
-4.6831
0
LINE
8
BLACK
6
CONTINUOUS
10
8.99573
20
-4.6831
11
8.99567
21
-4.68386
0
LINE
8
BLACK
6
CONTINUOUS
10
8.99567
20
-4.68386
11
8.99558
21
-4.68444
0
LINE
8
BLACK
6
CONTINUOUS
10
8.99558
20
-4.68444
11
8.99558
21
-4.68444
0
LINE
8
BLACK
6
CONTINUOUS
10
8.99558
20
-4.68444
11
8.99552
21
-4.68479
0
LINE
8
BLACK
6
CONTINUOUS
10
8.99552
20
-4.68479
11
8.99559
21
-4.68529
0
LINE
8
BLACK
6
CONTINUOUS
10
8.99559
20
-4.68529
11
8.9956
21
-4.68539
0
LINE
8
BLACK
6
CONTINUOUS
10
8.9956
20
-4.68539
11
8.99563
21
-4.68639
0
LINE
8
BLACK
6
CONTINUOUS
10
8.99563
20
-4.68639
11
8.99516
21
-4.69302
0
LINE
8
BLACK
6
CONTINUOUS
10
8.99516
20
-4.69302
11
8.99516
21
-4.69304
0
LINE
8
BLACK
6
CONTINUOUS
10
8.99516
20
-4.69304
11
8.99506
21
-4.69374
0
LINE
8
BLACK
6
CONTINUOUS
10
8.99506
20
-4.69374
11
8.9937
21
-4.69996
0
LINE
8
BLACK
6
CONTINUOUS
10
8.9937
20
-4.69996
11
8.99343
21
-4.70124
0
LINE
8
BLACK
6
CONTINUOUS
10
8.99343
20
-4.70124
11
8.99323
21
-4.70191
0
LINE
8
BLACK
6
CONTINUOUS
10
8.99323
20
-4.70191
11
8.99055
21
-4.7091
0
LINE
8
BLACK
6
CONTINUOUS
10
8.99055
20
-4.7091
11
8.99025
21
-4.70974
0
LINE
8
BLACK
6
CONTINUOUS
10
8.99025
20
-4.70974
11
8.98658
21
-4.71647
0
LINE
8
BLACK
6
CONTINUOUS
10
8.98658
20
-4.71647
11
8.98619
21
-4.71707
0
LINE
8
BLACK
6
CONTINUOUS
10
8.98619
20
-4.71707
11
8.9816
21
-4.72321
0
LINE
8
BLACK
6
CONTINUOUS
10
8.9816
20
-4.72321
11
8.98113
21
-4.72374
0
LINE
8
BLACK
6
CONTINUOUS
10
8.98113
20
-4.72374
11
8.97571
21
-4.72917
0
LINE
8
BLACK
6
CONTINUOUS
10
8.97571
20
-4.72917
11
8.97518
21
-4.72963
0
LINE
8
BLACK
6
CONTINUOUS
10
8.97518
20
-4.72963
11
8.96904
21
-4.73423
0
LINE
8
BLACK
6
CONTINUOUS
10
8.96904
20
-4.73423
11
8.96844
21
-4.73461
0
LINE
8
BLACK
6
CONTINUOUS
10
8.96844
20
-4.73461
11
8.96171
21
-4.73828
0
LINE
8
BLACK
6
CONTINUOUS
10
8.96171
20
-4.73828
11
8.96107
21
-4.73858
0
LINE
8
BLACK
6
CONTINUOUS
10
8.96107
20
-4.73858
11
8.95388
21
-4.74126
0
LINE
8
BLACK
6
CONTINUOUS
10
8.95388
20
-4.74126
11
8.9532
21
-4.74146
0
LINE
8
BLACK
6
CONTINUOUS
10
8.9532
20
-4.74146
11
8.94571
21
-4.74309
0
LINE
8
BLACK
6
CONTINUOUS
10
8.94571
20
-4.74309
11
8.94501
21
-4.74319
0
LINE
8
BLACK
6
CONTINUOUS
10
8.94501
20
-4.74319
11
8.93864
21
-4.74364
0
LINE
8
BLACK
6
CONTINUOUS
10
8.93864
20
-4.74364
11
8.93793
21
-4.74361
0
LINE
8
BLACK
6
CONTINUOUS
10
8.93793
20
-4.74361
11
8.9376
21
-4.74361
0
LINE
8
BLACK
6
CONTINUOUS
10
8.9376
20
-4.74361
11
8.93725
21
-4.74356
0
LINE
8
BLACK
6
CONTINUOUS
10
8.93725
20
-4.74356
11
8.93601
21
-4.74372
0
LINE
8
BLACK
6
CONTINUOUS
10
8.93601
20
-4.74372
11
8.93537
21
-4.74376
0
LINE
8
BLACK
6
CONTINUOUS
10
8.93537
20
-4.74376
11
7.94982
21
-4.74376
0
LINE
8
BLACK
6
CONTINUOUS
10
7.94982
20
-4.74376
11
7.94714
21
-4.74297
0
LINE
8
BLACK
6
CONTINUOUS
10
7.94714
20
-4.74297
11
7.94531
21
-4.74086
0
LINE
8
BLACK
6
CONTINUOUS
10
7.94531
20
-4.74086
11
7.94491
21
-4.73809
0
LINE
8
BLACK
6
CONTINUOUS
10
7.94491
20
-4.73809
11
7.94607
21
-4.73555
0
LINE
8
BLACK
6
CONTINUOUS
10
7.94607
20
-4.73555
11
7.94631
21
-4.73529
0
LINE
8
BLACK
6
CONTINUOUS
10
7.94631
20
-4.73529
11
7.96187
21
-4.71973
0
LINE
8
BLACK
6
CONTINUOUS
10
7.96187
20
-4.71973
11
7.96432
21
-4.71839
0
LINE
8
BLACK
6
CONTINUOUS
10
7.96432
20
-4.71839
11
7.96636
21
-4.71838
0
LINE
8
BLACK
6
CONTINUOUS
10
7.96636
20
-4.71838
11
7.96766
21
-4.71864
0
LINE
8
BLACK
6
CONTINUOUS
10
7.96766
20
-4.71864
11
7.96787
21
-4.71865
0
LINE
8
BLACK
6
CONTINUOUS
10
7.96787
20
-4.71865
11
7.96787
21
-4.71865
0
LINE
8
BLACK
6
CONTINUOUS
10
7.96787
20
-4.71865
11
7.97625
21
-4.71896
0
LINE
8
BLACK
6
CONTINUOUS
10
7.97625
20
-4.71896
11
7.97625
21
-4.71896
0
LINE
8
BLACK
6
CONTINUOUS
10
7.97625
20
-4.71896
11
7.97645
21
-4.71897
0
LINE
8
BLACK
6
CONTINUOUS
10
7.97645
20
-4.71897
11
7.97665
21
-4.71894
0
LINE
8
BLACK
6
CONTINUOUS
10
7.97665
20
-4.71894
11
7.97665
21
-4.71894
0
LINE
8
BLACK
6
CONTINUOUS
10
7.97665
20
-4.71894
11
7.98497
21
-4.71788
0
LINE
8
BLACK
6
CONTINUOUS
10
7.98497
20
-4.71788
11
7.98497
21
-4.71788
0
LINE
8
BLACK
6
CONTINUOUS
10
7.98497
20
-4.71788
11
7.98517
21
-4.71785
0
LINE
8
BLACK
6
CONTINUOUS
10
7.98517
20
-4.71785
11
7.98537
21
-4.71779
0
LINE
8
BLACK
6
CONTINUOUS
10
7.98537
20
-4.71779
11
7.9934
21
-4.71538
0
LINE
8
BLACK
6
CONTINUOUS
10
7.9934
20
-4.71538
11
7.9934
21
-4.71538
0
LINE
8
BLACK
6
CONTINUOUS
10
7.9934
20
-4.71538
11
7.9936
21
-4.71532
0
LINE
8
BLACK
6
CONTINUOUS
10
7.9936
20
-4.71532
11
8.0015
21
-4.71145
0
LINE
8
BLACK
6
CONTINUOUS
10
8.0015
20
-4.71145
11
8.00866
21
-4.70635
0
LINE
8
BLACK
6
CONTINUOUS
10
8.00866
20
-4.70635
11
8.00995
21
-4.70506
0
LINE
8
BLACK
6
CONTINUOUS
10
8.00995
20
-4.70506
11
8.01431
21
-4.70071
0
LINE
8
BLACK
6
CONTINUOUS
10
8.01431
20
-4.70071
11
8.01434
21
-4.70068
0
LINE
8
BLACK
6
CONTINUOUS
10
8.01434
20
-4.70068
11
8.01489
21
-4.70014
0
LINE
8
BLACK
6
CONTINUOUS
10
8.01489
20
-4.70014
11
8.02002
21
-4.693
0
LINE
8
BLACK
6
CONTINUOUS
10
8.02002
20
-4.693
11
8.02055
21
-4.69192
0
LINE
8
BLACK
6
CONTINUOUS
10
8.02055
20
-4.69192
11
8.02382
21
-4.68529
0
LINE
8
BLACK
6
CONTINUOUS
10
8.02382
20
-4.68529
11
8.02382
21
-4.68529
0
LINE
8
BLACK
6
CONTINUOUS
10
8.02382
20
-4.68529
11
8.02391
21
-4.68511
0
LINE
8
BLACK
6
CONTINUOUS
10
8.02391
20
-4.68511
11
8.02647
21
-4.6767
0
LINE
8
BLACK
6
CONTINUOUS
10
8.02647
20
-4.6767
11
8.02762
21
-4.66798
0
LINE
8
BLACK
6
CONTINUOUS
10
8.02762
20
-4.66798
11
8.02768
21
-4.66535
0
LINE
8
BLACK
6
CONTINUOUS
10
8.02768
20
-4.66535
11
8.02696
21
-4.65659
0
LINE
8
BLACK
6
CONTINUOUS
10
8.02696
20
-4.65659
11
8.02482
21
-4.64806
0
LINE
8
BLACK
6
CONTINUOUS
10
8.02482
20
-4.64806
11
8.02131
21
-4.63999
0
LINE
8
BLACK
6
CONTINUOUS
10
8.02131
20
-4.63999
11
8.01654
21
-4.63261
0
LINE
8
BLACK
6
CONTINUOUS
10
8.01654
20
-4.63261
11
8.01062
21
-4.6261
0
LINE
8
BLACK
6
CONTINUOUS
10
8.01062
20
-4.6261
11
8.01046
21
-4.62598
0
LINE
8
BLACK
6
CONTINUOUS
10
8.01046
20
-4.62598
11
8.01046
21
-4.62598
0
LINE
8
BLACK
6
CONTINUOUS
10
8.01046
20
-4.62598
11
8.00387
21
-4.62078
0
LINE
8
BLACK
6
CONTINUOUS
10
8.00387
20
-4.62078
11
8.00387
21
-4.62078
0
LINE
8
BLACK
6
CONTINUOUS
10
8.00387
20
-4.62078
11
8.00371
21
-4.62065
0
LINE
8
BLACK
6
CONTINUOUS
10
8.00371
20
-4.62065
11
8.00228
21
-4.61986
0
LINE
8
BLACK
6
CONTINUOUS
10
8.00228
20
-4.61986
11
8.00076
21
-4.61902
0
LINE
8
BLACK
6
CONTINUOUS
10
8.00076
20
-4.61902
11
7.99602
21
-4.6164
0
LINE
8
BLACK
6
CONTINUOUS
10
7.99602
20
-4.6164
11
7.99582
21
-4.61634
0
LINE
8
BLACK
6
CONTINUOUS
10
7.99582
20
-4.61634
11
7.99582
21
-4.61634
0
LINE
8
BLACK
6
CONTINUOUS
10
7.99582
20
-4.61634
11
7.98792
21
-4.61354
0
LINE
8
BLACK
6
CONTINUOUS
10
7.98792
20
-4.61354
11
7.98792
21
-4.61354
0
LINE
8
BLACK
6
CONTINUOUS
10
7.98792
20
-4.61354
11
7.98772
21
-4.61347
0
LINE
8
BLACK
6
CONTINUOUS
10
7.98772
20
-4.61347
11
7.98752
21
-4.61343
0
LINE
8
BLACK
6
CONTINUOUS
10
7.98752
20
-4.61343
11
7.98752
21
-4.61343
0
LINE
8
BLACK
6
CONTINUOUS
10
7.98752
20
-4.61343
11
7.97927
21
-4.61196
0
LINE
8
BLACK
6
CONTINUOUS
10
7.97927
20
-4.61196
11
7.97927
21
-4.61196
0
LINE
8
BLACK
6
CONTINUOUS
10
7.97927
20
-4.61196
11
7.97907
21
-4.61192
0
LINE
8
BLACK
6
CONTINUOUS
10
7.97907
20
-4.61192
11
7.97616
21
-4.61189
0
LINE
8
BLACK
6
CONTINUOUS
10
7.97616
20
-4.61189
11
7.97048
21
-4.61182
0
LINE
8
BLACK
6
CONTINUOUS
10
7.97048
20
-4.61182
11
7.97048
21
-4.61182
0
LINE
8
BLACK
6
CONTINUOUS
10
7.97048
20
-4.61182
11
7.97027
21
-4.61182
0
LINE
8
BLACK
6
CONTINUOUS
10
7.97027
20
-4.61182
11
7.96158
21
-4.61315
0
LINE
8
BLACK
6
CONTINUOUS
10
7.96158
20
-4.61315
11
7.95322
21
-4.61588
0
LINE
8
BLACK
6
CONTINUOUS
10
7.95322
20
-4.61588
11
7.95034
21
-4.61738
0
LINE
8
BLACK
6
CONTINUOUS
10
7.95034
20
-4.61738
11
7.94644
21
-4.61941
0
LINE
8
BLACK
6
CONTINUOUS
10
7.94644
20
-4.61941
11
7.94542
21
-4.61994
0
LINE
8
BLACK
6
CONTINUOUS
10
7.94542
20
-4.61994
11
7.94525
21
-4.62006
0
LINE
8
BLACK
6
CONTINUOUS
10
7.94525
20
-4.62006
11
7.94525
21
-4.62006
0
LINE
8
BLACK
6
CONTINUOUS
10
7.94525
20
-4.62006
11
7.93855
21
-4.6251
0
LINE
8
BLACK
6
CONTINUOUS
10
7.93855
20
-4.6251
11
7.93838
21
-4.62522
0
LINE
8
BLACK
6
CONTINUOUS
10
7.93838
20
-4.62522
11
7.93231
21
-4.63158
0
LINE
8
BLACK
6
CONTINUOUS
10
7.93231
20
-4.63158
11
7.92907
21
-4.63633
0
LINE
8
BLACK
6
CONTINUOUS
10
7.92907
20
-4.63633
11
7.92807
21
-4.6378
0
LINE
8
BLACK
6
CONTINUOUS
10
7.92807
20
-4.6378
11
7.92591
21
-4.63957
0
LINE
8
BLACK
6
CONTINUOUS
10
7.92591
20
-4.63957
11
7.92313
21
-4.63989
0
LINE
8
BLACK
6
CONTINUOUS
10
7.92313
20
-4.63989
11
7.92062
21
-4.63866
0
LINE
8
BLACK
6
CONTINUOUS
10
7.92062
20
-4.63866
11
7.9198
21
-4.6377
0
LINE
8
BLACK
6
CONTINUOUS
10
7.9198
20
-4.6377
11
7.91663
21
-4.63279
0
LINE
8
BLACK
6
CONTINUOUS
10
7.91663
20
-4.63279
11
7.91638
21
-4.63247
0
LINE
8
BLACK
6
CONTINUOUS
10
7.91638
20
-4.63247
11
7.91074
21
-4.62627
0
LINE
8
BLACK
6
CONTINUOUS
10
7.91074
20
-4.62627
11
7.91044
21
-4.62599
0
LINE
8
BLACK
6
CONTINUOUS
10
7.91044
20
-4.62599
11
7.90386
21
-4.6208
0
LINE
8
BLACK
6
CONTINUOUS
10
7.90386
20
-4.6208
11
7.90353
21
-4.62057
0
LINE
8
BLACK
6
CONTINUOUS
10
7.90353
20
-4.62057
11
7.89619
21
-4.61652
0
LINE
8
BLACK
6
CONTINUOUS
10
7.89619
20
-4.61652
11
7.89582
21
-4.61635
0
LINE
8
BLACK
6
CONTINUOUS
10
7.89582
20
-4.61635
11
7.88791
21
-4.61355
0
LINE
8
BLACK
6
CONTINUOUS
10
7.88791
20
-4.61355
11
7.88752
21
-4.61345
0
LINE
8
BLACK
6
CONTINUOUS
10
7.88752
20
-4.61345
11
7.88472
21
-4.61295
0
LINE
8
BLACK
6
CONTINUOUS
10
7.88472
20
-4.61295
11
7.88419
21
-4.61301
0
LINE
8
BLACK
6
CONTINUOUS
10
7.88419
20
-4.61301
11
7.88402
21
-4.61358
0
LINE
8
BLACK
6
CONTINUOUS
10
7.88402
20
-4.61358
11
7.88402
21
-4.63346
0
LINE
8
BLACK
6
CONTINUOUS
10
7.88402
20
-4.63346
11
7.88436
21
-4.63353
0
LINE
8
BLACK
6
CONTINUOUS
10
7.88436
20
-4.63353
11
7.89075
21
-4.63637
0
LINE
8
BLACK
6
CONTINUOUS
10
7.89075
20
-4.63637
11
7.89641
21
-4.64049
0
LINE
8
BLACK
6
CONTINUOUS
10
7.89641
20
-4.64049
11
7.90109
21
-4.64568
0
LINE
8
BLACK
6
CONTINUOUS
10
7.90109
20
-4.64568
11
7.90459
21
-4.65174
0
LINE
8
BLACK
6
CONTINUOUS
10
7.90459
20
-4.65174
11
7.90675
21
-4.6584
0
LINE
8
BLACK
6
CONTINUOUS
10
7.90675
20
-4.6584
11
7.90748
21
-4.66535
0
LINE
8
BLACK
6
CONTINUOUS
10
7.90748
20
-4.66535
11
7.90675
21
-4.67231
0
LINE
8
BLACK
6
CONTINUOUS
10
7.90675
20
-4.67231
11
7.90459
21
-4.67897
0
LINE
8
BLACK
6
CONTINUOUS
10
7.90459
20
-4.67897
11
7.90109
21
-4.68502
0
LINE
8
BLACK
6
CONTINUOUS
10
7.90109
20
-4.68502
11
7.89641
21
-4.69022
0
LINE
8
BLACK
6
CONTINUOUS
10
7.89641
20
-4.69022
11
7.89075
21
-4.69434
0
LINE
8
BLACK
6
CONTINUOUS
10
7.89075
20
-4.69434
11
7.88436
21
-4.69718
0
LINE
8
BLACK
6
CONTINUOUS
10
7.88436
20
-4.69718
11
7.87751
21
-4.69864
0
LINE
8
BLACK
6
CONTINUOUS
10
7.87751
20
-4.69864
11
7.87052
21
-4.69864
0
LINE
8
BLACK
6
CONTINUOUS
10
7.87052
20
-4.69864
11
7.86367
21
-4.69718
0
LINE
8
BLACK
6
CONTINUOUS
10
7.86367
20
-4.69718
11
7.85728
21
-4.69434
0
LINE
8
BLACK
6
CONTINUOUS
10
7.85728
20
-4.69434
11
7.85162
21
-4.69022
0
LINE
8
BLACK
6
CONTINUOUS
10
7.85162
20
-4.69022
11
7.84694
21
-4.68502
0
LINE
8
BLACK
6
CONTINUOUS
10
7.84694
20
-4.68502
11
7.84344
21
-4.67897
0
LINE
8
BLACK
6
CONTINUOUS
10
7.84344
20
-4.67897
11
7.84128
21
-4.67231
0
LINE
8
BLACK
6
CONTINUOUS
10
7.84128
20
-4.67231
11
7.84055
21
-4.66535
0
LINE
8
BLACK
6
CONTINUOUS
10
7.84055
20
-4.66535
11
7.84128
21
-4.6584
0
LINE
8
BLACK
6
CONTINUOUS
10
7.84128
20
-4.6584
11
7.84344
21
-4.65174
0
LINE
8
BLACK
6
CONTINUOUS
10
7.84344
20
-4.65174
11
7.84694
21
-4.64568
0
LINE
8
BLACK
6
CONTINUOUS
10
7.84694
20
-4.64568
11
7.85162
21
-4.64049
0
LINE
8
BLACK
6
CONTINUOUS
10
7.85162
20
-4.64049
11
7.85728
21
-4.63637
0
LINE
8
BLACK
6
CONTINUOUS
10
7.85728
20
-4.63637
11
7.86367
21
-4.63353
0
LINE
8
BLACK
6
CONTINUOUS
10
7.86367
20
-4.63353
11
7.86402
21
-4.63346
0
LINE
8
BLACK
6
CONTINUOUS
10
7.86402
20
-4.63346
11
7.86402
21
-4.61351
0
LINE
8
BLACK
6
CONTINUOUS
10
7.86402
20
-4.61351
11
7.86386
21
-4.61298
0
LINE
8
BLACK
6
CONTINUOUS
10
7.86386
20
-4.61298
11
7.8633
21
-4.6129
0
LINE
8
BLACK
6
CONTINUOUS
10
7.8633
20
-4.6129
11
7.86178
21
-4.61314
0
LINE
8
BLACK
6
CONTINUOUS
10
7.86178
20
-4.61314
11
7.86139
21
-4.61323
0
LINE
8
BLACK
6
CONTINUOUS
10
7.86139
20
-4.61323
11
7.85342
21
-4.61584
0
LINE
8
BLACK
6
CONTINUOUS
10
7.85342
20
-4.61584
11
7.85305
21
-4.61599
0
LINE
8
BLACK
6
CONTINUOUS
10
7.85305
20
-4.61599
11
7.84561
21
-4.61986
0
LINE
8
BLACK
6
CONTINUOUS
10
7.84561
20
-4.61986
11
7.84527
21
-4.62008
0
LINE
8
BLACK
6
CONTINUOUS
10
7.84527
20
-4.62008
11
7.83856
21
-4.62511
0
LINE
8
BLACK
6
CONTINUOUS
10
7.83856
20
-4.62511
11
7.83826
21
-4.62538
0
LINE
8
BLACK
6
CONTINUOUS
10
7.83826
20
-4.62538
11
7.83522
21
-4.62857
0
LINE
8
BLACK
6
CONTINUOUS
10
7.83522
20
-4.62857
11
7.83279
21
-4.62996
0
LINE
8
BLACK
6
CONTINUOUS
10
7.83279
20
-4.62996
11
7.83
21
-4.62983
0
LINE
8
BLACK
6
CONTINUOUS
10
7.83
20
-4.62983
11
7.82773
21
-4.6282
0
LINE
8
BLACK
6
CONTINUOUS
10
7.82773
20
-4.6282
11
7.82698
21
-4.62688
0
LINE
8
BLACK
6
CONTINUOUS
10
7.82698
20
-4.62688
11
7.82535
21
-4.62251
0
LINE
8
BLACK
6
CONTINUOUS
10
7.82535
20
-4.62251
11
7.82522
21
-4.62218
0
LINE
8
BLACK
6
CONTINUOUS
10
7.82522
20
-4.62218
11
7.82178
21
-4.61759
0
LINE
8
BLACK
6
CONTINUOUS
10
7.82178
20
-4.61759
11
7.81719
21
-4.61415
0
LINE
8
BLACK
6
CONTINUOUS
10
7.81719
20
-4.61415
11
7.81182
21
-4.61214
0
LINE
8
BLACK
6
CONTINUOUS
10
7.81182
20
-4.61214
11
7.80938
21
-4.61187
0
LINE
8
BLACK
6
CONTINUOUS
10
7.80938
20
-4.61187
11
7.78171
21
-4.61187
0
LINE
8
BLACK
6
CONTINUOUS
10
7.78171
20
-4.61187
11
7.77903
21
-4.61108
0
LINE
8
BLACK
6
CONTINUOUS
10
7.77903
20
-4.61108
11
7.7772
21
-4.60897
0
LINE
8
BLACK
6
CONTINUOUS
10
7.7772
20
-4.60897
11
7.7768
21
-4.6062
0
LINE
8
BLACK
6
CONTINUOUS
10
7.7768
20
-4.6062
11
7.77796
21
-4.60366
0
LINE
8
BLACK
6
CONTINUOUS
10
7.77796
20
-4.60366
11
7.7782
21
-4.6034
0
LINE
8
BLACK
6
CONTINUOUS
10
7.7782
20
-4.6034
11
7.85277
21
-4.52884
0
LINE
8
BLACK
6
CONTINUOUS
10
7.85277
20
-4.52884
11
7.85489
21
-4.52758
0
LINE
8
BLACK
6
CONTINUOUS
10
7.85489
20
-4.52758
11
7.85874
21
-4.52646
0
LINE
8
BLACK
6
CONTINUOUS
10
7.85874
20
-4.52646
11
7.85874
21
-4.52646
0
LINE
8
BLACK
6
CONTINUOUS
10
7.85874
20
-4.52646
11
7.85904
21
-4.52637
0
LINE
8
BLACK
6
CONTINUOUS
10
7.85904
20
-4.52637
11
7.85939
21
-4.52617
0
LINE
8
BLACK
6
CONTINUOUS
10
7.85939
20
-4.52617
11
7.8597
21
-4.52598
0
LINE
8
BLACK
6
CONTINUOUS
10
7.8597
20
-4.52598
11
7.86241
21
-4.5253
0
LINE
8
BLACK
6
CONTINUOUS
10
7.86241
20
-4.5253
11
7.86475
21
-4.52598
0
LINE
8
BLACK
6
CONTINUOUS
10
7.86475
20
-4.52598
11
7.86511
21
-4.5262
0
LINE
8
BLACK
6
CONTINUOUS
10
7.86511
20
-4.5262
11
7.86568
21
-4.52644
0
LINE
8
BLACK
6
CONTINUOUS
10
7.86568
20
-4.52644
11
7.87042
21
-4.52782
0
LINE
8
BLACK
6
CONTINUOUS
10
7.87042
20
-4.52782
11
7.87097
21
-4.52782
0
LINE
8
BLACK
6
CONTINUOUS
10
7.87097
20
-4.52782
11
7.8711
21
-4.52753
0
LINE
8
BLACK
6
CONTINUOUS
10
7.8711
20
-4.52753
11
7.8711
21
-4.51659
0
LINE
8
BLACK
6
CONTINUOUS
10
7.8711
20
-4.51659
11
7.87179
21
-4.51406
0
LINE
8
BLACK
6
CONTINUOUS
10
7.87179
20
-4.51406
11
7.87228
21
-4.51324
0
LINE
8
BLACK
6
CONTINUOUS
10
7.87228
20
-4.51324
11
7.87228
21
-4.51324
0
LINE
8
BLACK
6
CONTINUOUS
10
7.87228
20
-4.51324
11
7.87244
21
-4.51298
0
LINE
8
BLACK
6
CONTINUOUS
10
7.87244
20
-4.51298
11
7.8739
21
-4.50793
0
LINE
8
BLACK
6
CONTINUOUS
10
7.8739
20
-4.50793
11
7.87348
21
-4.50785
0
LINE
8
BLACK
6
CONTINUOUS
10
7.87348
20
-4.50785
11
7.87169
21
-4.50665
0
LINE
8
BLACK
6
CONTINUOUS
10
7.87169
20
-4.50665
11
7.8705
21
-4.50487
0
LINE
8
BLACK
6
CONTINUOUS
10
7.8705
20
-4.50487
11
7.87008
21
-4.50276
0
LINE
8
BLACK
6
CONTINUOUS
10
7.87008
20
-4.50276
11
7.87008
21
-4.48937
0
LINE
8
BLACK
6
CONTINUOUS
10
7.87008
20
-4.48937
11
7.8705
21
-4.48726
0
LINE
8
BLACK
6
CONTINUOUS
10
7.8705
20
-4.48726
11
7.87169
21
-4.48547
0
LINE
8
BLACK
6
CONTINUOUS
10
7.87169
20
-4.48547
11
7.87348
21
-4.48428
0
LINE
8
BLACK
6
CONTINUOUS
10
7.87348
20
-4.48428
11
7.87559
21
-4.48386
0
LINE
8
BLACK
6
CONTINUOUS
10
7.87559
20
-4.48386
11
7.88661
21
-4.48386
0
LINE
8
BLACK
6
CONTINUOUS
10
7.88661
20
-4.48386
11
7.88872
21
-4.48428
0
LINE
8
BLACK
6
CONTINUOUS
10
7.88872
20
-4.48428
11
7.89051
21
-4.48547
0
LINE
8
BLACK
6
CONTINUOUS
10
7.89051
20
-4.48547
11
7.89091
21
-4.48606
0
LINE
8
BLACK
6
CONTINUOUS
10
7.89091
20
-4.48606
11
7.91136
21
-4.48606
0
LINE
8
BLACK
6
CONTINUOUS
10
7.91136
20
-4.48606
11
7.91194
21
-4.48589
0
LINE
8
BLACK
6
CONTINUOUS
10
7.91194
20
-4.48589
11
7.91201
21
-4.48548
0
LINE
8
BLACK
6
CONTINUOUS
10
7.91201
20
-4.48548
11
7.91194
21
-4.4851
0
LINE
8
BLACK
6
CONTINUOUS
10
7.91194
20
-4.4851
11
7.91049
21
-4.4801
0
LINE
8
BLACK
6
CONTINUOUS
10
7.91049
20
-4.4801
11
7.9105
21
-4.47731
0
LINE
8
BLACK
6
CONTINUOUS
10
7.9105
20
-4.47731
11
7.91201
21
-4.47496
0
LINE
8
BLACK
6
CONTINUOUS
10
7.91201
20
-4.47496
11
7.91456
21
-4.47381
0
LINE
8
BLACK
6
CONTINUOUS
10
7.91456
20
-4.47381
11
7.91525
21
-4.47376
0
LINE
8
BLACK
6
CONTINUOUS
10
7.91525
20
-4.47376
11
7.92727
21
-4.47376
0
LINE
8
BLACK
6
CONTINUOUS
10
7.92727
20
-4.47376
11
7.92771
21
-4.47378
0
LINE
8
BLACK
6
CONTINUOUS
10
7.92771
20
-4.47378
11
7.92801
21
-4.47385
0
LINE
8
BLACK
6
CONTINUOUS
10
7.92801
20
-4.47385
11
7.92832
21
-4.47384
0
LINE
8
BLACK
6
CONTINUOUS
10
7.92832
20
-4.47384
11
7.92832
21
-4.47384
0
LINE
8
BLACK
6
CONTINUOUS
10
7.92832
20
-4.47384
11
7.93069
21
-4.47376
0
LINE
8
BLACK
6
CONTINUOUS
10
7.93069
20
-4.47376
11
7.93084
21
-4.47376
0
LINE
8
BLACK
6
CONTINUOUS
10
7.93084
20
-4.47376
11
7.93194
21
-4.47376
0
LINE
8
BLACK
6
CONTINUOUS
10
7.93194
20
-4.47376
11
7.9321
21
-4.47374
0
LINE
8
BLACK
6
CONTINUOUS
10
7.9321
20
-4.47374
11
7.9321
21
-4.47374
0
LINE
8
BLACK
6
CONTINUOUS
10
7.9321
20
-4.47374
11
7.93256
21
-4.4737
0
LINE
8
BLACK
6
CONTINUOUS
10
7.93256
20
-4.4737
11
7.93383
21
-4.47366
0
LINE
8
BLACK
6
CONTINUOUS
10
7.93383
20
-4.47366
11
7.93399
21
-4.47366
0
LINE
8
BLACK
6
CONTINUOUS
10
7.93399
20
-4.47366
11
7.9343
21
-4.47365
0
LINE
8
BLACK
6
CONTINUOUS
10
7.9343
20
-4.47365
11
7.93507
21
-4.47343
0
LINE
8
BLACK
6
CONTINUOUS
10
7.93507
20
-4.47343
11
7.93583
21
-4.47327
0
LINE
8
BLACK
6
CONTINUOUS
10
7.93583
20
-4.47327
11
7.93631
21
-4.47321
0
LINE
8
BLACK
6
CONTINUOUS
10
7.93631
20
-4.47321
11
7.93631
21
-4.47321
0
LINE
8
BLACK
6
CONTINUOUS
10
7.93631
20
-4.47321
11
7.93662
21
-4.47317
0
LINE
8
BLACK
6
CONTINUOUS
10
7.93662
20
-4.47317
11
7.93691
21
-4.47305
0
LINE
8
BLACK
6
CONTINUOUS
10
7.93691
20
-4.47305
11
7.93691
21
-4.47305
0
LINE
8
BLACK
6
CONTINUOUS
10
7.93691
20
-4.47305
11
7.93824
21
-4.47253
0
LINE
8
BLACK
6
CONTINUOUS
10
7.93824
20
-4.47253
11
7.93868
21
-4.47238
0
LINE
8
BLACK
6
CONTINUOUS
10
7.93868
20
-4.47238
11
7.94006
21
-4.47198
0
LINE
8
BLACK
6
CONTINUOUS
10
7.94006
20
-4.47198
11
7.94006
21
-4.47198
0
LINE
8
BLACK
6
CONTINUOUS
10
7.94006
20
-4.47198
11
7.94036
21
-4.47189
0
LINE
8
BLACK
6
CONTINUOUS
10
7.94036
20
-4.47189
11
7.94062
21
-4.47173
0
LINE
8
BLACK
6
CONTINUOUS
10
7.94062
20
-4.47173
11
7.94062
21
-4.47173
0
LINE
8
BLACK
6
CONTINUOUS
10
7.94062
20
-4.47173
11
7.94104
21
-4.47148
0
LINE
8
BLACK
6
CONTINUOUS
10
7.94104
20
-4.47148
11
7.94174
21
-4.47114
0
LINE
8
BLACK
6
CONTINUOUS
10
7.94174
20
-4.47114
11
7.94225
21
-4.47094
0
LINE
8
BLACK
6
CONTINUOUS
10
7.94225
20
-4.47094
11
7.94503
21
-4.47069
0
LINE
8
BLACK
6
CONTINUOUS
10
7.94503
20
-4.47069
11
7.94751
21
-4.47198
0
LINE
8
BLACK
6
CONTINUOUS
10
7.94751
20
-4.47198
11
7.94852
21
-4.47335
0
LINE
8
BLACK
6
CONTINUOUS
10
7.94852
20
-4.47335
11
7.94877
21
-4.47385
0
LINE
8
BLACK
6
CONTINUOUS
10
7.94877
20
-4.47385
11
7.95152
21
-4.4794
0
LINE
8
BLACK
6
CONTINUOUS
10
7.95152
20
-4.4794
11
7.95599
21
-4.48495
0
LINE
8
BLACK
6
CONTINUOUS
10
7.95599
20
-4.48495
11
7.96155
21
-4.48942
0
LINE
8
BLACK
6
CONTINUOUS
10
7.96155
20
-4.48942
11
7.96425
21
-4.49077
0
LINE
8
BLACK
6
CONTINUOUS
10
7.96425
20
-4.49077
11
7.96769
21
-4.49247
0
LINE
8
BLACK
6
CONTINUOUS
10
7.96769
20
-4.49247
11
7.96769
21
-4.49247
0
LINE
8
BLACK
6
CONTINUOUS
10
7.96769
20
-4.49247
11
7.96793
21
-4.49259
0
LINE
8
BLACK
6
CONTINUOUS
10
7.96793
20
-4.49259
11
7.97485
21
-4.49432
0
LINE
8
BLACK
6
CONTINUOUS
10
7.97485
20
-4.49432
11
7.97566
21
-4.49437
0
LINE
8
BLACK
6
CONTINUOUS
10
7.97566
20
-4.49437
11
7.97641
21
-4.49442
0
LINE
8
BLACK
6
CONTINUOUS
10
7.97641
20
-4.49442
11
7.97641
21
-4.49442
0
LINE
8
BLACK
6
CONTINUOUS
10
7.97641
20
-4.49442
11
7.97649
21
-4.49443
0
LINE
8
BLACK
6
CONTINUOUS
10
7.97649
20
-4.49443
11
7.99212
21
-4.49443
0
LINE
8
BLACK
6
CONTINUOUS
10
7.99212
20
-4.49443
11
8.00776
21
-4.49443
0
LINE
8
BLACK
6
CONTINUOUS
10
8.00776
20
-4.49443
11
8.00902
21
-4.49434
0
LINE
8
BLACK
6
CONTINUOUS
10
8.00902
20
-4.49434
11
8.00918
21
-4.49433
0
LINE
8
BLACK
6
CONTINUOUS
10
8.00918
20
-4.49433
11
8.00918
21
-4.49433
0
LINE
8
BLACK
6
CONTINUOUS
10
8.00918
20
-4.49433
11
8.0094
21
-4.49432
0
LINE
8
BLACK
6
CONTINUOUS
10
8.0094
20
-4.49432
11
8.01632
21
-4.49259
0
LINE
8
BLACK
6
CONTINUOUS
10
8.01632
20
-4.49259
11
8.01656
21
-4.49247
0
LINE
8
BLACK
6
CONTINUOUS
10
8.01656
20
-4.49247
11
8.01656
21
-4.49247
0
LINE
8
BLACK
6
CONTINUOUS
10
8.01656
20
-4.49247
11
8.02255
21
-4.4895
0
LINE
8
BLACK
6
CONTINUOUS
10
8.02255
20
-4.4895
11
8.0253
21
-4.48901
0
LINE
8
BLACK
6
CONTINUOUS
10
8.0253
20
-4.48901
11
8.02788
21
-4.49009
0
LINE
8
BLACK
6
CONTINUOUS
10
8.02788
20
-4.49009
11
8.02826
21
-4.49044
0
LINE
8
BLACK
6
CONTINUOUS
10
8.02826
20
-4.49044
11
8.03197
21
-4.49415
0
LINE
8
BLACK
6
CONTINUOUS
10
8.03197
20
-4.49415
11
8.03246
21
-4.49453
0
LINE
8
BLACK
6
CONTINUOUS
10
8.03246
20
-4.49453
11
8.03743
21
-4.49747
0
LINE
8
BLACK
6
CONTINUOUS
10
8.03743
20
-4.49747
11
8.038
21
-4.49772
0
LINE
8
BLACK
6
CONTINUOUS
10
8.038
20
-4.49772
11
8.0436
21
-4.49934
0
LINE
8
BLACK
6
CONTINUOUS
10
8.0436
20
-4.49934
11
8.0441
21
-4.49943
0
LINE
8
BLACK
6
CONTINUOUS
10
8.0441
20
-4.49943
11
8.04441
21
-4.49946
0
LINE
8
BLACK
6
CONTINUOUS
10
8.04441
20
-4.49946
11
8.045
21
-4.49933
0
LINE
8
BLACK
6
CONTINUOUS
10
8.045
20
-4.49933
11
8.04512
21
-4.49888
0
LINE
8
BLACK
6
CONTINUOUS
10
8.04512
20
-4.49888
11
8.04512
21
-4.47867
0
LINE
8
BLACK
6
CONTINUOUS
10
8.04512
20
-4.47867
11
8.04408
21
-4.47797
0
LINE
8
BLACK
6
CONTINUOUS
10
8.04408
20
-4.47797
11
8.04292
21
-4.47625
0
LINE
8
BLACK
6
CONTINUOUS
10
8.04292
20
-4.47625
11
8.04252
21
-4.47421
0
LINE
8
BLACK
6
CONTINUOUS
10
8.04252
20
-4.47421
11
8.04252
21
-4.46358
0
LINE
8
BLACK
6
CONTINUOUS
10
8.04252
20
-4.46358
11
8.04292
21
-4.46155
0
LINE
8
BLACK
6
CONTINUOUS
10
8.04292
20
-4.46155
11
8.04408
21
-4.45982
0
LINE
8
BLACK
6
CONTINUOUS
10
8.04408
20
-4.45982
11
8.0458
21
-4.45867
0
LINE
8
BLACK
6
CONTINUOUS
10
8.0458
20
-4.45867
11
8.04783
21
-4.45827
0
LINE
8
BLACK
6
CONTINUOUS
10
8.04783
20
-4.45827
11
8.0624
21
-4.45827
0
LINE
8
BLACK
6
CONTINUOUS
10
8.0624
20
-4.45827
11
8.06444
21
-4.45867
0
LINE
8
BLACK
6
CONTINUOUS
10
8.06444
20
-4.45867
11
8.06545
21
-4.45935
0
LINE
8
BLACK
6
CONTINUOUS
10
8.06545
20
-4.45935
11
8.0664
21
-4.45928
0
LINE
8
BLACK
6
CONTINUOUS
10
8.0664
20
-4.45928
11
8.06664
21
-4.45921
0
LINE
8
BLACK
6
CONTINUOUS
10
8.06664
20
-4.45921
11
8.06664
21
-4.45921
0
LINE
8
BLACK
6
CONTINUOUS
10
8.06664
20
-4.45921
11
8.06702
21
-4.45909
0
LINE
8
BLACK
6
CONTINUOUS
10
8.06702
20
-4.45909
11
8.06841
21
-4.4589
0
LINE
8
BLACK
6
CONTINUOUS
10
8.06841
20
-4.4589
11
8.08669
21
-4.4589
0
LINE
8
BLACK
6
CONTINUOUS
10
8.08669
20
-4.4589
11
8.08722
21
-4.45874
0
LINE
8
BLACK
6
CONTINUOUS
10
8.08722
20
-4.45874
11
8.08727
21
-4.45843
0
LINE
8
BLACK
6
CONTINUOUS
10
8.08727
20
-4.45843
11
8.08591
21
-4.45375
0
LINE
8
BLACK
6
CONTINUOUS
10
8.08591
20
-4.45375
11
8.08566
21
-4.45318
0
LINE
8
BLACK
6
CONTINUOUS
10
8.08566
20
-4.45318
11
8.08459
21
-4.45136
0
LINE
8
BLACK
6
CONTINUOUS
10
8.08459
20
-4.45136
11
8.0839
21
-4.44865
0
LINE
8
BLACK
6
CONTINUOUS
10
8.0839
20
-4.44865
11
8.08459
21
-4.44631
0
LINE
8
BLACK
6
CONTINUOUS
10
8.08459
20
-4.44631
11
8.08584
21
-4.4442
0
LINE
8
BLACK
6
CONTINUOUS
10
8.08584
20
-4.4442
11
8.08618
21
-4.44303
0
LINE
8
BLACK
6
CONTINUOUS
10
8.08618
20
-4.44303
11
8.08736
21
-4.43897
0
LINE
8
BLACK
6
CONTINUOUS
10
8.08736
20
-4.43897
11
8.08886
21
-4.43661
0
LINE
8
BLACK
6
CONTINUOUS
10
8.08886
20
-4.43661
11
8.0914
21
-4.43545
0
LINE
8
BLACK
6
CONTINUOUS
10
8.0914
20
-4.43545
11
8.09212
21
-4.43539
0
LINE
8
BLACK
6
CONTINUOUS
10
8.09212
20
-4.43539
11
8.11872
21
-4.43539
0
LINE
8
BLACK
6
CONTINUOUS
10
8.11872
20
-4.43539
11
8.1214
21
-4.43618
0
LINE
8
BLACK
6
CONTINUOUS
10
8.1214
20
-4.43618
11
8.12323
21
-4.43829
0
LINE
8
BLACK
6
CONTINUOUS
10
8.12323
20
-4.43829
11
8.12368
21
-4.44035
0
LINE
8
BLACK
6
CONTINUOUS
10
8.12368
20
-4.44035
11
8.12368
21
-4.45301
0
LINE
8
BLACK
6
CONTINUOUS
10
8.12368
20
-4.45301
11
8.12368
21
-4.46445
0
LINE
8
BLACK
6
CONTINUOUS
10
8.12368
20
-4.46445
11
8.12379
21
-4.46609
0
LINE
8
BLACK
6
CONTINUOUS
10
8.12379
20
-4.46609
11
8.12552
21
-4.47301
0
LINE
8
BLACK
6
CONTINUOUS
10
8.12552
20
-4.47301
11
8.12564
21
-4.47325
0
LINE
8
BLACK
6
CONTINUOUS
10
8.12564
20
-4.47325
11
8.12564
21
-4.47325
0
LINE
8
BLACK
6
CONTINUOUS
10
8.12564
20
-4.47325
11
8.12685
21
-4.47569
0
LINE
8
BLACK
6
CONTINUOUS
10
8.12685
20
-4.47569
11
8.12869
21
-4.4794
0
LINE
8
BLACK
6
CONTINUOUS
10
8.12869
20
-4.4794
11
8.13316
21
-4.48495
0
LINE
8
BLACK
6
CONTINUOUS
10
8.13316
20
-4.48495
11
8.13871
21
-4.48942
0
LINE
8
BLACK
6
CONTINUOUS
10
8.13871
20
-4.48942
11
8.14142
21
-4.49077
0
LINE
8
BLACK
6
CONTINUOUS
10
8.14142
20
-4.49077
11
8.14486
21
-4.49247
0
LINE
8
BLACK
6
CONTINUOUS
10
8.14486
20
-4.49247
11
8.14486
21
-4.49247
0
LINE
8
BLACK
6
CONTINUOUS
10
8.14486
20
-4.49247
11
8.1451
21
-4.49259
0
LINE
8
BLACK
6
CONTINUOUS
10
8.1451
20
-4.49259
11
8.15202
21
-4.49432
0
LINE
8
BLACK
6
CONTINUOUS
10
8.15202
20
-4.49432
11
8.15282
21
-4.49437
0
LINE
8
BLACK
6
CONTINUOUS
10
8.15282
20
-4.49437
11
8.15357
21
-4.49442
0
LINE
8
BLACK
6
CONTINUOUS
10
8.15357
20
-4.49442
11
8.15357
21
-4.49442
0
LINE
8
BLACK
6
CONTINUOUS
10
8.15357
20
-4.49442
11
8.15366
21
-4.49443
0
LINE
8
BLACK
6
CONTINUOUS
10
8.15366
20
-4.49443
11
8.16928
21
-4.49443
0
LINE
8
BLACK
6
CONTINUOUS
10
8.16928
20
-4.49443
11
8.18493
21
-4.49443
0
LINE
8
BLACK
6
CONTINUOUS
10
8.18493
20
-4.49443
11
8.18618
21
-4.49434
0
LINE
8
BLACK
6
CONTINUOUS
10
8.18618
20
-4.49434
11
8.18635
21
-4.49433
0
LINE
8
BLACK
6
CONTINUOUS
10
8.18635
20
-4.49433
11
8.18635
21
-4.49433
0
LINE
8
BLACK
6
CONTINUOUS
10
8.18635
20
-4.49433
11
8.18657
21
-4.49432
0
LINE
8
BLACK
6
CONTINUOUS
10
8.18657
20
-4.49432
11
8.19348
21
-4.49259
0
LINE
8
BLACK
6
CONTINUOUS
10
8.19348
20
-4.49259
11
8.19372
21
-4.49247
0
LINE
8
BLACK
6
CONTINUOUS
10
8.19372
20
-4.49247
11
8.19372
21
-4.49247
0
LINE
8
BLACK
6
CONTINUOUS
10
8.19372
20
-4.49247
11
8.19716
21
-4.49077
0
LINE
8
BLACK
6
CONTINUOUS
10
8.19716
20
-4.49077
11
8.19987
21
-4.48942
0
LINE
8
BLACK
6
CONTINUOUS
10
8.19987
20
-4.48942
11
8.20543
21
-4.48495
0
LINE
8
BLACK
6
CONTINUOUS
10
8.20543
20
-4.48495
11
8.20819
21
-4.48152
0
LINE
8
BLACK
6
CONTINUOUS
10
8.20819
20
-4.48152
11
8.21048
21
-4.47992
0
LINE
8
BLACK
6
CONTINUOUS
10
8.21048
20
-4.47992
11
8.21206
21
-4.47967
0
LINE
8
BLACK
6
CONTINUOUS
10
8.21206
20
-4.47967
11
8.22048
21
-4.47967
0
LINE
8
BLACK
6
CONTINUOUS
10
8.22048
20
-4.47967
11
8.22316
21
-4.48045
0
LINE
8
BLACK
6
CONTINUOUS
10
8.22316
20
-4.48045
11
8.22469
21
-4.48202
0
LINE
8
BLACK
6
CONTINUOUS
10
8.22469
20
-4.48202
11
8.22545
21
-4.48324
0
LINE
8
BLACK
6
CONTINUOUS
10
8.22545
20
-4.48324
11
8.23038
21
-4.48816
0
LINE
8
BLACK
6
CONTINUOUS
10
8.23038
20
-4.48816
11
8.23063
21
-4.48831
0
LINE
8
BLACK
6
CONTINUOUS
10
8.23063
20
-4.48831
11
8.23063
21
-4.48831
0
LINE
8
BLACK
6
CONTINUOUS
10
8.23063
20
-4.48831
11
8.23603
21
-4.49164
0
LINE
8
BLACK
6
CONTINUOUS
10
8.23603
20
-4.49164
11
8.23631
21
-4.49182
0
LINE
8
BLACK
6
CONTINUOUS
10
8.23631
20
-4.49182
11
8.23885
21
-4.49266
0
LINE
8
BLACK
6
CONTINUOUS
10
8.23885
20
-4.49266
11
8.24266
21
-4.49392
0
LINE
8
BLACK
6
CONTINUOUS
10
8.24266
20
-4.49392
11
8.24266
21
-4.49392
0
LINE
8
BLACK
6
CONTINUOUS
10
8.24266
20
-4.49392
11
8.24292
21
-4.49401
0
LINE
8
BLACK
6
CONTINUOUS
10
8.24292
20
-4.49401
11
8.24319
21
-4.49404
0
LINE
8
BLACK
6
CONTINUOUS
10
8.24319
20
-4.49404
11
8.24319
21
-4.49404
0
LINE
8
BLACK
6
CONTINUOUS
10
8.24319
20
-4.49404
11
8.24434
21
-4.49415
0
LINE
8
BLACK
6
CONTINUOUS
10
8.24434
20
-4.49415
11
8.24703
21
-4.49443
0
LINE
8
BLACK
6
CONTINUOUS
10
8.24703
20
-4.49443
11
8.2884
21
-4.49443
0
LINE
8
BLACK
6
CONTINUOUS
10
8.2884
20
-4.49443
11
8.28853
21
-4.49442
0
LINE
8
BLACK
6
CONTINUOUS
10
8.28853
20
-4.49442
11
8.28853
21
-4.49442
0
LINE
8
BLACK
6
CONTINUOUS
10
8.28853
20
-4.49442
11
8.2923
21
-4.49403
0
LINE
8
BLACK
6
CONTINUOUS
10
8.2923
20
-4.49403
11
8.2923
21
-4.49403
0
LINE
8
BLACK
6
CONTINUOUS
10
8.2923
20
-4.49403
11
8.29257
21
-4.494
0
LINE
8
BLACK
6
CONTINUOUS
10
8.29257
20
-4.494
11
8.29282
21
-4.49391
0
LINE
8
BLACK
6
CONTINUOUS
10
8.29282
20
-4.49391
11
8.29282
21
-4.49391
0
LINE
8
BLACK
6
CONTINUOUS
10
8.29282
20
-4.49391
11
8.29808
21
-4.49216
0
LINE
8
BLACK
6
CONTINUOUS
10
8.29808
20
-4.49216
11
8.29917
21
-4.49179
0
LINE
8
BLACK
6
CONTINUOUS
10
8.29917
20
-4.49179
11
8.30509
21
-4.48813
0
LINE
8
BLACK
6
CONTINUOUS
10
8.30509
20
-4.48813
11
8.31001
21
-4.4832
0
LINE
8
BLACK
6
CONTINUOUS
10
8.31001
20
-4.4832
11
8.31227
21
-4.47954
0
LINE
8
BLACK
6
CONTINUOUS
10
8.31227
20
-4.47954
11
8.31351
21
-4.47752
0
LINE
8
BLACK
6
CONTINUOUS
10
8.31351
20
-4.47752
11
8.31351
21
-4.47752
0
LINE
8
BLACK
6
CONTINUOUS
10
8.31351
20
-4.47752
11
8.31367
21
-4.47727
0
LINE
8
BLACK
6
CONTINUOUS
10
8.31367
20
-4.47727
11
8.31498
21
-4.47332
0
LINE
8
BLACK
6
CONTINUOUS
10
8.31498
20
-4.47332
11
8.31577
21
-4.47092
0
LINE
8
BLACK
6
CONTINUOUS
10
8.31577
20
-4.47092
11
8.31577
21
-4.47092
0
LINE
8
BLACK
6
CONTINUOUS
10
8.31577
20
-4.47092
11
8.31586
21
-4.47066
0
LINE
8
BLACK
6
CONTINUOUS
10
8.31586
20
-4.47066
11
8.31628
21
-4.46655
0
LINE
8
BLACK
6
CONTINUOUS
10
8.31628
20
-4.46655
11
8.31628
21
-4.4429
0
LINE
8
BLACK
6
CONTINUOUS
10
8.31628
20
-4.4429
11
8.31623
21
-4.44246
0
LINE
8
BLACK
6
CONTINUOUS
10
8.31623
20
-4.44246
11
8.31588
21
-4.439
0
LINE
8
BLACK
6
CONTINUOUS
10
8.31588
20
-4.439
11
8.31588
21
-4.439
0
LINE
8
BLACK
6
CONTINUOUS
10
8.31588
20
-4.439
11
8.31585
21
-4.43873
0
LINE
8
BLACK
6
CONTINUOUS
10
8.31585
20
-4.43873
11
8.31545
21
-4.43754
0
LINE
8
BLACK
6
CONTINUOUS
10
8.31545
20
-4.43754
11
8.31373
21
-4.4324
0
LINE
8
BLACK
6
CONTINUOUS
10
8.31373
20
-4.4324
11
8.31364
21
-4.43213
0
LINE
8
BLACK
6
CONTINUOUS
10
8.31364
20
-4.43213
11
8.30998
21
-4.42621
0
LINE
8
BLACK
6
CONTINUOUS
10
8.30998
20
-4.42621
11
8.30505
21
-4.42129
0
LINE
8
BLACK
6
CONTINUOUS
10
8.30505
20
-4.42129
11
8.30489
21
-4.42118
0
LINE
8
BLACK
6
CONTINUOUS
10
8.30489
20
-4.42118
11
8.30329
21
-4.41894
0
LINE
8
BLACK
6
CONTINUOUS
10
8.30329
20
-4.41894
11
8.30316
21
-4.41614
0
LINE
8
BLACK
6
CONTINUOUS
10
8.30316
20
-4.41614
11
8.30457
21
-4.41373
0
LINE
8
BLACK
6
CONTINUOUS
10
8.30457
20
-4.41373
11
8.30486
21
-4.41347
0
LINE
8
BLACK
6
CONTINUOUS
10
8.30486
20
-4.41347
11
8.30509
21
-4.41333
0
LINE
8
BLACK
6
CONTINUOUS
10
8.30509
20
-4.41333
11
8.31001
21
-4.4084
0
LINE
8
BLACK
6
CONTINUOUS
10
8.31001
20
-4.4084
11
8.31111
21
-4.40662
0
LINE
8
BLACK
6
CONTINUOUS
10
8.31111
20
-4.40662
11
8.31351
21
-4.40272
0
LINE
8
BLACK
6
CONTINUOUS
10
8.31351
20
-4.40272
11
8.31351
21
-4.40272
0
LINE
8
BLACK
6
CONTINUOUS
10
8.31351
20
-4.40272
11
8.31367
21
-4.40247
0
LINE
8
BLACK
6
CONTINUOUS
10
8.31367
20
-4.40247
11
8.31586
21
-4.39586
0
LINE
8
BLACK
6
CONTINUOUS
10
8.31586
20
-4.39586
11
8.31589
21
-4.39557
0
LINE
8
BLACK
6
CONTINUOUS
10
8.31589
20
-4.39557
11
8.31627
21
-4.39187
0
LINE
8
BLACK
6
CONTINUOUS
10
8.31627
20
-4.39187
11
8.31628
21
-4.39175
0
LINE
8
BLACK
6
CONTINUOUS
10
8.31628
20
-4.39175
11
8.31628
21
-4.36809
0
LINE
8
BLACK
6
CONTINUOUS
10
8.31628
20
-4.36809
11
8.31619
21
-4.36727
0
LINE
8
BLACK
6
CONTINUOUS
10
8.31619
20
-4.36727
11
8.31588
21
-4.3642
0
LINE
8
BLACK
6
CONTINUOUS
10
8.31588
20
-4.3642
11
8.31588
21
-4.3642
0
LINE
8
BLACK
6
CONTINUOUS
10
8.31588
20
-4.3642
11
8.31585
21
-4.36393
0
LINE
8
BLACK
6
CONTINUOUS
10
8.31585
20
-4.36393
11
8.3152
21
-4.36198
0
LINE
8
BLACK
6
CONTINUOUS
10
8.3152
20
-4.36198
11
8.31373
21
-4.3576
0
LINE
8
BLACK
6
CONTINUOUS
10
8.31373
20
-4.3576
11
8.31364
21
-4.35732
0
LINE
8
BLACK
6
CONTINUOUS
10
8.31364
20
-4.35732
11
8.30998
21
-4.3514
0
LINE
8
BLACK
6
CONTINUOUS
10
8.30998
20
-4.3514
11
8.30505
21
-4.34648
0
LINE
8
BLACK
6
CONTINUOUS
10
8.30505
20
-4.34648
11
8.30433
21
-4.34604
0
LINE
8
BLACK
6
CONTINUOUS
10
8.30433
20
-4.34604
11
8.29937
21
-4.34298
0
LINE
8
BLACK
6
CONTINUOUS
10
8.29937
20
-4.34298
11
8.29937
21
-4.34298
0
LINE
8
BLACK
6
CONTINUOUS
10
8.29937
20
-4.34298
11
8.29912
21
-4.34283
0
LINE
8
BLACK
6
CONTINUOUS
10
8.29912
20
-4.34283
11
8.29598
21
-4.34179
0
LINE
8
BLACK
6
CONTINUOUS
10
8.29598
20
-4.34179
11
8.29277
21
-4.34072
0
LINE
8
BLACK
6
CONTINUOUS
10
8.29277
20
-4.34072
11
8.29277
21
-4.34072
0
LINE
8
BLACK
6
CONTINUOUS
10
8.29277
20
-4.34072
11
8.29251
21
-4.34064
0
LINE
8
BLACK
6
CONTINUOUS
10
8.29251
20
-4.34064
11
8.29225
21
-4.34061
0
LINE
8
BLACK
6
CONTINUOUS
10
8.29225
20
-4.34061
11
8.29224
21
-4.34061
0
LINE
8
BLACK
6
CONTINUOUS
10
8.29224
20
-4.34061
11
8.29055
21
-4.34044
0
LINE
8
BLACK
6
CONTINUOUS
10
8.29055
20
-4.34044
11
8.2884
21
-4.34022
0
LINE
8
BLACK
6
CONTINUOUS
10
8.2884
20
-4.34022
11
8.25981
21
-4.34022
0
LINE
8
BLACK
6
CONTINUOUS
10
8.25981
20
-4.34022
11
8.25713
21
-4.33943
0
LINE
8
BLACK
6
CONTINUOUS
10
8.25713
20
-4.33943
11
8.2553
21
-4.33732
0
LINE
8
BLACK
6
CONTINUOUS
10
8.2553
20
-4.33732
11
8.2549
21
-4.33455
0
LINE
8
BLACK
6
CONTINUOUS
10
8.2549
20
-4.33455
11
8.25581
21
-4.33239
0
LINE
8
BLACK
6
CONTINUOUS
10
8.25581
20
-4.33239
11
8.25581
21
-4.33238
0
LINE
8
BLACK
6
CONTINUOUS
10
8.25581
20
-4.33238
11
8.25584
21
-4.33233
0
LINE
8
BLACK
6
CONTINUOUS
10
8.25584
20
-4.33233
11
8.25868
21
-4.32752
0
LINE
8
BLACK
6
CONTINUOUS
10
8.25868
20
-4.32752
11
8.25891
21
-4.32714
0
LINE
8
BLACK
6
CONTINUOUS
10
8.25891
20
-4.32714
11
8.25891
21
-4.32714
0
LINE
8
BLACK
6
CONTINUOUS
10
8.25891
20
-4.32714
11
8.25907
21
-4.32687
0
LINE
8
BLACK
6
CONTINUOUS
10
8.25907
20
-4.32687
11
8.25963
21
-4.32495
0
LINE
8
BLACK
6
CONTINUOUS
10
8.25963
20
-4.32495
11
8.26051
21
-4.32192
0
LINE
8
BLACK
6
CONTINUOUS
10
8.26051
20
-4.32192
11
8.26085
21
-4.32073
0
LINE
8
BLACK
6
CONTINUOUS
10
8.26085
20
-4.32073
11
8.26088
21
-4.32031
0
LINE
8
BLACK
6
CONTINUOUS
10
8.26088
20
-4.32031
11
8.26096
21
-4.31939
0
LINE
8
BLACK
6
CONTINUOUS
10
8.26096
20
-4.31939
11
8.26096
21
-4.31939
0
LINE
8
BLACK
6
CONTINUOUS
10
8.26096
20
-4.31939
11
8.26096
21
-4.31929
0
LINE
8
BLACK
6
CONTINUOUS
10
8.26096
20
-4.31929
11
8.26096
21
-4.30354
0
LINE
8
BLACK
6
CONTINUOUS
10
8.26096
20
-4.30354
11
8.26085
21
-4.30211
0
LINE
8
BLACK
6
CONTINUOUS
10
8.26085
20
-4.30211
11
8.25961
21
-4.29782
0
LINE
8
BLACK
6
CONTINUOUS
10
8.25961
20
-4.29782
11
8.25915
21
-4.29626
0
LINE
8
BLACK
6
CONTINUOUS
10
8.25915
20
-4.29626
11
8.25915
21
-4.29626
0
LINE
8
BLACK
6
CONTINUOUS
10
8.25915
20
-4.29626
11
8.25907
21
-4.29596
0
LINE
8
BLACK
6
CONTINUOUS
10
8.25907
20
-4.29596
11
8.25891
21
-4.29569
0
LINE
8
BLACK
6
CONTINUOUS
10
8.25891
20
-4.29569
11
8.25891
21
-4.29569
0
LINE
8
BLACK
6
CONTINUOUS
10
8.25891
20
-4.29569
11
8.25783
21
-4.29386
0
LINE
8
BLACK
6
CONTINUOUS
10
8.25783
20
-4.29386
11
8.25714
21
-4.29115
0
LINE
8
BLACK
6
CONTINUOUS
10
8.25714
20
-4.29115
11
8.25783
21
-4.28881
0
LINE
8
BLACK
6
CONTINUOUS
10
8.25783
20
-4.28881
11
8.25891
21
-4.28699
0
LINE
8
BLACK
6
CONTINUOUS
10
8.25891
20
-4.28699
11
8.25891
21
-4.28699
0
LINE
8
BLACK
6
CONTINUOUS
10
8.25891
20
-4.28699
11
8.25907
21
-4.28672
0
LINE
8
BLACK
6
CONTINUOUS
10
8.25907
20
-4.28672
11
8.26009
21
-4.28317
0
LINE
8
BLACK
6
CONTINUOUS
10
8.26009
20
-4.28317
11
8.26047
21
-4.28188
0
LINE
8
BLACK
6
CONTINUOUS
10
8.26047
20
-4.28188
11
8.26085
21
-4.28057
0
LINE
8
BLACK
6
CONTINUOUS
10
8.26085
20
-4.28057
11
8.26096
21
-4.27913
0
LINE
8
BLACK
6
CONTINUOUS
10
8.26096
20
-4.27913
11
8.26096
21
-4.27597
0
LINE
8
BLACK
6
CONTINUOUS
10
8.26096
20
-4.27597
11
8.26175
21
-4.27329
0
LINE
8
BLACK
6
CONTINUOUS
10
8.26175
20
-4.27329
11
8.26242
21
-4.27246
0
LINE
8
BLACK
6
CONTINUOUS
10
8.26242
20
-4.27246
11
8.32738
21
-4.2075
0
LINE
8
BLACK
6
CONTINUOUS
10
8.32738
20
-4.2075
11
8.32984
21
-4.20616
0
LINE
8
BLACK
6
CONTINUOUS
10
8.32984
20
-4.20616
11
8.33089
21
-4.20604
0
LINE
8
BLACK
6
CONTINUOUS
10
8.33089
20
-4.20604
11
8.33857
21
-4.20604
0
LINE
8
BLACK
6
CONTINUOUS
10
8.33857
20
-4.20604
11
8.34126
21
-4.20683
0
LINE
8
BLACK
6
CONTINUOUS
10
8.34126
20
-4.20683
11
8.34309
21
-4.20894
0
LINE
8
BLACK
6
CONTINUOUS
10
8.34309
20
-4.20894
11
8.34348
21
-4.21171
0
LINE
8
BLACK
6
CONTINUOUS
10
8.34348
20
-4.21171
11
8.34232
21
-4.21425
0
LINE
8
BLACK
6
CONTINUOUS
10
8.34232
20
-4.21425
11
8.34155
21
-4.21497
0
LINE
8
BLACK
6
CONTINUOUS
10
8.34155
20
-4.21497
11
8.33964
21
-4.21641
0
LINE
8
BLACK
6
CONTINUOUS
10
8.33964
20
-4.21641
11
8.3362
21
-4.221
0
LINE
8
BLACK
6
CONTINUOUS
10
8.3362
20
-4.221
11
8.33418
21
-4.22637
0
LINE
8
BLACK
6
CONTINUOUS
10
8.33418
20
-4.22637
11
8.33392
21
-4.22881
0
LINE
8
BLACK
6
CONTINUOUS
10
8.33392
20
-4.22881
11
8.33392
21
-4.31134
0
LINE
8
BLACK
6
CONTINUOUS
10
8.33392
20
-4.31134
11
8.33418
21
-4.31379
0
LINE
8
BLACK
6
CONTINUOUS
10
8.33418
20
-4.31379
11
8.3362
21
-4.31916
0
LINE
8
BLACK
6
CONTINUOUS
10
8.3362
20
-4.31916
11
8.33786
21
-4.32139
0
LINE
8
BLACK
6
CONTINUOUS
10
8.33786
20
-4.32139
11
8.33964
21
-4.32375
0
LINE
8
BLACK
6
CONTINUOUS
10
8.33964
20
-4.32375
11
8.33952
21
-4.32383
0
LINE
8
BLACK
6
CONTINUOUS
10
8.33952
20
-4.32383
11
8.34054
21
-4.3257
0
LINE
8
BLACK
6
CONTINUOUS
10
8.34054
20
-4.3257
11
8.34034
21
-4.32849
0
LINE
8
BLACK
6
CONTINUOUS
10
8.34034
20
-4.32849
11
8.33982
21
-4.32951
0
LINE
8
BLACK
6
CONTINUOUS
10
8.33982
20
-4.32951
11
8.33846
21
-4.33154
0
LINE
8
BLACK
6
CONTINUOUS
10
8.33846
20
-4.33154
11
8.33837
21
-4.33176
0
LINE
8
BLACK
6
CONTINUOUS
10
8.33837
20
-4.33176
11
8.33797
21
-4.33271
0
LINE
8
BLACK
6
CONTINUOUS
10
8.33797
20
-4.33271
11
8.33547
21
-4.33873
0
LINE
8
BLACK
6
CONTINUOUS
10
8.33547
20
-4.33873
11
8.33542
21
-4.33897
0
LINE
8
BLACK
6
CONTINUOUS
10
8.33542
20
-4.33897
11
8.33542
21
-4.33897
0
LINE
8
BLACK
6
CONTINUOUS
10
8.33542
20
-4.33897
11
8.33397
21
-4.34618
0
LINE
8
BLACK
6
CONTINUOUS
10
8.33397
20
-4.34618
11
8.33393
21
-4.34636
0
LINE
8
BLACK
6
CONTINUOUS
10
8.33393
20
-4.34636
11
8.33392
21
-4.3466
0
LINE
8
BLACK
6
CONTINUOUS
10
8.33392
20
-4.3466
11
8.33392
21
-4.39356
0
LINE
8
BLACK
6
CONTINUOUS
10
8.33392
20
-4.39356
11
8.33393
21
-4.3938
0
LINE
8
BLACK
6
CONTINUOUS
10
8.33393
20
-4.3938
11
8.33397
21
-4.39398
0
LINE
8
BLACK
6
CONTINUOUS
10
8.33397
20
-4.39398
11
8.33397
21
-4.39398
0
LINE
8
BLACK
6
CONTINUOUS
10
8.33397
20
-4.39398
11
8.33471
21
-4.39769
0
LINE
8
BLACK
6
CONTINUOUS
10
8.33471
20
-4.39769
11
8.33547
21
-4.40143
0
LINE
8
BLACK
6
CONTINUOUS
10
8.33547
20
-4.40143
11
8.33846
21
-4.40862
0
LINE
8
BLACK
6
CONTINUOUS
10
8.33846
20
-4.40862
11
8.3386
21
-4.40882
0
LINE
8
BLACK
6
CONTINUOUS
10
8.3386
20
-4.40882
11
8.3386
21
-4.40882
0
LINE
8
BLACK
6
CONTINUOUS
10
8.3386
20
-4.40882
11
8.34266
21
-4.41489
0
LINE
8
BLACK
6
CONTINUOUS
10
8.34266
20
-4.41489
11
8.34266
21
-4.41489
0
LINE
8
BLACK
6
CONTINUOUS
10
8.34266
20
-4.41489
11
8.34279
21
-4.41509
0
LINE
8
BLACK
6
CONTINUOUS
10
8.34279
20
-4.41509
11
8.34428
21
-4.41657
0
LINE
8
BLACK
6
CONTINUOUS
10
8.34428
20
-4.41657
11
8.34562
21
-4.41902
0
LINE
8
BLACK
6
CONTINUOUS
10
8.34562
20
-4.41902
11
8.34542
21
-4.42181
0
LINE
8
BLACK
6
CONTINUOUS
10
8.34542
20
-4.42181
11
8.34428
21
-4.42359
0
LINE
8
BLACK
6
CONTINUOUS
10
8.34428
20
-4.42359
11
8.34279
21
-4.42507
0
LINE
8
BLACK
6
CONTINUOUS
10
8.34279
20
-4.42507
11
8.34266
21
-4.42527
0
LINE
8
BLACK
6
CONTINUOUS
10
8.34266
20
-4.42527
11
8.34266
21
-4.42527
0
LINE
8
BLACK
6
CONTINUOUS
10
8.34266
20
-4.42527
11
8.3386
21
-4.43134
0
LINE
8
BLACK
6
CONTINUOUS
10
8.3386
20
-4.43134
11
8.3386
21
-4.43134
0
LINE
8
BLACK
6
CONTINUOUS
10
8.3386
20
-4.43134
11
8.33846
21
-4.43154
0
LINE
8
BLACK
6
CONTINUOUS
10
8.33846
20
-4.43154
11
8.33547
21
-4.43873
0
LINE
8
BLACK
6
CONTINUOUS
10
8.33547
20
-4.43873
11
8.33542
21
-4.43897
0
LINE
8
BLACK
6
CONTINUOUS
10
8.33542
20
-4.43897
11
8.33542
21
-4.43897
0
LINE
8
BLACK
6
CONTINUOUS
10
8.33542
20
-4.43897
11
8.33406
21
-4.44571
0
LINE
8
BLACK
6
CONTINUOUS
10
8.33406
20
-4.44571
11
8.33393
21
-4.44636
0
LINE
8
BLACK
6
CONTINUOUS
10
8.33393
20
-4.44636
11
8.33392
21
-4.4466
0
LINE
8
BLACK
6
CONTINUOUS
10
8.33392
20
-4.4466
11
8.33392
21
-4.49356
0
LINE
8
BLACK
6
CONTINUOUS
10
8.33392
20
-4.49356
11
8.33393
21
-4.4938
0
LINE
8
BLACK
6
CONTINUOUS
10
8.33393
20
-4.4938
11
8.33397
21
-4.49398
0
LINE
8
BLACK
6
CONTINUOUS
10
8.33397
20
-4.49398
11
8.33397
21
-4.49398
0
LINE
8
BLACK
6
CONTINUOUS
10
8.33397
20
-4.49398
11
8.33529
21
-4.50055
0
LINE
8
BLACK
6
CONTINUOUS
10
8.33529
20
-4.50055
11
8.33547
21
-4.50143
0
LINE
8
BLACK
6
CONTINUOUS
10
8.33547
20
-4.50143
11
8.33846
21
-4.50862
0
LINE
8
BLACK
6
CONTINUOUS
10
8.33846
20
-4.50862
11
8.3386
21
-4.50882
0
LINE
8
BLACK
6
CONTINUOUS
10
8.3386
20
-4.50882
11
8.3386
21
-4.50882
0
LINE
8
BLACK
6
CONTINUOUS
10
8.3386
20
-4.50882
11
8.34266
21
-4.51489
0
LINE
8
BLACK
6
CONTINUOUS
10
8.34266
20
-4.51489
11
8.34266
21
-4.51489
0
LINE
8
BLACK
6
CONTINUOUS
10
8.34266
20
-4.51489
11
8.34279
21
-4.51509
0
LINE
8
BLACK
6
CONTINUOUS
10
8.34279
20
-4.51509
11
8.3483
21
-4.52059
0
LINE
8
BLACK
6
CONTINUOUS
10
8.3483
20
-4.52059
11
8.3485
21
-4.52073
0
LINE
8
BLACK
6
CONTINUOUS
10
8.3485
20
-4.52073
11
8.3485
21
-4.52073
0
LINE
8
BLACK
6
CONTINUOUS
10
8.3485
20
-4.52073
11
8.35457
21
-4.52479
0
LINE
8
BLACK
6
CONTINUOUS
10
8.35457
20
-4.52479
11
8.35457
21
-4.52479
0
LINE
8
BLACK
6
CONTINUOUS
10
8.35457
20
-4.52479
11
8.35477
21
-4.52492
0
LINE
8
BLACK
6
CONTINUOUS
10
8.35477
20
-4.52492
11
8.36196
21
-4.52792
0
LINE
8
BLACK
6
CONTINUOUS
10
8.36196
20
-4.52792
11
8.36219
21
-4.52797
0
LINE
8
BLACK
6
CONTINUOUS
10
8.36219
20
-4.52797
11
8.3622
21
-4.52797
0
LINE
8
BLACK
6
CONTINUOUS
10
8.3622
20
-4.52797
11
8.36897
21
-4.52933
0
LINE
8
BLACK
6
CONTINUOUS
10
8.36897
20
-4.52933
11
8.36959
21
-4.52946
0
LINE
8
BLACK
6
CONTINUOUS
10
8.36959
20
-4.52946
11
8.36983
21
-4.52947
0
LINE
8
BLACK
6
CONTINUOUS
10
8.36983
20
-4.52947
11
8.41678
21
-4.52947
0
LINE
8
BLACK
6
CONTINUOUS
10
8.41678
20
-4.52947
11
8.41702
21
-4.52946
0
LINE
8
BLACK
6
CONTINUOUS
10
8.41702
20
-4.52946
11
8.41765
21
-4.52933
0
LINE
8
BLACK
6
CONTINUOUS
10
8.41765
20
-4.52933
11
8.42442
21
-4.52797
0
LINE
8
BLACK
6
CONTINUOUS
10
8.42442
20
-4.52797
11
8.42442
21
-4.52797
0
LINE
8
BLACK
6
CONTINUOUS
10
8.42442
20
-4.52797
11
8.42466
21
-4.52792
0
LINE
8
BLACK
6
CONTINUOUS
10
8.42466
20
-4.52792
11
8.42476
21
-4.52788
0
LINE
8
BLACK
6
CONTINUOUS
10
8.42476
20
-4.52788
11
8.4275
21
-4.52785
0
LINE
8
BLACK
6
CONTINUOUS
10
8.4275
20
-4.52785
11
8.42987
21
-4.52933
0
LINE
8
BLACK
6
CONTINUOUS
10
8.42987
20
-4.52933
11
8.43092
21
-4.53124
0
LINE
8
BLACK
6
CONTINUOUS
10
8.43092
20
-4.53124
11
8.43149
21
-4.53317
0
LINE
8
BLACK
6
CONTINUOUS
10
8.43149
20
-4.53317
11
8.43164
21
-4.53344
0
LINE
8
BLACK
6
CONTINUOUS
10
8.43164
20
-4.53344
11
8.43164
21
-4.53344
0
LINE
8
BLACK
6
CONTINUOUS
10
8.43164
20
-4.53344
11
8.43415
21
-4.53768
0
LINE
8
BLACK
6
CONTINUOUS
10
8.43415
20
-4.53768
11
8.43474
21
-4.53868
0
LINE
8
BLACK
6
CONTINUOUS
10
8.43474
20
-4.53868
11
8.43927
21
-4.54321
0
LINE
8
BLACK
6
CONTINUOUS
10
8.43927
20
-4.54321
11
8.43954
21
-4.54337
0
LINE
8
BLACK
6
CONTINUOUS
10
8.43954
20
-4.54337
11
8.44016
21
-4.54373
0
LINE
8
BLACK
6
CONTINUOUS
10
8.44016
20
-4.54373
11
8.44478
21
-4.54647
0
LINE
8
BLACK
6
CONTINUOUS
10
8.44478
20
-4.54647
11
8.44508
21
-4.54655
0
LINE
8
BLACK
6
CONTINUOUS
10
8.44508
20
-4.54655
11
8.44508
21
-4.54655
0
LINE
8
BLACK
6
CONTINUOUS
10
8.44508
20
-4.54655
11
8.44773
21
-4.54732
0
LINE
8
BLACK
6
CONTINUOUS
10
8.44773
20
-4.54732
11
8.45093
21
-4.54825
0
LINE
8
BLACK
6
CONTINUOUS
10
8.45093
20
-4.54825
11
8.45118
21
-4.54827
0
LINE
8
BLACK
6
CONTINUOUS
10
8.45118
20
-4.54827
11
8.45118
21
-4.54827
0
LINE
8
BLACK
6
CONTINUOUS
10
8.45118
20
-4.54827
11
8.45227
21
-4.54836
0
LINE
8
BLACK
6
CONTINUOUS
10
8.45227
20
-4.54836
11
8.45227
21
-4.54836
0
LINE
8
BLACK
6
CONTINUOUS
10
8.45227
20
-4.54836
11
8.45236
21
-4.54837
0
LINE
8
BLACK
6
CONTINUOUS
10
8.45236
20
-4.54837
11
8.46023
21
-4.54837
0
LINE
8
BLACK
6
CONTINUOUS
10
8.46023
20
-4.54837
11
8.46811
21
-4.54837
0
LINE
8
BLACK
6
CONTINUOUS
10
8.46811
20
-4.54837
11
8.46955
21
-4.54825
0
LINE
8
BLACK
6
CONTINUOUS
10
8.46955
20
-4.54825
11
8.47336
21
-4.54715
0
LINE
8
BLACK
6
CONTINUOUS
10
8.47336
20
-4.54715
11
8.47539
21
-4.54655
0
LINE
8
BLACK
6
CONTINUOUS
10
8.47539
20
-4.54655
11
8.47539
21
-4.54655
0
LINE
8
BLACK
6
CONTINUOUS
10
8.47539
20
-4.54655
11
8.47569
21
-4.54647
0
LINE
8
BLACK
6
CONTINUOUS
10
8.47569
20
-4.54647
11
8.47596
21
-4.54631
0
LINE
8
BLACK
6
CONTINUOUS
10
8.47596
20
-4.54631
11
8.47596
21
-4.54631
0
LINE
8
BLACK
6
CONTINUOUS
10
8.47596
20
-4.54631
11
8.47779
21
-4.54523
0
LINE
8
BLACK
6
CONTINUOUS
10
8.47779
20
-4.54523
11
8.4805
21
-4.54454
0
LINE
8
BLACK
6
CONTINUOUS
10
8.4805
20
-4.54454
11
8.48284
21
-4.54523
0
LINE
8
BLACK
6
CONTINUOUS
10
8.48284
20
-4.54523
11
8.48467
21
-4.54631
0
LINE
8
BLACK
6
CONTINUOUS
10
8.48467
20
-4.54631
11
8.48467
21
-4.54631
0
LINE
8
BLACK
6
CONTINUOUS
10
8.48467
20
-4.54631
11
8.48494
21
-4.54647
0
LINE
8
BLACK
6
CONTINUOUS
10
8.48494
20
-4.54647
11
8.48524
21
-4.54655
0
LINE
8
BLACK
6
CONTINUOUS
10
8.48524
20
-4.54655
11
8.48524
21
-4.54655
0
LINE
8
BLACK
6
CONTINUOUS
10
8.48524
20
-4.54655
11
8.48789
21
-4.54732
0
LINE
8
BLACK
6
CONTINUOUS
10
8.48789
20
-4.54732
11
8.49108
21
-4.54825
0
LINE
8
BLACK
6
CONTINUOUS
10
8.49108
20
-4.54825
11
8.49134
21
-4.54827
0
LINE
8
BLACK
6
CONTINUOUS
10
8.49134
20
-4.54827
11
8.49134
21
-4.54827
0
LINE
8
BLACK
6
CONTINUOUS
10
8.49134
20
-4.54827
11
8.49242
21
-4.54836
0
LINE
8
BLACK
6
CONTINUOUS
10
8.49242
20
-4.54836
11
8.49242
21
-4.54836
0
LINE
8
BLACK
6
CONTINUOUS
10
8.49242
20
-4.54836
11
8.49252
21
-4.54837
0
LINE
8
BLACK
6
CONTINUOUS
10
8.49252
20
-4.54837
11
8.50039
21
-4.54837
0
LINE
8
BLACK
6
CONTINUOUS
10
8.50039
20
-4.54837
11
8.50827
21
-4.54837
0
LINE
8
BLACK
6
CONTINUOUS
10
8.50827
20
-4.54837
11
8.5097
21
-4.54825
0
LINE
8
BLACK
6
CONTINUOUS
10
8.5097
20
-4.54825
11
8.51351
21
-4.54715
0
LINE
8
BLACK
6
CONTINUOUS
10
8.51351
20
-4.54715
11
8.51555
21
-4.54655
0
LINE
8
BLACK
6
CONTINUOUS
10
8.51555
20
-4.54655
11
8.51555
21
-4.54655
0
LINE
8
BLACK
6
CONTINUOUS
10
8.51555
20
-4.54655
11
8.51585
21
-4.54647
0
LINE
8
BLACK
6
CONTINUOUS
10
8.51585
20
-4.54647
11
8.52047
21
-4.54373
0
LINE
8
BLACK
6
CONTINUOUS
10
8.52047
20
-4.54373
11
8.52109
21
-4.54337
0
LINE
8
BLACK
6
CONTINUOUS
10
8.52109
20
-4.54337
11
8.52136
21
-4.54321
0
LINE
8
BLACK
6
CONTINUOUS
10
8.52136
20
-4.54321
11
8.52589
21
-4.53868
0
LINE
8
BLACK
6
CONTINUOUS
10
8.52589
20
-4.53868
11
8.52648
21
-4.53768
0
LINE
8
BLACK
6
CONTINUOUS
10
8.52648
20
-4.53768
11
8.52899
21
-4.53344
0
LINE
8
BLACK
6
CONTINUOUS
10
8.52899
20
-4.53344
11
8.52899
21
-4.53344
0
LINE
8
BLACK
6
CONTINUOUS
10
8.52899
20
-4.53344
11
8.52914
21
-4.53317
0
LINE
8
BLACK
6
CONTINUOUS
10
8.52914
20
-4.53317
11
8.52945
21
-4.53212
0
LINE
8
BLACK
6
CONTINUOUS
10
8.52945
20
-4.53212
11
8.53078
21
-4.52753
0
LINE
8
BLACK
6
CONTINUOUS
10
8.53078
20
-4.52753
11
8.53093
21
-4.52703
0
LINE
8
BLACK
6
CONTINUOUS
10
8.53093
20
-4.52703
11
8.53096
21
-4.52662
0
LINE
8
BLACK
6
CONTINUOUS
10
8.53096
20
-4.52662
11
8.53104
21
-4.52569
0
LINE
8
BLACK
6
CONTINUOUS
10
8.53104
20
-4.52569
11
8.53104
21
-4.52569
0
LINE
8
BLACK
6
CONTINUOUS
10
8.53104
20
-4.52569
11
8.53104
21
-4.52559
0
LINE
8
BLACK
6
CONTINUOUS
10
8.53104
20
-4.52559
11
8.53104
21
-4.50591
0
LINE
8
BLACK
6
CONTINUOUS
10
8.53104
20
-4.50591
11
8.53093
21
-4.50447
0
LINE
8
BLACK
6
CONTINUOUS
10
8.53093
20
-4.50447
11
8.52948
21
-4.49947
0
LINE
8
BLACK
6
CONTINUOUS
10
8.52948
20
-4.49947
11
8.52923
21
-4.49862
0
LINE
8
BLACK
6
CONTINUOUS
10
8.52923
20
-4.49862
11
8.52923
21
-4.49862
0
LINE
8
BLACK
6
CONTINUOUS
10
8.52923
20
-4.49862
11
8.52914
21
-4.49832
0
LINE
8
BLACK
6
CONTINUOUS
10
8.52914
20
-4.49832
11
8.52899
21
-4.49805
0
LINE
8
BLACK
6
CONTINUOUS
10
8.52899
20
-4.49805
11
8.52898
21
-4.49805
0
LINE
8
BLACK
6
CONTINUOUS
10
8.52898
20
-4.49805
11
8.52864
21
-4.49527
0
LINE
8
BLACK
6
CONTINUOUS
10
8.52864
20
-4.49527
11
8.52985
21
-4.49275
0
LINE
8
BLACK
6
CONTINUOUS
10
8.52985
20
-4.49275
11
8.53028
21
-4.49236
0
LINE
8
BLACK
6
CONTINUOUS
10
8.53028
20
-4.49236
11
8.53037
21
-4.4923
0
LINE
8
BLACK
6
CONTINUOUS
10
8.53037
20
-4.4923
11
8.53093
21
-4.49174
0
LINE
8
BLACK
6
CONTINUOUS
10
8.53093
20
-4.49174
11
8.53152
21
-4.49124
0
LINE
8
BLACK
6
CONTINUOUS
10
8.53152
20
-4.49124
11
8.53192
21
-4.49095
0
LINE
8
BLACK
6
CONTINUOUS
10
8.53192
20
-4.49095
11
8.53217
21
-4.49077
0
LINE
8
BLACK
6
CONTINUOUS
10
8.53217
20
-4.49077
11
8.53328
21
-4.48942
0
LINE
8
BLACK
6
CONTINUOUS
10
8.53328
20
-4.48942
11
8.53359
21
-4.48908
0
LINE
8
BLACK
6
CONTINUOUS
10
8.53359
20
-4.48908
11
8.53527
21
-4.4874
0
LINE
8
BLACK
6
CONTINUOUS
10
8.53527
20
-4.4874
11
8.53773
21
-4.48606
0
LINE
8
BLACK
6
CONTINUOUS
10
8.53773
20
-4.48606
11
8.54051
21
-4.48626
0
LINE
8
BLACK
6
CONTINUOUS
10
8.54051
20
-4.48626
11
8.54229
21
-4.4874
0
LINE
8
BLACK
6
CONTINUOUS
10
8.54229
20
-4.4874
11
8.55412
21
-4.49923
0
LINE
8
BLACK
6
CONTINUOUS
10
8.55412
20
-4.49923
11
8.55546
21
-4.50169
0
LINE
8
BLACK
6
CONTINUOUS
10
8.55546
20
-4.50169
11
8.55557
21
-4.50274
0
LINE
8
BLACK
6
CONTINUOUS
10
8.55557
20
-4.50274
11
8.55557
21
-4.50591
0
LINE
8
BLACK
6
CONTINUOUS
10
8.55557
20
-4.50591
11
8.55568
21
-4.50734
0
LINE
8
BLACK
6
CONTINUOUS
10
8.55568
20
-4.50734
11
8.55665
21
-4.51066
0
LINE
8
BLACK
6
CONTINUOUS
10
8.55665
20
-4.51066
11
8.55723
21
-4.51268
0
LINE
8
BLACK
6
CONTINUOUS
10
8.55723
20
-4.51268
11
8.55747
21
-4.51349
0
LINE
8
BLACK
6
CONTINUOUS
10
8.55747
20
-4.51349
11
8.56073
21
-4.519
0
LINE
8
BLACK
6
CONTINUOUS
10
8.56073
20
-4.519
11
8.56525
21
-4.52352
0
LINE
8
BLACK
6
CONTINUOUS
10
8.56525
20
-4.52352
11
8.56552
21
-4.52368
0
LINE
8
BLACK
6
CONTINUOUS
10
8.56552
20
-4.52368
11
8.5698
21
-4.52621
0
LINE
8
BLACK
6
CONTINUOUS
10
8.5698
20
-4.52621
11
8.57076
21
-4.52678
0
LINE
8
BLACK
6
CONTINUOUS
10
8.57076
20
-4.52678
11
8.57106
21
-4.52687
0
LINE
8
BLACK
6
CONTINUOUS
10
8.57106
20
-4.52687
11
8.57106
21
-4.52687
0
LINE
8
BLACK
6
CONTINUOUS
10
8.57106
20
-4.52687
11
8.57433
21
-4.52782
0
LINE
8
BLACK
6
CONTINUOUS
10
8.57433
20
-4.52782
11
8.57691
21
-4.52857
0
LINE
8
BLACK
6
CONTINUOUS
10
8.57691
20
-4.52857
11
8.57716
21
-4.52859
0
LINE
8
BLACK
6
CONTINUOUS
10
8.57716
20
-4.52859
11
8.57716
21
-4.52859
0
LINE
8
BLACK
6
CONTINUOUS
10
8.57716
20
-4.52859
11
8.57825
21
-4.52867
0
LINE
8
BLACK
6
CONTINUOUS
10
8.57825
20
-4.52867
11
8.57825
21
-4.52867
0
LINE
8
BLACK
6
CONTINUOUS
10
8.57825
20
-4.52867
11
8.57835
21
-4.52868
0
LINE
8
BLACK
6
CONTINUOUS
10
8.57835
20
-4.52868
11
8.58151
21
-4.52868
0
LINE
8
BLACK
6
CONTINUOUS
10
8.58151
20
-4.52868
11
8.58419
21
-4.52947
0
LINE
8
BLACK
6
CONTINUOUS
10
8.58419
20
-4.52947
11
8.58502
21
-4.53013
0
LINE
8
BLACK
6
CONTINUOUS
10
8.58502
20
-4.53013
11
8.70412
21
-4.64923
0
LINE
8
BLACK
6
CONTINUOUS
10
8.70412
20
-4.64923
11
8.70546
21
-4.65169
0
LINE
8
BLACK
6
CONTINUOUS
10
8.70546
20
-4.65169
11
8.70557
21
-4.65274
0
LINE
8
BLACK
6
CONTINUOUS
10
8.70557
20
-4.65274
11
8.70557
21
-4.70071
0
LINE
8
BLACK
6
CONTINUOUS
10
8.70557
20
-4.70071
11
8.70584
21
-4.70316
0
LINE
8
BLACK
6
CONTINUOUS
10
8.70584
20
-4.70316
11
8.70785
21
-4.70853
0
LINE
8
BLACK
6
CONTINUOUS
10
8.70785
20
-4.70853
11
8.71129
21
-4.71312
0
LINE
8
BLACK
6
CONTINUOUS
10
8.71129
20
-4.71312
11
8.71588
21
-4.71656
0
LINE
8
BLACK
6
CONTINUOUS
10
8.71588
20
-4.71656
11
8.72125
21
-4.71857
0
LINE
8
BLACK
6
CONTINUOUS
10
8.72125
20
-4.71857
11
8.7237
21
-4.71884
0
LINE
8
BLACK
6
CONTINUOUS
10
8.7237
20
-4.71884
11
8.79441
21
-4.71884
0
LINE
8
BLACK
6
CONTINUOUS
10
8.79441
20
-4.71884
11
8.79686
21
-4.71857
0
LINE
8
BLACK
6
CONTINUOUS
10
8.79686
20
-4.71857
11
8.80223
21
-4.71656
0
LINE
8
BLACK
6
CONTINUOUS
10
8.80223
20
-4.71656
11
8.80682
21
-4.71312
0
LINE
8
BLACK
6
CONTINUOUS
10
8.80682
20
-4.71312
11
8.81026
21
-4.70853
0
LINE
8
BLACK
6
CONTINUOUS
10
8.81026
20
-4.70853
11
8.81136
21
-4.7056
0
LINE
8
BLACK
6
CONTINUOUS
10
8.81136
20
-4.7056
11
8.812
21
-4.70389
0
LINE
8
BLACK
6
CONTINUOUS
10
8.812
20
-4.70389
11
8.81368
21
-4.70166
0
LINE
8
BLACK
6
CONTINUOUS
10
8.81368
20
-4.70166
11
8.8163
21
-4.70068
0
LINE
8
BLACK
6
CONTINUOUS
10
8.8163
20
-4.70068
11
8.81903
21
-4.70128
0
LINE
8
BLACK
6
CONTINUOUS
10
8.81903
20
-4.70128
11
8.82039
21
-4.70239
0
LINE
8
BLACK
6
CONTINUOUS
10
8.82039
20
-4.70239
11
8.82139
21
-4.70353
0
LINE
8
BLACK
6
CONTINUOUS
10
8.82139
20
-4.70353
11
8.82168
21
-4.70381
0
LINE
8
BLACK
6
CONTINUOUS
10
8.82168
20
-4.70381
11
8.82813
21
-4.70917
0
LINE
8
BLACK
6
CONTINUOUS
10
8.82813
20
-4.70917
11
8.82846
21
-4.7094
0
LINE
8
BLACK
6
CONTINUOUS
10
8.82846
20
-4.7094
11
8.8357
21
-4.71363
0
LINE
8
BLACK
6
CONTINUOUS
10
8.8357
20
-4.71363
11
8.83606
21
-4.71381
0
LINE
8
BLACK
6
CONTINUOUS
10
8.83606
20
-4.71381
11
8.8439
21
-4.7168
0
LINE
8
BLACK
6
CONTINUOUS
10
8.8439
20
-4.7168
11
8.84429
21
-4.71691
0
LINE
8
BLACK
6
CONTINUOUS
10
8.84429
20
-4.71691
11
8.84836
21
-4.71774
0
LINE
8
BLACK
6
CONTINUOUS
10
8.84836
20
-4.71774
11
8.84891
21
-4.71769
0
LINE
8
BLACK
6
CONTINUOUS
10
8.84891
20
-4.71769
11
8.84906
21
-4.71729
0
LINE
8
BLACK
6
CONTINUOUS
10
8.84906
20
-4.71729
11
8.84906
21
-4.69725
0
LINE
8
BLACK
6
CONTINUOUS
10
8.84906
20
-4.69725
11
8.84871
21
-4.69718
0
LINE
8
BLACK
6
CONTINUOUS
10
8.86974
20
-4.71789
11
8.87001
21
-4.71786
0
LINE
8
BLACK
6
CONTINUOUS
10
8.87001
20
-4.71786
11
8.8704
21
-4.71777
0
LINE
8
BLACK
6
CONTINUOUS
10
8.8704
20
-4.71777
11
8.87844
21
-4.71536
0
LINE
8
BLACK
6
CONTINUOUS
10
8.87844
20
-4.71536
11
8.87881
21
-4.71521
0
LINE
8
BLACK
6
CONTINUOUS
10
8.87881
20
-4.71521
11
8.88634
21
-4.71153
0
LINE
8
BLACK
6
CONTINUOUS
10
8.88634
20
-4.71153
11
8.88669
21
-4.71132
0
LINE
8
BLACK
6
CONTINUOUS
10
8.88669
20
-4.71132
11
8.89352
21
-4.70645
0
LINE
8
BLACK
6
CONTINUOUS
10
8.89352
20
-4.70645
11
8.89383
21
-4.70619
0
LINE
8
BLACK
6
CONTINUOUS
10
8.89383
20
-4.70619
11
8.89977
21
-4.70027
0
LINE
8
BLACK
6
CONTINUOUS
10
8.89977
20
-4.70027
11
8.90003
21
-4.69996
0
LINE
8
BLACK
6
CONTINUOUS
10
8.90003
20
-4.69996
11
8.90492
21
-4.69315
0
LINE
8
BLACK
6
CONTINUOUS
10
8.90492
20
-4.69315
11
8.90513
21
-4.6928
0
LINE
8
BLACK
6
CONTINUOUS
10
8.90513
20
-4.6928
11
8.90885
21
-4.68529
0
LINE
8
BLACK
6
CONTINUOUS
10
8.90885
20
-4.68529
11
8.90899
21
-4.68491
0
LINE
8
BLACK
6
CONTINUOUS
10
8.90899
20
-4.68491
11
8.91143
21
-4.67689
0
LINE
8
BLACK
6
CONTINUOUS
10
8.91143
20
-4.67689
11
8.91152
21
-4.67649
0
LINE
8
BLACK
6
CONTINUOUS
10
8.91152
20
-4.67649
11
8.91157
21
-4.67606
0
LINE
8
BLACK
6
CONTINUOUS
10
8.91157
20
-4.67606
11
8.91149
21
-4.6755
0
LINE
8
BLACK
6
CONTINUOUS
10
8.91149
20
-4.6755
11
8.91097
21
-4.67535
0
LINE
8
BLACK
6
CONTINUOUS
10
8.91097
20
-4.67535
11
8.8908
21
-4.67535
0
LINE
8
BLACK
6
CONTINUOUS
10
8.8908
20
-4.67535
11
8.88963
21
-4.67897
0
LINE
8
BLACK
6
CONTINUOUS
10
8.88963
20
-4.67897
11
8.88613
21
-4.68502
0
LINE
8
BLACK
6
CONTINUOUS
10
8.88613
20
-4.68502
11
8.88145
21
-4.69022
0
LINE
8
BLACK
6
CONTINUOUS
10
8.88145
20
-4.69022
11
8.87579
21
-4.69434
0
LINE
8
BLACK
6
CONTINUOUS
10
8.87579
20
-4.69434
11
8.8694
21
-4.69718
0
LINE
8
BLACK
6
CONTINUOUS
10
8.8694
20
-4.69718
11
8.86906
21
-4.69725
0
LINE
8
BLACK
6
CONTINUOUS
10
8.86906
20
-4.69725
11
8.86906
21
-4.71726
0
LINE
8
BLACK
6
CONTINUOUS
10
8.86906
20
-4.71726
11
8.86922
21
-4.71781
0
LINE
8
BLACK
6
CONTINUOUS
10
8.86922
20
-4.71781
11
8.86974
21
-4.71789
0
LINE
8
BLACK
6
CONTINUOUS
10
8.86923
20
-4.61301
11
8.86906
21
-4.61358
0
LINE
8
BLACK
6
CONTINUOUS
10
8.86906
20
-4.61358
11
8.86906
21
-4.63346
0
LINE
8
BLACK
6
CONTINUOUS
10
8.86906
20
-4.63346
11
8.8694
21
-4.63353
0
LINE
8
BLACK
6
CONTINUOUS
10
8.8694
20
-4.63353
11
8.87579
21
-4.63637
0
LINE
8
BLACK
6
CONTINUOUS
10
8.87579
20
-4.63637
11
8.88145
21
-4.64049
0
LINE
8
BLACK
6
CONTINUOUS
10
8.88145
20
-4.64049
11
8.88613
21
-4.64568
0
LINE
8
BLACK
6
CONTINUOUS
10
8.88613
20
-4.64568
11
8.88963
21
-4.65174
0
LINE
8
BLACK
6
CONTINUOUS
10
8.88963
20
-4.65174
11
8.8908
21
-4.65535
0
LINE
8
BLACK
6
CONTINUOUS
10
8.8908
20
-4.65535
11
8.91096
21
-4.65535
0
LINE
8
BLACK
6
CONTINUOUS
10
8.91096
20
-4.65535
11
8.91149
21
-4.6552
0
LINE
8
BLACK
6
CONTINUOUS
10
8.91149
20
-4.6552
11
8.91154
21
-4.65484
0
LINE
8
BLACK
6
CONTINUOUS
10
8.91154
20
-4.65484
11
8.90989
21
-4.64826
0
LINE
8
BLACK
6
CONTINUOUS
10
8.90989
20
-4.64826
11
8.90976
21
-4.64788
0
LINE
8
BLACK
6
CONTINUOUS
10
8.90976
20
-4.64788
11
8.90642
21
-4.64019
0
LINE
8
BLACK
6
CONTINUOUS
10
8.90642
20
-4.64019
11
8.90622
21
-4.63983
0
LINE
8
BLACK
6
CONTINUOUS
10
8.90622
20
-4.63983
11
8.90167
21
-4.63279
0
LINE
8
BLACK
6
CONTINUOUS
10
8.90167
20
-4.63279
11
8.90142
21
-4.63247
0
LINE
8
BLACK
6
CONTINUOUS
10
8.90142
20
-4.63247
11
8.89578
21
-4.62627
0
LINE
8
BLACK
6
CONTINUOUS
10
8.89578
20
-4.62627
11
8.89548
21
-4.62599
0
LINE
8
BLACK
6
CONTINUOUS
10
8.89548
20
-4.62599
11
8.8889
21
-4.6208
0
LINE
8
BLACK
6
CONTINUOUS
10
8.8889
20
-4.6208
11
8.88857
21
-4.62057
0
LINE
8
BLACK
6
CONTINUOUS
10
8.88857
20
-4.62057
11
8.88123
21
-4.61652
0
LINE
8
BLACK
6
CONTINUOUS
10
8.88123
20
-4.61652
11
8.88085
21
-4.61635
0
LINE
8
BLACK
6
CONTINUOUS
10
8.88085
20
-4.61635
11
8.87295
21
-4.61355
0
LINE
8
BLACK
6
CONTINUOUS
10
8.87295
20
-4.61355
11
8.87256
21
-4.61345
0
LINE
8
BLACK
6
CONTINUOUS
10
8.87256
20
-4.61345
11
8.86976
21
-4.61295
0
LINE
8
BLACK
6
CONTINUOUS
10
8.86976
20
-4.61295
11
8.86923
21
-4.61301
0
LINE
8
BLACK
6
CONTINUOUS
10
8.2784
20
-4.71789
11
8.27867
21
-4.71786
0
LINE
8
BLACK
6
CONTINUOUS
10
8.27867
20
-4.71786
11
8.27907
21
-4.71777
0
LINE
8
BLACK
6
CONTINUOUS
10
8.27907
20
-4.71777
11
8.2871
21
-4.71536
0
LINE
8
BLACK
6
CONTINUOUS
10
8.2871
20
-4.71536
11
8.28747
21
-4.71521
0
LINE
8
BLACK
6
CONTINUOUS
10
8.28747
20
-4.71521
11
8.295
21
-4.71153
0
LINE
8
BLACK
6
CONTINUOUS
10
8.295
20
-4.71153
11
8.29535
21
-4.71132
0
LINE
8
BLACK
6
CONTINUOUS
10
8.29535
20
-4.71132
11
8.30218
21
-4.70645
0
LINE
8
BLACK
6
CONTINUOUS
10
8.30218
20
-4.70645
11
8.30249
21
-4.70619
0
LINE
8
BLACK
6
CONTINUOUS
10
8.30249
20
-4.70619
11
8.30843
21
-4.70027
0
LINE
8
BLACK
6
CONTINUOUS
10
8.30843
20
-4.70027
11
8.30869
21
-4.69996
0
LINE
8
BLACK
6
CONTINUOUS
10
8.30869
20
-4.69996
11
8.3137
21
-4.69299
0
LINE
8
BLACK
6
CONTINUOUS
10
8.3137
20
-4.69299
11
8.31375
21
-4.69302
0
LINE
8
BLACK
6
CONTINUOUS
10
8.31375
20
-4.69302
11
8.31561
21
-4.69131
0
LINE
8
BLACK
6
CONTINUOUS
10
8.31561
20
-4.69131
11
8.31836
21
-4.69083
0
LINE
8
BLACK
6
CONTINUOUS
10
8.31836
20
-4.69083
11
8.32094
21
-4.69192
0
LINE
8
BLACK
6
CONTINUOUS
10
8.32094
20
-4.69192
11
8.32203
21
-4.69317
0
LINE
8
BLACK
6
CONTINUOUS
10
8.32203
20
-4.69317
11
8.32441
21
-4.69705
0
LINE
8
BLACK
6
CONTINUOUS
10
8.32441
20
-4.69705
11
8.33017
21
-4.7037
0
LINE
8
BLACK
6
CONTINUOUS
10
8.33017
20
-4.7037
11
8.33693
21
-4.70932
0
LINE
8
BLACK
6
CONTINUOUS
10
8.33693
20
-4.70932
11
8.34453
21
-4.71375
0
LINE
8
BLACK
6
CONTINUOUS
10
8.34453
20
-4.71375
11
8.35274
21
-4.71689
0
LINE
8
BLACK
6
CONTINUOUS
10
8.35274
20
-4.71689
11
8.35294
21
-4.71693
0
LINE
8
BLACK
6
CONTINUOUS
10
8.35294
20
-4.71693
11
8.35294
21
-4.71693
0
LINE
8
BLACK
6
CONTINUOUS
10
8.35294
20
-4.71693
11
8.35669
21
-4.71769
0
LINE
8
BLACK
6
CONTINUOUS
10
8.35669
20
-4.71769
11
8.36136
21
-4.71864
0
LINE
8
BLACK
6
CONTINUOUS
10
8.36136
20
-4.71864
11
8.36157
21
-4.71865
0
LINE
8
BLACK
6
CONTINUOUS
10
8.36157
20
-4.71865
11
8.36157
21
-4.71865
0
LINE
8
BLACK
6
CONTINUOUS
10
8.36157
20
-4.71865
11
8.36995
21
-4.71896
0
LINE
8
BLACK
6
CONTINUOUS
10
8.36995
20
-4.71896
11
8.36995
21
-4.71896
0
LINE
8
BLACK
6
CONTINUOUS
10
8.36995
20
-4.71896
11
8.37015
21
-4.71897
0
LINE
8
BLACK
6
CONTINUOUS
10
8.37015
20
-4.71897
11
8.37035
21
-4.71894
0
LINE
8
BLACK
6
CONTINUOUS
10
8.37035
20
-4.71894
11
8.37035
21
-4.71894
0
LINE
8
BLACK
6
CONTINUOUS
10
8.37035
20
-4.71894
11
8.37867
21
-4.71788
0
LINE
8
BLACK
6
CONTINUOUS
10
8.37867
20
-4.71788
11
8.37867
21
-4.71788
0
LINE
8
BLACK
6
CONTINUOUS
10
8.37867
20
-4.71788
11
8.37887
21
-4.71785
0
LINE
8
BLACK
6
CONTINUOUS
10
8.37887
20
-4.71785
11
8.37907
21
-4.71779
0
LINE
8
BLACK
6
CONTINUOUS
10
8.37907
20
-4.71779
11
8.3871
21
-4.71538
0
LINE
8
BLACK
6
CONTINUOUS
10
8.3871
20
-4.71538
11
8.3871
21
-4.71538
0
LINE
8
BLACK
6
CONTINUOUS
10
8.3871
20
-4.71538
11
8.3873
21
-4.71532
0
LINE
8
BLACK
6
CONTINUOUS
10
8.3873
20
-4.71532
11
8.3952
21
-4.71145
0
LINE
8
BLACK
6
CONTINUOUS
10
8.3952
20
-4.71145
11
8.40236
21
-4.70635
0
LINE
8
BLACK
6
CONTINUOUS
10
8.40236
20
-4.70635
11
8.40365
21
-4.70506
0
LINE
8
BLACK
6
CONTINUOUS
10
8.40365
20
-4.70506
11
8.40804
21
-4.70068
0
LINE
8
BLACK
6
CONTINUOUS
10
8.40804
20
-4.70068
11
8.40859
21
-4.70014
0
LINE
8
BLACK
6
CONTINUOUS
10
8.40859
20
-4.70014
11
8.41372
21
-4.693
0
LINE
8
BLACK
6
CONTINUOUS
10
8.41372
20
-4.693
11
8.41425
21
-4.69192
0
LINE
8
BLACK
6
CONTINUOUS
10
8.41425
20
-4.69192
11
8.41753
21
-4.68529
0
LINE
8
BLACK
6
CONTINUOUS
10
8.41753
20
-4.68529
11
8.41753
21
-4.68529
0
LINE
8
BLACK
6
CONTINUOUS
10
8.41753
20
-4.68529
11
8.41762
21
-4.68511
0
LINE
8
BLACK
6
CONTINUOUS
10
8.41762
20
-4.68511
11
8.42017
21
-4.6767
0
LINE
8
BLACK
6
CONTINUOUS
10
8.42017
20
-4.6767
11
8.42132
21
-4.66798
0
LINE
8
BLACK
6
CONTINUOUS
10
8.42132
20
-4.66798
11
8.42138
21
-4.66535
0
LINE
8
BLACK
6
CONTINUOUS
10
8.42138
20
-4.66535
11
8.42066
21
-4.65659
0
LINE
8
BLACK
6
CONTINUOUS
10
8.42066
20
-4.65659
11
8.41852
21
-4.64806
0
LINE
8
BLACK
6
CONTINUOUS
10
8.41852
20
-4.64806
11
8.41501
21
-4.63999
0
LINE
8
BLACK
6
CONTINUOUS
10
8.41501
20
-4.63999
11
8.41024
21
-4.63261
0
LINE
8
BLACK
6
CONTINUOUS
10
8.41024
20
-4.63261
11
8.40432
21
-4.6261
0
LINE
8
BLACK
6
CONTINUOUS
10
8.40432
20
-4.6261
11
8.40416
21
-4.62598
0
LINE
8
BLACK
6
CONTINUOUS
10
8.40416
20
-4.62598
11
8.40416
21
-4.62598
0
LINE
8
BLACK
6
CONTINUOUS
10
8.40416
20
-4.62598
11
8.39758
21
-4.62078
0
LINE
8
BLACK
6
CONTINUOUS
10
8.39758
20
-4.62078
11
8.39758
21
-4.62078
0
LINE
8
BLACK
6
CONTINUOUS
10
8.39758
20
-4.62078
11
8.39742
21
-4.62065
0
LINE
8
BLACK
6
CONTINUOUS
10
8.39742
20
-4.62065
11
8.39599
21
-4.61986
0
LINE
8
BLACK
6
CONTINUOUS
10
8.39599
20
-4.61986
11
8.39446
21
-4.61902
0
LINE
8
BLACK
6
CONTINUOUS
10
8.39446
20
-4.61902
11
8.38972
21
-4.6164
0
LINE
8
BLACK
6
CONTINUOUS
10
8.38972
20
-4.6164
11
8.38952
21
-4.61634
0
LINE
8
BLACK
6
CONTINUOUS
10
8.38952
20
-4.61634
11
8.38952
21
-4.61634
0
LINE
8
BLACK
6
CONTINUOUS
10
8.38952
20
-4.61634
11
8.38162
21
-4.61354
0
LINE
8
BLACK
6
CONTINUOUS
10
8.38162
20
-4.61354
11
8.38162
21
-4.61354
0
LINE
8
BLACK
6
CONTINUOUS
10
8.38162
20
-4.61354
11
8.38143
21
-4.61347
0
LINE
8
BLACK
6
CONTINUOUS
10
8.38143
20
-4.61347
11
8.38123
21
-4.61343
0
LINE
8
BLACK
6
CONTINUOUS
10
8.38123
20
-4.61343
11
8.38123
21
-4.61343
0
LINE
8
BLACK
6
CONTINUOUS
10
8.38123
20
-4.61343
11
8.37297
21
-4.61196
0
LINE
8
BLACK
6
CONTINUOUS
10
8.37297
20
-4.61196
11
8.37297
21
-4.61196
0
LINE
8
BLACK
6
CONTINUOUS
10
8.37297
20
-4.61196
11
8.37277
21
-4.61192
0
LINE
8
BLACK
6
CONTINUOUS
10
8.37277
20
-4.61192
11
8.36986
21
-4.61189
0
LINE
8
BLACK
6
CONTINUOUS
10
8.36986
20
-4.61189
11
8.36418
21
-4.61182
0
LINE
8
BLACK
6
CONTINUOUS
10
8.36418
20
-4.61182
11
8.36418
21
-4.61182
0
LINE
8
BLACK
6
CONTINUOUS
10
8.36418
20
-4.61182
11
8.36397
21
-4.61182
0
LINE
8
BLACK
6
CONTINUOUS
10
8.36397
20
-4.61182
11
8.35528
21
-4.61315
0
LINE
8
BLACK
6
CONTINUOUS
10
8.35528
20
-4.61315
11
8.34692
21
-4.61588
0
LINE
8
BLACK
6
CONTINUOUS
10
8.34692
20
-4.61588
11
8.34405
21
-4.61738
0
LINE
8
BLACK
6
CONTINUOUS
10
8.34405
20
-4.61738
11
8.34014
21
-4.61941
0
LINE
8
BLACK
6
CONTINUOUS
10
8.34014
20
-4.61941
11
8.33912
21
-4.61994
0
LINE
8
BLACK
6
CONTINUOUS
10
8.33912
20
-4.61994
11
8.33896
21
-4.62006
0
LINE
8
BLACK
6
CONTINUOUS
10
8.33896
20
-4.62006
11
8.33896
21
-4.62006
0
LINE
8
BLACK
6
CONTINUOUS
10
8.33896
20
-4.62006
11
8.33225
21
-4.6251
0
LINE
8
BLACK
6
CONTINUOUS
10
8.33225
20
-4.6251
11
8.33209
21
-4.62522
0
LINE
8
BLACK
6
CONTINUOUS
10
8.33209
20
-4.62522
11
8.32601
21
-4.63158
0
LINE
8
BLACK
6
CONTINUOUS
10
8.32601
20
-4.63158
11
8.32277
21
-4.63633
0
LINE
8
BLACK
6
CONTINUOUS
10
8.32277
20
-4.63633
11
8.32177
21
-4.6378
0
LINE
8
BLACK
6
CONTINUOUS
10
8.32177
20
-4.6378
11
8.31961
21
-4.63957
0
LINE
8
BLACK
6
CONTINUOUS
10
8.31961
20
-4.63957
11
8.31683
21
-4.63989
0
LINE
8
BLACK
6
CONTINUOUS
10
8.31683
20
-4.63989
11
8.31432
21
-4.63866
0
LINE
8
BLACK
6
CONTINUOUS
10
8.31432
20
-4.63866
11
8.3135
21
-4.6377
0
LINE
8
BLACK
6
CONTINUOUS
10
8.3135
20
-4.6377
11
8.31033
21
-4.63279
0
LINE
8
BLACK
6
CONTINUOUS
10
8.31033
20
-4.63279
11
8.31008
21
-4.63247
0
LINE
8
BLACK
6
CONTINUOUS
10
8.31008
20
-4.63247
11
8.30444
21
-4.62627
0
LINE
8
BLACK
6
CONTINUOUS
10
8.30444
20
-4.62627
11
8.30414
21
-4.62599
0
LINE
8
BLACK
6
CONTINUOUS
10
8.30414
20
-4.62599
11
8.29756
21
-4.6208
0
LINE
8
BLACK
6
CONTINUOUS
10
8.29756
20
-4.6208
11
8.29723
21
-4.62057
0
LINE
8
BLACK
6
CONTINUOUS
10
8.29723
20
-4.62057
11
8.28989
21
-4.61652
0
LINE
8
BLACK
6
CONTINUOUS
10
8.28989
20
-4.61652
11
8.28952
21
-4.61635
0
LINE
8
BLACK
6
CONTINUOUS
10
8.28952
20
-4.61635
11
8.28161
21
-4.61355
0
LINE
8
BLACK
6
CONTINUOUS
10
8.28161
20
-4.61355
11
8.28122
21
-4.61345
0
LINE
8
BLACK
6
CONTINUOUS
10
8.28122
20
-4.61345
11
8.27842
21
-4.61295
0
LINE
8
BLACK
6
CONTINUOUS
10
8.27842
20
-4.61295
11
8.2779
21
-4.61301
0
LINE
8
BLACK
6
CONTINUOUS
10
8.2779
20
-4.61301
11
8.27772
21
-4.61358
0
LINE
8
BLACK
6
CONTINUOUS
10
8.27772
20
-4.61358
11
8.27772
21
-4.63346
0
LINE
8
BLACK
6
CONTINUOUS
10
8.27772
20
-4.63346
11
8.27806
21
-4.63353
0
LINE
8
BLACK
6
CONTINUOUS
10
8.27806
20
-4.63353
11
8.28445
21
-4.63637
0
LINE
8
BLACK
6
CONTINUOUS
10
8.28445
20
-4.63637
11
8.29011
21
-4.64049
0
LINE
8
BLACK
6
CONTINUOUS
10
8.29011
20
-4.64049
11
8.29479
21
-4.64568
0
LINE
8
BLACK
6
CONTINUOUS
10
8.29479
20
-4.64568
11
8.29829
21
-4.65174
0
LINE
8
BLACK
6
CONTINUOUS
10
8.29829
20
-4.65174
11
8.30045
21
-4.6584
0
LINE
8
BLACK
6
CONTINUOUS
10
8.30045
20
-4.6584
11
8.30118
21
-4.66535
0
LINE
8
BLACK
6
CONTINUOUS
10
8.30118
20
-4.66535
11
8.30045
21
-4.67231
0
LINE
8
BLACK
6
CONTINUOUS
10
8.30045
20
-4.67231
11
8.29829
21
-4.67897
0
LINE
8
BLACK
6
CONTINUOUS
10
8.29829
20
-4.67897
11
8.29479
21
-4.68502
0
LINE
8
BLACK
6
CONTINUOUS
10
8.29479
20
-4.68502
11
8.29011
21
-4.69022
0
LINE
8
BLACK
6
CONTINUOUS
10
8.29011
20
-4.69022
11
8.28445
21
-4.69434
0
LINE
8
BLACK
6
CONTINUOUS
10
8.28445
20
-4.69434
11
8.27806
21
-4.69718
0
LINE
8
BLACK
6
CONTINUOUS
10
8.27806
20
-4.69718
11
8.27772
21
-4.69725
0
LINE
8
BLACK
6
CONTINUOUS
10
8.27772
20
-4.69725
11
8.27772
21
-4.71726
0
LINE
8
BLACK
6
CONTINUOUS
10
8.27772
20
-4.71726
11
8.27788
21
-4.71781
0
LINE
8
BLACK
6
CONTINUOUS
10
8.27788
20
-4.71781
11
8.2784
21
-4.71789
0
LINE
8
BLACK
6
CONTINUOUS
10
8.25738
20
-4.69718
11
8.25098
21
-4.69434
0
LINE
8
BLACK
6
CONTINUOUS
10
8.25098
20
-4.69434
11
8.24532
21
-4.69022
0
LINE
8
BLACK
6
CONTINUOUS
10
8.24532
20
-4.69022
11
8.24064
21
-4.68502
0
LINE
8
BLACK
6
CONTINUOUS
10
8.24064
20
-4.68502
11
8.23715
21
-4.67897
0
LINE
8
BLACK
6
CONTINUOUS
10
8.23715
20
-4.67897
11
8.23498
21
-4.67231
0
LINE
8
BLACK
6
CONTINUOUS
10
8.23498
20
-4.67231
11
8.23425
21
-4.66535
0
LINE
8
BLACK
6
CONTINUOUS
10
8.23425
20
-4.66535
11
8.23498
21
-4.6584
0
LINE
8
BLACK
6
CONTINUOUS
10
8.23498
20
-4.6584
11
8.23715
21
-4.65174
0
LINE
8
BLACK
6
CONTINUOUS
10
8.23715
20
-4.65174
11
8.24064
21
-4.64568
0
LINE
8
BLACK
6
CONTINUOUS
10
8.24064
20
-4.64568
11
8.24532
21
-4.64049
0
LINE
8
BLACK
6
CONTINUOUS
10
8.24532
20
-4.64049
11
8.25098
21
-4.63637
0
LINE
8
BLACK
6
CONTINUOUS
10
8.25098
20
-4.63637
11
8.25738
21
-4.63353
0
LINE
8
BLACK
6
CONTINUOUS
10
8.25738
20
-4.63353
11
8.25772
21
-4.63346
0
LINE
8
BLACK
6
CONTINUOUS
10
8.25772
20
-4.63346
11
8.25772
21
-4.61351
0
LINE
8
BLACK
6
CONTINUOUS
10
8.25772
20
-4.61351
11
8.25756
21
-4.61298
0
LINE
8
BLACK
6
CONTINUOUS
10
8.25756
20
-4.61298
11
8.257
21
-4.6129
0
LINE
8
BLACK
6
CONTINUOUS
10
8.257
20
-4.6129
11
8.25549
21
-4.61314
0
LINE
8
BLACK
6
CONTINUOUS
10
8.25549
20
-4.61314
11
8.25509
21
-4.61323
0
LINE
8
BLACK
6
CONTINUOUS
10
8.25509
20
-4.61323
11
8.24712
21
-4.61584
0
LINE
8
BLACK
6
CONTINUOUS
10
8.24712
20
-4.61584
11
8.24675
21
-4.61599
0
LINE
8
BLACK
6
CONTINUOUS
10
8.24675
20
-4.61599
11
8.23931
21
-4.61986
0
LINE
8
BLACK
6
CONTINUOUS
10
8.23931
20
-4.61986
11
8.23897
21
-4.62008
0
LINE
8
BLACK
6
CONTINUOUS
10
8.23897
20
-4.62008
11
8.23226
21
-4.62511
0
LINE
8
BLACK
6
CONTINUOUS
10
8.23226
20
-4.62511
11
8.23196
21
-4.62538
0
LINE
8
BLACK
6
CONTINUOUS
10
8.23196
20
-4.62538
11
8.22892
21
-4.62857
0
LINE
8
BLACK
6
CONTINUOUS
10
8.22892
20
-4.62857
11
8.22649
21
-4.62996
0
LINE
8
BLACK
6
CONTINUOUS
10
8.22649
20
-4.62996
11
8.2237
21
-4.62983
0
LINE
8
BLACK
6
CONTINUOUS
10
8.2237
20
-4.62983
11
8.22143
21
-4.6282
0
LINE
8
BLACK
6
CONTINUOUS
10
8.22143
20
-4.6282
11
8.22069
21
-4.62688
0
LINE
8
BLACK
6
CONTINUOUS
10
8.22069
20
-4.62688
11
8.21905
21
-4.62251
0
LINE
8
BLACK
6
CONTINUOUS
10
8.21905
20
-4.62251
11
8.21892
21
-4.62218
0
LINE
8
BLACK
6
CONTINUOUS
10
8.21892
20
-4.62218
11
8.21548
21
-4.61759
0
LINE
8
BLACK
6
CONTINUOUS
10
8.21548
20
-4.61759
11
8.21089
21
-4.61415
0
LINE
8
BLACK
6
CONTINUOUS
10
8.21089
20
-4.61415
11
8.20552
21
-4.61214
0
LINE
8
BLACK
6
CONTINUOUS
10
8.20552
20
-4.61214
11
8.20308
21
-4.61187
0
LINE
8
BLACK
6
CONTINUOUS
10
8.20308
20
-4.61187
11
8.13236
21
-4.61187
0
LINE
8
BLACK
6
CONTINUOUS
10
8.13236
20
-4.61187
11
8.12991
21
-4.61214
0
LINE
8
BLACK
6
CONTINUOUS
10
8.12991
20
-4.61214
11
8.12454
21
-4.61415
0
LINE
8
BLACK
6
CONTINUOUS
10
8.12454
20
-4.61415
11
8.11995
21
-4.61759
0
LINE
8
BLACK
6
CONTINUOUS
10
8.11995
20
-4.61759
11
8.11651
21
-4.62218
0
LINE
8
BLACK
6
CONTINUOUS
10
8.11651
20
-4.62218
11
8.1145
21
-4.62755
0
LINE
8
BLACK
6
CONTINUOUS
10
8.1145
20
-4.62755
11
8.11423
21
-4.62999
0
LINE
8
BLACK
6
CONTINUOUS
10
8.11423
20
-4.62999
11
8.11423
21
-4.70071
0
LINE
8
BLACK
6
CONTINUOUS
10
8.11423
20
-4.70071
11
8.1145
21
-4.70316
0
LINE
8
BLACK
6
CONTINUOUS
10
8.1145
20
-4.70316
11
8.11651
21
-4.70853
0
LINE
8
BLACK
6
CONTINUOUS
10
8.11651
20
-4.70853
11
8.11995
21
-4.71312
0
LINE
8
BLACK
6
CONTINUOUS
10
8.11995
20
-4.71312
11
8.12454
21
-4.71656
0
LINE
8
BLACK
6
CONTINUOUS
10
8.12454
20
-4.71656
11
8.12991
21
-4.71857
0
LINE
8
BLACK
6
CONTINUOUS
10
8.12991
20
-4.71857
11
8.13236
21
-4.71884
0
LINE
8
BLACK
6
CONTINUOUS
10
8.13236
20
-4.71884
11
8.20308
21
-4.71884
0
LINE
8
BLACK
6
CONTINUOUS
10
8.20308
20
-4.71884
11
8.20552
21
-4.71857
0
LINE
8
BLACK
6
CONTINUOUS
10
8.20552
20
-4.71857
11
8.21089
21
-4.71656
0
LINE
8
BLACK
6
CONTINUOUS
10
8.21089
20
-4.71656
11
8.21548
21
-4.71312
0
LINE
8
BLACK
6
CONTINUOUS
10
8.21548
20
-4.71312
11
8.21892
21
-4.70853
0
LINE
8
BLACK
6
CONTINUOUS
10
8.21892
20
-4.70853
11
8.22002
21
-4.7056
0
LINE
8
BLACK
6
CONTINUOUS
10
8.22002
20
-4.7056
11
8.22066
21
-4.70389
0
LINE
8
BLACK
6
CONTINUOUS
10
8.22066
20
-4.70389
11
8.22234
21
-4.70166
0
LINE
8
BLACK
6
CONTINUOUS
10
8.22234
20
-4.70166
11
8.22496
21
-4.70068
0
LINE
8
BLACK
6
CONTINUOUS
10
8.22496
20
-4.70068
11
8.22769
21
-4.70128
0
LINE
8
BLACK
6
CONTINUOUS
10
8.22769
20
-4.70128
11
8.22906
21
-4.70239
0
LINE
8
BLACK
6
CONTINUOUS
10
8.22906
20
-4.70239
11
8.23005
21
-4.70353
0
LINE
8
BLACK
6
CONTINUOUS
10
8.23005
20
-4.70353
11
8.23034
21
-4.70381
0
LINE
8
BLACK
6
CONTINUOUS
10
8.23034
20
-4.70381
11
8.23679
21
-4.70917
0
LINE
8
BLACK
6
CONTINUOUS
10
8.23679
20
-4.70917
11
8.23712
21
-4.7094
0
LINE
8
BLACK
6
CONTINUOUS
10
8.23712
20
-4.7094
11
8.24436
21
-4.71363
0
LINE
8
BLACK
6
CONTINUOUS
10
8.24436
20
-4.71363
11
8.24473
21
-4.71381
0
LINE
8
BLACK
6
CONTINUOUS
10
8.24473
20
-4.71381
11
8.25256
21
-4.7168
0
LINE
8
BLACK
6
CONTINUOUS
10
8.25256
20
-4.7168
11
8.25295
21
-4.71691
0
LINE
8
BLACK
6
CONTINUOUS
10
8.25295
20
-4.71691
11
8.25702
21
-4.71774
0
LINE
8
BLACK
6
CONTINUOUS
10
8.25702
20
-4.71774
11
8.25757
21
-4.71769
0
LINE
8
BLACK
6
CONTINUOUS
10
8.25757
20
-4.71769
11
8.25772
21
-4.71729
0
LINE
8
BLACK
6
CONTINUOUS
10
8.25772
20
-4.71729
11
8.25772
21
-4.69725
0
LINE
8
BLACK
6
CONTINUOUS
10
8.25772
20
-4.69725
11
8.25738
21
-4.69718
0
LINE
8
BLACK
6
CONTINUOUS
10
7.89157
20
-4.52788
11
7.89653
21
-4.52644
0
LINE
8
BLACK
6
CONTINUOUS
10
7.89653
20
-4.52644
11
7.8971
21
-4.5262
0
LINE
8
BLACK
6
CONTINUOUS
10
7.8971
20
-4.5262
11
7.90211
21
-4.52323
0
LINE
8
BLACK
6
CONTINUOUS
10
7.90211
20
-4.52323
11
7.9026
21
-4.52285
0
LINE
8
BLACK
6
CONTINUOUS
10
7.9026
20
-4.52285
11
7.90671
21
-4.51874
0
LINE
8
BLACK
6
CONTINUOUS
10
7.90671
20
-4.51874
11
7.90709
21
-4.51825
0
LINE
8
BLACK
6
CONTINUOUS
10
7.90709
20
-4.51825
11
7.91005
21
-4.51324
0
LINE
8
BLACK
6
CONTINUOUS
10
7.91005
20
-4.51324
11
7.9103
21
-4.51267
0
LINE
8
BLACK
6
CONTINUOUS
10
7.9103
20
-4.51267
11
7.91194
21
-4.50702
0
LINE
8
BLACK
6
CONTINUOUS
10
7.91194
20
-4.50702
11
7.912
21
-4.50671
0
LINE
8
BLACK
6
CONTINUOUS
10
7.912
20
-4.50671
11
7.91189
21
-4.50618
0
LINE
8
BLACK
6
CONTINUOUS
10
7.91189
20
-4.50618
11
7.91144
21
-4.50606
0
LINE
8
BLACK
6
CONTINUOUS
10
7.91144
20
-4.50606
11
7.89182
21
-4.50606
0
LINE
8
BLACK
6
CONTINUOUS
10
7.89182
20
-4.50606
11
7.89122
21
-4.50624
0
LINE
8
BLACK
6
CONTINUOUS
10
7.89122
20
-4.50624
11
7.89117
21
-4.50629
0
LINE
8
BLACK
6
CONTINUOUS
10
7.89117
20
-4.50629
11
7.8911
21
-4.5066
0
LINE
8
BLACK
6
CONTINUOUS
10
7.8911
20
-4.5066
11
7.8911
21
-4.52731
0
LINE
8
BLACK
6
CONTINUOUS
10
7.8911
20
-4.52731
11
7.89126
21
-4.52784
0
LINE
8
BLACK
6
CONTINUOUS
10
7.89126
20
-4.52784
11
7.89157
21
-4.52788
0
LINE
8
BLACK
6
CONTINUOUS
10
8.06575
20
-4.49947
11
8.06614
21
-4.49943
0
LINE
8
BLACK
6
CONTINUOUS
10
8.06614
20
-4.49943
11
8.06664
21
-4.49934
0
LINE
8
BLACK
6
CONTINUOUS
10
8.06664
20
-4.49934
11
8.07224
21
-4.49772
0
LINE
8
BLACK
6
CONTINUOUS
10
8.07224
20
-4.49772
11
8.0728
21
-4.49747
0
LINE
8
BLACK
6
CONTINUOUS
10
8.0728
20
-4.49747
11
8.07777
21
-4.49453
0
LINE
8
BLACK
6
CONTINUOUS
10
8.07777
20
-4.49453
11
8.07826
21
-4.49415
0
LINE
8
BLACK
6
CONTINUOUS
10
8.07826
20
-4.49415
11
8.08234
21
-4.49007
0
LINE
8
BLACK
6
CONTINUOUS
10
8.08234
20
-4.49007
11
8.08272
21
-4.48958
0
LINE
8
BLACK
6
CONTINUOUS
10
8.08272
20
-4.48958
11
8.08566
21
-4.48462
0
LINE
8
BLACK
6
CONTINUOUS
10
8.08566
20
-4.48462
11
8.08591
21
-4.48405
0
LINE
8
BLACK
6
CONTINUOUS
10
8.08591
20
-4.48405
11
8.0872
21
-4.47958
0
LINE
8
BLACK
6
CONTINUOUS
10
8.0872
20
-4.47958
11
8.0872
21
-4.47903
0
LINE
8
BLACK
6
CONTINUOUS
10
8.0872
20
-4.47903
11
8.08692
21
-4.4789
0
LINE
8
BLACK
6
CONTINUOUS
10
8.08692
20
-4.4789
11
8.06583
21
-4.4789
0
LINE
8
BLACK
6
CONTINUOUS
10
8.06583
20
-4.4789
11
8.06523
21
-4.47907
0
LINE
8
BLACK
6
CONTINUOUS
10
8.06523
20
-4.47907
11
8.06518
21
-4.47913
0
LINE
8
BLACK
6
CONTINUOUS
10
8.06518
20
-4.47913
11
8.06512
21
-4.47943
0
LINE
8
BLACK
6
CONTINUOUS
10
8.06512
20
-4.47943
11
8.06512
21
-4.4988
0
LINE
8
BLACK
6
CONTINUOUS
10
8.06512
20
-4.4988
11
8.06529
21
-4.49938
0
LINE
8
BLACK
6
CONTINUOUS
10
8.06529
20
-4.49938
11
8.06575
21
-4.49947
0
LINE
8
BLACK
6
CONTINUOUS
10
8.37703
20
-4.16891
11
8.37876
21
-4.17006
0
LINE
8
BLACK
6
CONTINUOUS
10
8.37876
20
-4.17006
11
8.37991
21
-4.17178
0
LINE
8
BLACK
6
CONTINUOUS
10
8.37991
20
-4.17178
11
8.38031
21
-4.17382
0
LINE
8
BLACK
6
CONTINUOUS
10
8.38031
20
-4.17382
11
8.38031
21
-4.18477
0
LINE
8
BLACK
6
CONTINUOUS
10
8.38031
20
-4.18477
11
8.40322
21
-4.20768
0
LINE
8
BLACK
6
CONTINUOUS
10
8.40322
20
-4.20768
11
8.52008
21
-4.20768
0
LINE
8
BLACK
6
CONTINUOUS
10
8.52008
20
-4.20768
11
8.52095
21
-4.2078
0
LINE
8
BLACK
6
CONTINUOUS
10
8.52095
20
-4.2078
11
8.52113
21
-4.20779
0
LINE
8
BLACK
6
CONTINUOUS
10
8.52113
20
-4.20779
11
8.52122
21
-4.20784
0
LINE
8
BLACK
6
CONTINUOUS
10
8.52122
20
-4.20784
11
8.52148
21
-4.20788
0
LINE
8
BLACK
6
CONTINUOUS
10
8.52148
20
-4.20788
11
8.52249
21
-4.20854
0
LINE
8
BLACK
6
CONTINUOUS
10
8.52249
20
-4.20854
11
8.52356
21
-4.20912
0
LINE
8
BLACK
6
CONTINUOUS
10
8.52356
20
-4.20912
11
8.57355
21
-4.25911
0
LINE
8
BLACK
6
CONTINUOUS
10
8.57355
20
-4.25911
11
8.57382
21
-4.25906
0
LINE
8
BLACK
6
CONTINUOUS
10
8.57382
20
-4.25906
11
8.58445
21
-4.25906
0
LINE
8
BLACK
6
CONTINUOUS
10
8.58445
20
-4.25906
11
8.58648
21
-4.25946
0
LINE
8
BLACK
6
CONTINUOUS
10
8.58648
20
-4.25946
11
8.58821
21
-4.26061
0
LINE
8
BLACK
6
CONTINUOUS
10
8.58821
20
-4.26061
11
8.58936
21
-4.26234
0
LINE
8
BLACK
6
CONTINUOUS
10
8.58936
20
-4.26234
11
8.58976
21
-4.26437
0
LINE
8
BLACK
6
CONTINUOUS
10
8.58976
20
-4.26437
11
8.58976
21
-4.27894
0
LINE
8
BLACK
6
CONTINUOUS
10
8.58976
20
-4.27894
11
8.58936
21
-4.28097
0
LINE
8
BLACK
6
CONTINUOUS
10
8.58936
20
-4.28097
11
8.58821
21
-4.2827
0
LINE
8
BLACK
6
CONTINUOUS
10
8.58821
20
-4.2827
11
8.58648
21
-4.28385
0
LINE
8
BLACK
6
CONTINUOUS
10
8.58648
20
-4.28385
11
8.58445
21
-4.28425
0
LINE
8
BLACK
6
CONTINUOUS
10
8.58445
20
-4.28425
11
8.57382
21
-4.28425
0
LINE
8
BLACK
6
CONTINUOUS
10
8.57382
20
-4.28425
11
8.57355
21
-4.2842
0
LINE
8
BLACK
6
CONTINUOUS
10
8.57355
20
-4.2842
11
8.54879
21
-4.30896
0
LINE
8
BLACK
6
CONTINUOUS
10
8.54879
20
-4.30896
11
8.5492
21
-4.30958
0
LINE
8
BLACK
6
CONTINUOUS
10
8.5492
20
-4.30958
11
8.54961
21
-4.31161
0
LINE
8
BLACK
6
CONTINUOUS
10
8.54961
20
-4.31161
11
8.54961
21
-4.32618
0
LINE
8
BLACK
6
CONTINUOUS
10
8.54961
20
-4.32618
11
8.5492
21
-4.32822
0
LINE
8
BLACK
6
CONTINUOUS
10
8.5492
20
-4.32822
11
8.54805
21
-4.32994
0
LINE
8
BLACK
6
CONTINUOUS
10
8.54805
20
-4.32994
11
8.54633
21
-4.33109
0
LINE
8
BLACK
6
CONTINUOUS
10
8.54633
20
-4.33109
11
8.54429
21
-4.3315
0
LINE
8
BLACK
6
CONTINUOUS
10
8.54429
20
-4.3315
11
8.5439
21
-4.3315
0
LINE
8
BLACK
6
CONTINUOUS
10
8.5439
20
-4.3315
11
8.5439
21
-4.34961
0
LINE
8
BLACK
6
CONTINUOUS
10
8.5439
20
-4.34961
11
8.54429
21
-4.34961
0
LINE
8
BLACK
6
CONTINUOUS
10
8.54429
20
-4.34961
11
8.54633
21
-4.35001
0
LINE
8
BLACK
6
CONTINUOUS
10
8.54633
20
-4.35001
11
8.54805
21
-4.35116
0
LINE
8
BLACK
6
CONTINUOUS
10
8.54805
20
-4.35116
11
8.5492
21
-4.35289
0
LINE
8
BLACK
6
CONTINUOUS
10
8.5492
20
-4.35289
11
8.54961
21
-4.35492
0
LINE
8
BLACK
6
CONTINUOUS
10
8.54961
20
-4.35492
11
8.54961
21
-4.36949
0
LINE
8
BLACK
6
CONTINUOUS
10
8.54961
20
-4.36949
11
8.5492
21
-4.37152
0
LINE
8
BLACK
6
CONTINUOUS
10
8.5492
20
-4.37152
11
8.54805
21
-4.37325
0
LINE
8
BLACK
6
CONTINUOUS
10
8.54805
20
-4.37325
11
8.54633
21
-4.3744
0
LINE
8
BLACK
6
CONTINUOUS
10
8.54633
20
-4.3744
11
8.54429
21
-4.3748
0
LINE
8
BLACK
6
CONTINUOUS
10
8.54429
20
-4.3748
11
8.5439
21
-4.3748
0
LINE
8
BLACK
6
CONTINUOUS
10
8.5439
20
-4.3748
11
8.5439
21
-4.39291
0
LINE
8
BLACK
6
CONTINUOUS
10
8.5439
20
-4.39291
11
8.54429
21
-4.39291
0
LINE
8
BLACK
6
CONTINUOUS
10
8.54429
20
-4.39291
11
8.54633
21
-4.39332
0
LINE
8
BLACK
6
CONTINUOUS
10
8.54633
20
-4.39332
11
8.54805
21
-4.39447
0
LINE
8
BLACK
6
CONTINUOUS
10
8.54805
20
-4.39447
11
8.5492
21
-4.39619
0
LINE
8
BLACK
6
CONTINUOUS
10
8.5492
20
-4.39619
11
8.54961
21
-4.39823
0
LINE
8
BLACK
6
CONTINUOUS
10
8.54961
20
-4.39823
11
8.54961
21
-4.4128
0
LINE
8
BLACK
6
CONTINUOUS
10
8.54961
20
-4.4128
11
8.5492
21
-4.41483
0
LINE
8
BLACK
6
CONTINUOUS
10
8.5492
20
-4.41483
11
8.54805
21
-4.41655
0
LINE
8
BLACK
6
CONTINUOUS
10
8.54805
20
-4.41655
11
8.54633
21
-4.41771
0
LINE
8
BLACK
6
CONTINUOUS
10
8.54633
20
-4.41771
11
8.54429
21
-4.41811
0
LINE
8
BLACK
6
CONTINUOUS
10
8.54429
20
-4.41811
11
8.5435
21
-4.41811
0
LINE
8
BLACK
6
CONTINUOUS
10
8.5435
20
-4.41811
11
8.5435
21
-4.43622
0
LINE
8
BLACK
6
CONTINUOUS
10
8.5435
20
-4.43622
11
8.5439
21
-4.43622
0
LINE
8
BLACK
6
CONTINUOUS
10
8.5439
20
-4.43622
11
8.54593
21
-4.43663
0
LINE
8
BLACK
6
CONTINUOUS
10
8.54593
20
-4.43663
11
8.54766
21
-4.43778
0
LINE
8
BLACK
6
CONTINUOUS
10
8.54766
20
-4.43778
11
8.54881
21
-4.4395
0
LINE
8
BLACK
6
CONTINUOUS
10
8.54881
20
-4.4395
11
8.54921
21
-4.44154
0
LINE
8
BLACK
6
CONTINUOUS
10
8.54921
20
-4.44154
11
8.54921
21
-4.4521
0
LINE
8
BLACK
6
CONTINUOUS
10
8.54921
20
-4.4521
11
8.58064
21
-4.48352
0
LINE
8
BLACK
6
CONTINUOUS
10
8.58064
20
-4.48352
11
8.58091
21
-4.48346
0
LINE
8
BLACK
6
CONTINUOUS
10
8.58091
20
-4.48346
11
8.59154
21
-4.48346
0
LINE
8
BLACK
6
CONTINUOUS
10
8.59154
20
-4.48346
11
8.59357
21
-4.48387
0
LINE
8
BLACK
6
CONTINUOUS
10
8.59357
20
-4.48387
11
8.59529
21
-4.48502
0
LINE
8
BLACK
6
CONTINUOUS
10
8.59529
20
-4.48502
11
8.59645
21
-4.48675
0
LINE
8
BLACK
6
CONTINUOUS
10
8.59645
20
-4.48675
11
8.59685
21
-4.48878
0
LINE
8
BLACK
6
CONTINUOUS
10
8.59685
20
-4.48878
11
8.59685
21
-4.49973
0
LINE
8
BLACK
6
CONTINUOUS
10
8.59685
20
-4.49973
11
8.72901
21
-4.63189
0
LINE
8
BLACK
6
CONTINUOUS
10
8.72901
20
-4.63189
11
8.79252
21
-4.63189
0
LINE
8
BLACK
6
CONTINUOUS
10
8.79252
20
-4.63189
11
8.79252
21
-4.69882
0
LINE
8
BLACK
6
CONTINUOUS
10
8.79252
20
-4.69882
11
8.72559
21
-4.69882
0
LINE
8
BLACK
6
CONTINUOUS
10
8.72559
20
-4.69882
11
8.72559
21
-4.64239
0
LINE
8
BLACK
6
CONTINUOUS
10
8.72559
20
-4.64239
11
8.59181
21
-4.50861
0
LINE
8
BLACK
6
CONTINUOUS
10
8.59181
20
-4.50861
11
8.59154
21
-4.50866
0
LINE
8
BLACK
6
CONTINUOUS
10
8.59154
20
-4.50866
11
8.58091
21
-4.50866
0
LINE
8
BLACK
6
CONTINUOUS
10
8.58091
20
-4.50866
11
8.57887
21
-4.50826
0
LINE
8
BLACK
6
CONTINUOUS
10
8.57887
20
-4.50826
11
8.57715
21
-4.5071
0
LINE
8
BLACK
6
CONTINUOUS
10
8.57715
20
-4.5071
11
8.576
21
-4.50538
0
LINE
8
BLACK
6
CONTINUOUS
10
8.576
20
-4.50538
11
8.57559
21
-4.50335
0
LINE
8
BLACK
6
CONTINUOUS
10
8.57559
20
-4.50335
11
8.57559
21
-4.49239
0
LINE
8
BLACK
6
CONTINUOUS
10
8.57559
20
-4.49239
11
8.5445
21
-4.4613
0
LINE
8
BLACK
6
CONTINUOUS
10
8.5445
20
-4.4613
11
8.5439
21
-4.46142
0
LINE
8
BLACK
6
CONTINUOUS
10
8.5439
20
-4.46142
11
8.53327
21
-4.46142
0
LINE
8
BLACK
6
CONTINUOUS
10
8.53327
20
-4.46142
11
8.533
21
-4.46136
0
LINE
8
BLACK
6
CONTINUOUS
10
8.533
20
-4.46136
11
8.51844
21
-4.47592
0
LINE
8
BLACK
6
CONTINUOUS
10
8.51844
20
-4.47592
11
8.51774
21
-4.47645
0
LINE
8
BLACK
6
CONTINUOUS
10
8.51774
20
-4.47645
11
8.51762
21
-4.47658
0
LINE
8
BLACK
6
CONTINUOUS
10
8.51762
20
-4.47658
11
8.51751
21
-4.47661
0
LINE
8
BLACK
6
CONTINUOUS
10
8.51751
20
-4.47661
11
8.51731
21
-4.47677
0
LINE
8
BLACK
6
CONTINUOUS
10
8.51731
20
-4.47677
11
8.51612
21
-4.47702
0
LINE
8
BLACK
6
CONTINUOUS
10
8.51612
20
-4.47702
11
8.51496
21
-4.47736
0
LINE
8
BLACK
6
CONTINUOUS
10
8.51496
20
-4.47736
11
8.51102
21
-4.47736
0
LINE
8
BLACK
6
CONTINUOUS
10
8.51102
20
-4.47736
11
8.51102
21
-4.47972
0
LINE
8
BLACK
6
CONTINUOUS
10
8.51102
20
-4.47972
11
8.51062
21
-4.48176
0
LINE
8
BLACK
6
CONTINUOUS
10
8.51062
20
-4.48176
11
8.50947
21
-4.48348
0
LINE
8
BLACK
6
CONTINUOUS
10
8.50947
20
-4.48348
11
8.50774
21
-4.48463
0
LINE
8
BLACK
6
CONTINUOUS
10
8.50774
20
-4.48463
11
8.50571
21
-4.48504
0
LINE
8
BLACK
6
CONTINUOUS
10
8.50571
20
-4.48504
11
8.50531
21
-4.48504
0
LINE
8
BLACK
6
CONTINUOUS
10
8.50531
20
-4.48504
11
8.50531
21
-4.50315
0
LINE
8
BLACK
6
CONTINUOUS
10
8.50531
20
-4.50315
11
8.50571
21
-4.50315
0
LINE
8
BLACK
6
CONTINUOUS
10
8.50571
20
-4.50315
11
8.50774
21
-4.50355
0
LINE
8
BLACK
6
CONTINUOUS
10
8.50774
20
-4.50355
11
8.50947
21
-4.50471
0
LINE
8
BLACK
6
CONTINUOUS
10
8.50947
20
-4.50471
11
8.51062
21
-4.50643
0
LINE
8
BLACK
6
CONTINUOUS
10
8.51062
20
-4.50643
11
8.51102
21
-4.50846
0
LINE
8
BLACK
6
CONTINUOUS
10
8.51102
20
-4.50846
11
8.51102
21
-4.52303
0
LINE
8
BLACK
6
CONTINUOUS
10
8.51102
20
-4.52303
11
8.51062
21
-4.52507
0
LINE
8
BLACK
6
CONTINUOUS
10
8.51062
20
-4.52507
11
8.50947
21
-4.52679
0
LINE
8
BLACK
6
CONTINUOUS
10
8.50947
20
-4.52679
11
8.50774
21
-4.52794
0
LINE
8
BLACK
6
CONTINUOUS
10
8.50774
20
-4.52794
11
8.50571
21
-4.52835
0
LINE
8
BLACK
6
CONTINUOUS
10
8.50571
20
-4.52835
11
8.49508
21
-4.52835
0
LINE
8
BLACK
6
CONTINUOUS
10
8.49508
20
-4.52835
11
8.49304
21
-4.52794
0
LINE
8
BLACK
6
CONTINUOUS
10
8.49304
20
-4.52794
11
8.49132
21
-4.52679
0
LINE
8
BLACK
6
CONTINUOUS
10
8.49132
20
-4.52679
11
8.49017
21
-4.52507
0
LINE
8
BLACK
6
CONTINUOUS
10
8.49017
20
-4.52507
11
8.48976
21
-4.52303
0
LINE
8
BLACK
6
CONTINUOUS
10
8.48976
20
-4.52303
11
8.48976
21
-4.50846
0
LINE
8
BLACK
6
CONTINUOUS
10
8.48976
20
-4.50846
11
8.49017
21
-4.50643
0
LINE
8
BLACK
6
CONTINUOUS
10
8.49017
20
-4.50643
11
8.49132
21
-4.50471
0
LINE
8
BLACK
6
CONTINUOUS
10
8.49132
20
-4.50471
11
8.49304
21
-4.50355
0
LINE
8
BLACK
6
CONTINUOUS
10
8.49304
20
-4.50355
11
8.49508
21
-4.50315
0
LINE
8
BLACK
6
CONTINUOUS
10
8.49508
20
-4.50315
11
8.49547
21
-4.50315
0
LINE
8
BLACK
6
CONTINUOUS
10
8.49547
20
-4.50315
11
8.49547
21
-4.48504
0
LINE
8
BLACK
6
CONTINUOUS
10
8.49547
20
-4.48504
11
8.49508
21
-4.48504
0
LINE
8
BLACK
6
CONTINUOUS
10
8.49508
20
-4.48504
11
8.49304
21
-4.48463
0
LINE
8
BLACK
6
CONTINUOUS
10
8.49304
20
-4.48463
11
8.49132
21
-4.48348
0
LINE
8
BLACK
6
CONTINUOUS
10
8.49132
20
-4.48348
11
8.49017
21
-4.48176
0
LINE
8
BLACK
6
CONTINUOUS
10
8.49017
20
-4.48176
11
8.48976
21
-4.47972
0
LINE
8
BLACK
6
CONTINUOUS
10
8.48976
20
-4.47972
11
8.48976
21
-4.46516
0
LINE
8
BLACK
6
CONTINUOUS
10
8.48976
20
-4.46516
11
8.49017
21
-4.46312
0
LINE
8
BLACK
6
CONTINUOUS
10
8.49017
20
-4.46312
11
8.49132
21
-4.4614
0
LINE
8
BLACK
6
CONTINUOUS
10
8.49132
20
-4.4614
11
8.49304
21
-4.46025
0
LINE
8
BLACK
6
CONTINUOUS
10
8.49304
20
-4.46025
11
8.49508
21
-4.45984
0
LINE
8
BLACK
6
CONTINUOUS
10
8.49508
20
-4.45984
11
8.50571
21
-4.45984
0
LINE
8
BLACK
6
CONTINUOUS
10
8.50571
20
-4.45984
11
8.50774
21
-4.46025
0
LINE
8
BLACK
6
CONTINUOUS
10
8.50774
20
-4.46025
11
8.50947
21
-4.4614
0
LINE
8
BLACK
6
CONTINUOUS
10
8.50947
20
-4.4614
11
8.51062
21
-4.46312
0
LINE
8
BLACK
6
CONTINUOUS
10
8.51062
20
-4.46312
11
8.51102
21
-4.46516
0
LINE
8
BLACK
6
CONTINUOUS
10
8.51102
20
-4.46516
11
8.51102
21
-4.46752
0
LINE
8
BLACK
6
CONTINUOUS
10
8.51102
20
-4.46752
11
8.51292
21
-4.46752
0
LINE
8
BLACK
6
CONTINUOUS
10
8.51292
20
-4.46752
11
8.52795
21
-4.45249
0
LINE
8
BLACK
6
CONTINUOUS
10
8.52795
20
-4.45249
11
8.52795
21
-4.44154
0
LINE
8
BLACK
6
CONTINUOUS
10
8.52795
20
-4.44154
11
8.52836
21
-4.4395
0
LINE
8
BLACK
6
CONTINUOUS
10
8.52836
20
-4.4395
11
8.52951
21
-4.43778
0
LINE
8
BLACK
6
CONTINUOUS
10
8.52951
20
-4.43778
11
8.53123
21
-4.43663
0
LINE
8
BLACK
6
CONTINUOUS
10
8.53123
20
-4.43663
11
8.53327
21
-4.43622
0
LINE
8
BLACK
6
CONTINUOUS
10
8.53327
20
-4.43622
11
8.53366
21
-4.43622
0
LINE
8
BLACK
6
CONTINUOUS
10
8.53366
20
-4.43622
11
8.53366
21
-4.41811
0
LINE
8
BLACK
6
CONTINUOUS
10
8.53366
20
-4.41811
11
8.53163
21
-4.41771
0
LINE
8
BLACK
6
CONTINUOUS
10
8.53163
20
-4.41771
11
8.5299
21
-4.41655
0
LINE
8
BLACK
6
CONTINUOUS
10
8.5299
20
-4.41655
11
8.52875
21
-4.41483
0
LINE
8
BLACK
6
CONTINUOUS
10
8.52875
20
-4.41483
11
8.52835
21
-4.4128
0
LINE
8
BLACK
6
CONTINUOUS
10
8.52835
20
-4.4128
11
8.52835
21
-4.39823
0
LINE
8
BLACK
6
CONTINUOUS
10
8.52835
20
-4.39823
11
8.52875
21
-4.39619
0
LINE
8
BLACK
6
CONTINUOUS
10
8.52875
20
-4.39619
11
8.5299
21
-4.39447
0
LINE
8
BLACK
6
CONTINUOUS
10
8.5299
20
-4.39447
11
8.53163
21
-4.39332
0
LINE
8
BLACK
6
CONTINUOUS
10
8.53163
20
-4.39332
11
8.53366
21
-4.39291
0
LINE
8
BLACK
6
CONTINUOUS
10
8.53366
20
-4.39291
11
8.53406
21
-4.39291
0
LINE
8
BLACK
6
CONTINUOUS
10
8.53406
20
-4.39291
11
8.53406
21
-4.3748
0
LINE
8
BLACK
6
CONTINUOUS
10
8.53406
20
-4.3748
11
8.53366
21
-4.3748
0
LINE
8
BLACK
6
CONTINUOUS
10
8.53366
20
-4.3748
11
8.53163
21
-4.3744
0
LINE
8
BLACK
6
CONTINUOUS
10
8.53163
20
-4.3744
11
8.5299
21
-4.37325
0
LINE
8
BLACK
6
CONTINUOUS
10
8.5299
20
-4.37325
11
8.52875
21
-4.37152
0
LINE
8
BLACK
6
CONTINUOUS
10
8.52875
20
-4.37152
11
8.52835
21
-4.36949
0
LINE
8
BLACK
6
CONTINUOUS
10
8.52835
20
-4.36949
11
8.52835
21
-4.35492
0
LINE
8
BLACK
6
CONTINUOUS
10
8.52835
20
-4.35492
11
8.52875
21
-4.35289
0
LINE
8
BLACK
6
CONTINUOUS
10
8.52875
20
-4.35289
11
8.5299
21
-4.35116
0
LINE
8
BLACK
6
CONTINUOUS
10
8.5299
20
-4.35116
11
8.53163
21
-4.35001
0
LINE
8
BLACK
6
CONTINUOUS
10
8.53163
20
-4.35001
11
8.53366
21
-4.34961
0
LINE
8
BLACK
6
CONTINUOUS
10
8.53366
20
-4.34961
11
8.53406
21
-4.34961
0
LINE
8
BLACK
6
CONTINUOUS
10
8.53406
20
-4.34961
11
8.53406
21
-4.3315
0
LINE
8
BLACK
6
CONTINUOUS
10
8.53406
20
-4.3315
11
8.53366
21
-4.3315
0
LINE
8
BLACK
6
CONTINUOUS
10
8.53366
20
-4.3315
11
8.53163
21
-4.33109
0
LINE
8
BLACK
6
CONTINUOUS
10
8.53163
20
-4.33109
11
8.5299
21
-4.32994
0
LINE
8
BLACK
6
CONTINUOUS
10
8.5299
20
-4.32994
11
8.52875
21
-4.32822
0
LINE
8
BLACK
6
CONTINUOUS
10
8.52875
20
-4.32822
11
8.52835
21
-4.32618
0
LINE
8
BLACK
6
CONTINUOUS
10
8.52835
20
-4.32618
11
8.52835
21
-4.31161
0
LINE
8
BLACK
6
CONTINUOUS
10
8.52835
20
-4.31161
11
8.52875
21
-4.30958
0
LINE
8
BLACK
6
CONTINUOUS
10
8.52875
20
-4.30958
11
8.5299
21
-4.30786
0
LINE
8
BLACK
6
CONTINUOUS
10
8.5299
20
-4.30786
11
8.53163
21
-4.3067
0
LINE
8
BLACK
6
CONTINUOUS
10
8.53163
20
-4.3067
11
8.53366
21
-4.3063
0
LINE
8
BLACK
6
CONTINUOUS
10
8.53366
20
-4.3063
11
8.53753
21
-4.3063
0
LINE
8
BLACK
6
CONTINUOUS
10
8.53753
20
-4.3063
11
8.5685
21
-4.27532
0
LINE
8
BLACK
6
CONTINUOUS
10
8.5685
20
-4.27532
11
8.5685
21
-4.26798
0
LINE
8
BLACK
6
CONTINUOUS
10
8.5685
20
-4.26798
11
8.51804
21
-4.21752
0
LINE
8
BLACK
6
CONTINUOUS
10
8.51804
20
-4.21752
11
8.40118
21
-4.21752
0
LINE
8
BLACK
6
CONTINUOUS
10
8.40118
20
-4.21752
11
8.40031
21
-4.21739
0
LINE
8
BLACK
6
CONTINUOUS
10
8.40031
20
-4.21739
11
8.40013
21
-4.21741
0
LINE
8
BLACK
6
CONTINUOUS
10
8.40013
20
-4.21741
11
8.40004
21
-4.21735
0
LINE
8
BLACK
6
CONTINUOUS
10
8.40004
20
-4.21735
11
8.39978
21
-4.21732
0
LINE
8
BLACK
6
CONTINUOUS
10
8.39978
20
-4.21732
11
8.39877
21
-4.21666
0
LINE
8
BLACK
6
CONTINUOUS
10
8.39877
20
-4.21666
11
8.3977
21
-4.21608
0
LINE
8
BLACK
6
CONTINUOUS
10
8.3977
20
-4.21608
11
8.37527
21
-4.19365
0
LINE
8
BLACK
6
CONTINUOUS
10
8.37527
20
-4.19365
11
8.375
21
-4.1937
0
LINE
8
BLACK
6
CONTINUOUS
10
8.375
20
-4.1937
11
8.36437
21
-4.1937
0
LINE
8
BLACK
6
CONTINUOUS
10
8.36437
20
-4.1937
11
8.36234
21
-4.1933
0
LINE
8
BLACK
6
CONTINUOUS
10
8.36234
20
-4.1933
11
8.36061
21
-4.19214
0
LINE
8
BLACK
6
CONTINUOUS
10
8.36061
20
-4.19214
11
8.35946
21
-4.19042
0
LINE
8
BLACK
6
CONTINUOUS
10
8.35946
20
-4.19042
11
8.35906
21
-4.18839
0
LINE
8
BLACK
6
CONTINUOUS
10
8.35906
20
-4.18839
11
8.35906
21
-4.18602
0
LINE
8
BLACK
6
CONTINUOUS
10
8.35906
20
-4.18602
11
8.32054
21
-4.18602
0
LINE
8
BLACK
6
CONTINUOUS
10
8.32054
20
-4.18602
11
8.24089
21
-4.26567
0
LINE
8
BLACK
6
CONTINUOUS
10
8.24089
20
-4.26567
11
8.24094
21
-4.26594
0
LINE
8
BLACK
6
CONTINUOUS
10
8.24094
20
-4.26594
11
8.24094
21
-4.27657
0
LINE
8
BLACK
6
CONTINUOUS
10
8.24094
20
-4.27657
11
8.24054
21
-4.27861
0
LINE
8
BLACK
6
CONTINUOUS
10
8.24054
20
-4.27861
11
8.23939
21
-4.28033
0
LINE
8
BLACK
6
CONTINUOUS
10
8.23939
20
-4.28033
11
8.23766
21
-4.28149
0
LINE
8
BLACK
6
CONTINUOUS
10
8.23766
20
-4.28149
11
8.23563
21
-4.28189
0
LINE
8
BLACK
6
CONTINUOUS
10
8.23563
20
-4.28189
11
8.22106
21
-4.28189
0
LINE
8
BLACK
6
CONTINUOUS
10
8.22106
20
-4.28189
11
8.21903
21
-4.28149
0
LINE
8
BLACK
6
CONTINUOUS
10
8.21903
20
-4.28149
11
8.2173
21
-4.28033
0
LINE
8
BLACK
6
CONTINUOUS
10
8.2173
20
-4.28033
11
8.21615
21
-4.27861
0
LINE
8
BLACK
6
CONTINUOUS
10
8.21615
20
-4.27861
11
8.21575
21
-4.27657
0
LINE
8
BLACK
6
CONTINUOUS
10
8.21575
20
-4.27657
11
8.21575
21
-4.26594
0
LINE
8
BLACK
6
CONTINUOUS
10
8.21575
20
-4.26594
11
8.2158
21
-4.26567
0
LINE
8
BLACK
6
CONTINUOUS
10
8.2158
20
-4.26567
11
8.20802
21
-4.25789
0
LINE
8
BLACK
6
CONTINUOUS
10
8.20802
20
-4.25789
11
8.05218
21
-4.25789
0
LINE
8
BLACK
6
CONTINUOUS
10
8.05218
20
-4.25789
11
8.05132
21
-4.25777
0
LINE
8
BLACK
6
CONTINUOUS
10
8.05132
20
-4.25777
11
8.05114
21
-4.25778
0
LINE
8
BLACK
6
CONTINUOUS
10
8.05114
20
-4.25778
11
8.05104
21
-4.25773
0
LINE
8
BLACK
6
CONTINUOUS
10
8.05104
20
-4.25773
11
8.05079
21
-4.25769
0
LINE
8
BLACK
6
CONTINUOUS
10
8.05079
20
-4.25769
11
8.04977
21
-4.25703
0
LINE
8
BLACK
6
CONTINUOUS
10
8.04977
20
-4.25703
11
8.0487
21
-4.25645
0
LINE
8
BLACK
6
CONTINUOUS
10
8.0487
20
-4.25645
11
8.04829
21
-4.25604
0
LINE
8
BLACK
6
CONTINUOUS
10
8.04829
20
-4.25604
11
8.04621
21
-4.2571
0
LINE
8
BLACK
6
CONTINUOUS
10
8.04621
20
-4.2571
11
8.04134
21
-4.25787
0
LINE
8
BLACK
6
CONTINUOUS
10
8.04134
20
-4.25787
11
8.03647
21
-4.2571
0
LINE
8
BLACK
6
CONTINUOUS
10
8.03647
20
-4.2571
11
8.03208
21
-4.25487
0
LINE
8
BLACK
6
CONTINUOUS
10
8.03208
20
-4.25487
11
8.0286
21
-4.25138
0
LINE
8
BLACK
6
CONTINUOUS
10
8.0286
20
-4.25138
11
8.02636
21
-4.24699
0
LINE
8
BLACK
6
CONTINUOUS
10
8.02636
20
-4.24699
11
8.02559
21
-4.24213
0
LINE
8
BLACK
6
CONTINUOUS
10
8.02559
20
-4.24213
11
8.02636
21
-4.23726
0
LINE
8
BLACK
6
CONTINUOUS
10
8.02636
20
-4.23726
11
8.0286
21
-4.23287
0
LINE
8
BLACK
6
CONTINUOUS
10
8.0286
20
-4.23287
11
8.03208
21
-4.22939
0
LINE
8
BLACK
6
CONTINUOUS
10
8.03208
20
-4.22939
11
8.03647
21
-4.22715
0
LINE
8
BLACK
6
CONTINUOUS
10
8.03647
20
-4.22715
11
8.04134
21
-4.22638
0
LINE
8
BLACK
6
CONTINUOUS
10
8.04134
20
-4.22638
11
8.04621
21
-4.22715
0
LINE
8
BLACK
6
CONTINUOUS
10
8.04621
20
-4.22715
11
8.0506
21
-4.22939
0
LINE
8
BLACK
6
CONTINUOUS
10
8.0506
20
-4.22939
11
8.05408
21
-4.23287
0
LINE
8
BLACK
6
CONTINUOUS
10
8.05408
20
-4.23287
11
8.05632
21
-4.23726
0
LINE
8
BLACK
6
CONTINUOUS
10
8.05632
20
-4.23726
11
8.05709
21
-4.24213
0
LINE
8
BLACK
6
CONTINUOUS
10
8.05709
20
-4.24213
11
8.05632
21
-4.24699
0
LINE
8
BLACK
6
CONTINUOUS
10
8.05632
20
-4.24699
11
8.05578
21
-4.24805
0
LINE
8
BLACK
6
CONTINUOUS
10
8.05578
20
-4.24805
11
8.21006
21
-4.24805
0
LINE
8
BLACK
6
CONTINUOUS
10
8.21006
20
-4.24805
11
8.21093
21
-4.24818
0
LINE
8
BLACK
6
CONTINUOUS
10
8.21093
20
-4.24818
11
8.21111
21
-4.24816
0
LINE
8
BLACK
6
CONTINUOUS
10
8.21111
20
-4.24816
11
8.2112
21
-4.24822
0
LINE
8
BLACK
6
CONTINUOUS
10
8.2112
20
-4.24822
11
8.21146
21
-4.24825
0
LINE
8
BLACK
6
CONTINUOUS
10
8.21146
20
-4.24825
11
8.21247
21
-4.24891
0
LINE
8
BLACK
6
CONTINUOUS
10
8.21247
20
-4.24891
11
8.21354
21
-4.24949
0
LINE
8
BLACK
6
CONTINUOUS
10
8.21354
20
-4.24949
11
8.22468
21
-4.26063
0
LINE
8
BLACK
6
CONTINUOUS
10
8.22468
20
-4.26063
11
8.23202
21
-4.26063
0
LINE
8
BLACK
6
CONTINUOUS
10
8.23202
20
-4.26063
11
8.31502
21
-4.17762
0
LINE
8
BLACK
6
CONTINUOUS
10
8.31502
20
-4.17762
11
8.31573
21
-4.1771
0
LINE
8
BLACK
6
CONTINUOUS
10
8.31573
20
-4.1771
11
8.31585
21
-4.17696
0
LINE
8
BLACK
6
CONTINUOUS
10
8.31585
20
-4.17696
11
8.31595
21
-4.17693
0
LINE
8
BLACK
6
CONTINUOUS
10
8.31595
20
-4.17693
11
8.31616
21
-4.17678
0
LINE
8
BLACK
6
CONTINUOUS
10
8.31616
20
-4.17678
11
8.31734
21
-4.17652
0
LINE
8
BLACK
6
CONTINUOUS
10
8.31734
20
-4.17652
11
8.3185
21
-4.17618
0
LINE
8
BLACK
6
CONTINUOUS
10
8.3185
20
-4.17618
11
8.35906
21
-4.17618
0
LINE
8
BLACK
6
CONTINUOUS
10
8.35906
20
-4.17618
11
8.35906
21
-4.17382
0
LINE
8
BLACK
6
CONTINUOUS
10
8.35906
20
-4.17382
11
8.35946
21
-4.17178
0
LINE
8
BLACK
6
CONTINUOUS
10
8.35946
20
-4.17178
11
8.36061
21
-4.17006
0
LINE
8
BLACK
6
CONTINUOUS
10
8.36061
20
-4.17006
11
8.36234
21
-4.16891
0
LINE
8
BLACK
6
CONTINUOUS
10
8.36234
20
-4.16891
11
8.36437
21
-4.1685
0
LINE
8
BLACK
6
CONTINUOUS
10
8.36437
20
-4.1685
11
8.375
21
-4.1685
0
LINE
8
BLACK
6
CONTINUOUS
10
8.375
20
-4.1685
11
8.37703
21
-4.16891
0
LINE
8
BLACK
6
CONTINUOUS
10
8.37806
20
-4.63353
11
8.38445
21
-4.63637
0
LINE
8
BLACK
6
CONTINUOUS
10
8.38445
20
-4.63637
11
8.39011
21
-4.64049
0
LINE
8
BLACK
6
CONTINUOUS
10
8.39011
20
-4.64049
11
8.39479
21
-4.64568
0
LINE
8
BLACK
6
CONTINUOUS
10
8.39479
20
-4.64568
11
8.39829
21
-4.65174
0
LINE
8
BLACK
6
CONTINUOUS
10
8.39829
20
-4.65174
11
8.40045
21
-4.6584
0
LINE
8
BLACK
6
CONTINUOUS
10
8.40045
20
-4.6584
11
8.40118
21
-4.66535
0
LINE
8
BLACK
6
CONTINUOUS
10
8.40118
20
-4.66535
11
8.40045
21
-4.67231
0
LINE
8
BLACK
6
CONTINUOUS
10
8.40045
20
-4.67231
11
8.39829
21
-4.67897
0
LINE
8
BLACK
6
CONTINUOUS
10
8.39829
20
-4.67897
11
8.39479
21
-4.68502
0
LINE
8
BLACK
6
CONTINUOUS
10
8.39479
20
-4.68502
11
8.39011
21
-4.69022
0
LINE
8
BLACK
6
CONTINUOUS
10
8.39011
20
-4.69022
11
8.38445
21
-4.69434
0
LINE
8
BLACK
6
CONTINUOUS
10
8.38445
20
-4.69434
11
8.37806
21
-4.69718
0
LINE
8
BLACK
6
CONTINUOUS
10
8.37806
20
-4.69718
11
8.37121
21
-4.69864
0
LINE
8
BLACK
6
CONTINUOUS
10
8.37121
20
-4.69864
11
8.36422
21
-4.69864
0
LINE
8
BLACK
6
CONTINUOUS
10
8.36422
20
-4.69864
11
8.35738
21
-4.69718
0
LINE
8
BLACK
6
CONTINUOUS
10
8.35738
20
-4.69718
11
8.35098
21
-4.69434
0
LINE
8
BLACK
6
CONTINUOUS
10
8.35098
20
-4.69434
11
8.34532
21
-4.69022
0
LINE
8
BLACK
6
CONTINUOUS
10
8.34532
20
-4.69022
11
8.34064
21
-4.68502
0
LINE
8
BLACK
6
CONTINUOUS
10
8.34064
20
-4.68502
11
8.33715
21
-4.67897
0
LINE
8
BLACK
6
CONTINUOUS
10
8.33715
20
-4.67897
11
8.33498
21
-4.67231
0
LINE
8
BLACK
6
CONTINUOUS
10
8.33498
20
-4.67231
11
8.33425
21
-4.66535
0
LINE
8
BLACK
6
CONTINUOUS
10
8.33425
20
-4.66535
11
8.33498
21
-4.6584
0
LINE
8
BLACK
6
CONTINUOUS
10
8.33498
20
-4.6584
11
8.33715
21
-4.65174
0
LINE
8
BLACK
6
CONTINUOUS
10
8.33715
20
-4.65174
11
8.34064
21
-4.64568
0
LINE
8
BLACK
6
CONTINUOUS
10
8.34064
20
-4.64568
11
8.34532
21
-4.64049
0
LINE
8
BLACK
6
CONTINUOUS
10
8.34532
20
-4.64049
11
8.35098
21
-4.63637
0
LINE
8
BLACK
6
CONTINUOUS
10
8.35098
20
-4.63637
11
8.35738
21
-4.63353
0
LINE
8
BLACK
6
CONTINUOUS
10
8.35738
20
-4.63353
11
8.36422
21
-4.63207
0
LINE
8
BLACK
6
CONTINUOUS
10
8.36422
20
-4.63207
11
8.37121
21
-4.63207
0
LINE
8
BLACK
6
CONTINUOUS
10
8.37121
20
-4.63207
11
8.37806
21
-4.63353
0
LINE
8
BLACK
6
CONTINUOUS
10
8.41722
20
-4.43117
11
8.42245
21
-4.43313
0
LINE
8
BLACK
6
CONTINUOUS
10
8.42245
20
-4.43313
11
8.42691
21
-4.43647
0
LINE
8
BLACK
6
CONTINUOUS
10
8.42691
20
-4.43647
11
8.43026
21
-4.44094
0
LINE
8
BLACK
6
CONTINUOUS
10
8.43026
20
-4.44094
11
8.43222
21
-4.44617
0
LINE
8
BLACK
6
CONTINUOUS
10
8.43222
20
-4.44617
11
8.43268
21
-4.45039
0
LINE
8
BLACK
6
CONTINUOUS
10
8.43268
20
-4.45039
11
8.43268
21
-4.46516
0
LINE
8
BLACK
6
CONTINUOUS
10
8.43268
20
-4.46516
11
8.44961
21
-4.46516
0
LINE
8
BLACK
6
CONTINUOUS
10
8.44961
20
-4.46516
11
8.45001
21
-4.46312
0
LINE
8
BLACK
6
CONTINUOUS
10
8.45001
20
-4.46312
11
8.45116
21
-4.4614
0
LINE
8
BLACK
6
CONTINUOUS
10
8.45116
20
-4.4614
11
8.45289
21
-4.46025
0
LINE
8
BLACK
6
CONTINUOUS
10
8.45289
20
-4.46025
11
8.45492
21
-4.45984
0
LINE
8
BLACK
6
CONTINUOUS
10
8.45492
20
-4.45984
11
8.46555
21
-4.45984
0
LINE
8
BLACK
6
CONTINUOUS
10
8.46555
20
-4.45984
11
8.46759
21
-4.46025
0
LINE
8
BLACK
6
CONTINUOUS
10
8.46759
20
-4.46025
11
8.46931
21
-4.4614
0
LINE
8
BLACK
6
CONTINUOUS
10
8.46931
20
-4.4614
11
8.47046
21
-4.46312
0
LINE
8
BLACK
6
CONTINUOUS
10
8.47046
20
-4.46312
11
8.47087
21
-4.46516
0
LINE
8
BLACK
6
CONTINUOUS
10
8.47087
20
-4.46516
11
8.47087
21
-4.47972
0
LINE
8
BLACK
6
CONTINUOUS
10
8.47087
20
-4.47972
11
8.47046
21
-4.48176
0
LINE
8
BLACK
6
CONTINUOUS
10
8.47046
20
-4.48176
11
8.46931
21
-4.48348
0
LINE
8
BLACK
6
CONTINUOUS
10
8.46931
20
-4.48348
11
8.46759
21
-4.48463
0
LINE
8
BLACK
6
CONTINUOUS
10
8.46759
20
-4.48463
11
8.46555
21
-4.48504
0
LINE
8
BLACK
6
CONTINUOUS
10
8.46555
20
-4.48504
11
8.46516
21
-4.48504
0
LINE
8
BLACK
6
CONTINUOUS
10
8.46516
20
-4.48504
11
8.46516
21
-4.50315
0
LINE
8
BLACK
6
CONTINUOUS
10
8.46516
20
-4.50315
11
8.46555
21
-4.50315
0
LINE
8
BLACK
6
CONTINUOUS
10
8.46555
20
-4.50315
11
8.46759
21
-4.50355
0
LINE
8
BLACK
6
CONTINUOUS
10
8.46759
20
-4.50355
11
8.46931
21
-4.50471
0
LINE
8
BLACK
6
CONTINUOUS
10
8.46931
20
-4.50471
11
8.47046
21
-4.50643
0
LINE
8
BLACK
6
CONTINUOUS
10
8.47046
20
-4.50643
11
8.47087
21
-4.50846
0
LINE
8
BLACK
6
CONTINUOUS
10
8.47087
20
-4.50846
11
8.47087
21
-4.52303
0
LINE
8
BLACK
6
CONTINUOUS
10
8.47087
20
-4.52303
11
8.47046
21
-4.52507
0
LINE
8
BLACK
6
CONTINUOUS
10
8.47046
20
-4.52507
11
8.46931
21
-4.52679
0
LINE
8
BLACK
6
CONTINUOUS
10
8.46931
20
-4.52679
11
8.46759
21
-4.52794
0
LINE
8
BLACK
6
CONTINUOUS
10
8.46759
20
-4.52794
11
8.46555
21
-4.52835
0
LINE
8
BLACK
6
CONTINUOUS
10
8.46555
20
-4.52835
11
8.45492
21
-4.52835
0
LINE
8
BLACK
6
CONTINUOUS
10
8.45492
20
-4.52835
11
8.45289
21
-4.52794
0
LINE
8
BLACK
6
CONTINUOUS
10
8.45289
20
-4.52794
11
8.45116
21
-4.52679
0
LINE
8
BLACK
6
CONTINUOUS
10
8.45116
20
-4.52679
11
8.45001
21
-4.52507
0
LINE
8
BLACK
6
CONTINUOUS
10
8.45001
20
-4.52507
11
8.44961
21
-4.52303
0
LINE
8
BLACK
6
CONTINUOUS
10
8.44961
20
-4.52303
11
8.44961
21
-4.50846
0
LINE
8
BLACK
6
CONTINUOUS
10
8.44961
20
-4.50846
11
8.45001
21
-4.50643
0
LINE
8
BLACK
6
CONTINUOUS
10
8.45001
20
-4.50643
11
8.45116
21
-4.50471
0
LINE
8
BLACK
6
CONTINUOUS
10
8.45116
20
-4.50471
11
8.45289
21
-4.50355
0
LINE
8
BLACK
6
CONTINUOUS
10
8.45289
20
-4.50355
11
8.45492
21
-4.50315
0
LINE
8
BLACK
6
CONTINUOUS
10
8.45492
20
-4.50315
11
8.45531
21
-4.50315
0
LINE
8
BLACK
6
CONTINUOUS
10
8.45531
20
-4.50315
11
8.45531
21
-4.48504
0
LINE
8
BLACK
6
CONTINUOUS
10
8.45531
20
-4.48504
11
8.45492
21
-4.48504
0
LINE
8
BLACK
6
CONTINUOUS
10
8.45492
20
-4.48504
11
8.45289
21
-4.48463
0
LINE
8
BLACK
6
CONTINUOUS
10
8.45289
20
-4.48463
11
8.45116
21
-4.48348
0
LINE
8
BLACK
6
CONTINUOUS
10
8.45116
20
-4.48348
11
8.45001
21
-4.48176
0
LINE
8
BLACK
6
CONTINUOUS
10
8.45001
20
-4.48176
11
8.44961
21
-4.47972
0
LINE
8
BLACK
6
CONTINUOUS
10
8.44961
20
-4.47972
11
8.44961
21
-4.475
0
LINE
8
BLACK
6
CONTINUOUS
10
8.44961
20
-4.475
11
8.43268
21
-4.475
0
LINE
8
BLACK
6
CONTINUOUS
10
8.43268
20
-4.475
11
8.43268
21
-4.48976
0
LINE
8
BLACK
6
CONTINUOUS
10
8.43268
20
-4.48976
11
8.43222
21
-4.49399
0
LINE
8
BLACK
6
CONTINUOUS
10
8.43222
20
-4.49399
11
8.43026
21
-4.49922
0
LINE
8
BLACK
6
CONTINUOUS
10
8.43026
20
-4.49922
11
8.42691
21
-4.50368
0
LINE
8
BLACK
6
CONTINUOUS
10
8.42691
20
-4.50368
11
8.42245
21
-4.50703
0
LINE
8
BLACK
6
CONTINUOUS
10
8.42245
20
-4.50703
11
8.41722
21
-4.50899
0
LINE
8
BLACK
6
CONTINUOUS
10
8.41722
20
-4.50899
11
8.41299
21
-4.50945
0
LINE
8
BLACK
6
CONTINUOUS
10
8.41299
20
-4.50945
11
8.37362
21
-4.50945
0
LINE
8
BLACK
6
CONTINUOUS
10
8.37362
20
-4.50945
11
8.36939
21
-4.50899
0
LINE
8
BLACK
6
CONTINUOUS
10
8.36939
20
-4.50899
11
8.36417
21
-4.50703
0
LINE
8
BLACK
6
CONTINUOUS
10
8.36417
20
-4.50703
11
8.3597
21
-4.50368
0
LINE
8
BLACK
6
CONTINUOUS
10
8.3597
20
-4.50368
11
8.35636
21
-4.49922
0
LINE
8
BLACK
6
CONTINUOUS
10
8.35636
20
-4.49922
11
8.3544
21
-4.49399
0
LINE
8
BLACK
6
CONTINUOUS
10
8.3544
20
-4.49399
11
8.35394
21
-4.48976
0
LINE
8
BLACK
6
CONTINUOUS
10
8.35394
20
-4.48976
11
8.35394
21
-4.45039
0
LINE
8
BLACK
6
CONTINUOUS
10
8.35394
20
-4.45039
11
8.3544
21
-4.44617
0
LINE
8
BLACK
6
CONTINUOUS
10
8.3544
20
-4.44617
11
8.35636
21
-4.44094
0
LINE
8
BLACK
6
CONTINUOUS
10
8.35636
20
-4.44094
11
8.3597
21
-4.43647
0
LINE
8
BLACK
6
CONTINUOUS
10
8.3597
20
-4.43647
11
8.36417
21
-4.43313
0
LINE
8
BLACK
6
CONTINUOUS
10
8.36417
20
-4.43313
11
8.36939
21
-4.43117
0
LINE
8
BLACK
6
CONTINUOUS
10
8.36939
20
-4.43117
11
8.37362
21
-4.43071
0
LINE
8
BLACK
6
CONTINUOUS
10
8.37362
20
-4.43071
11
8.41299
21
-4.43071
0
LINE
8
BLACK
6
CONTINUOUS
10
8.41299
20
-4.43071
11
8.41722
21
-4.43117
0
LINE
8
BLACK
6
CONTINUOUS
10
8.71722
20
-4.43117
11
8.72245
21
-4.43313
0
LINE
8
BLACK
6
CONTINUOUS
10
8.72245
20
-4.43313
11
8.72691
21
-4.43647
0
LINE
8
BLACK
6
CONTINUOUS
10
8.72691
20
-4.43647
11
8.73026
21
-4.44094
0
LINE
8
BLACK
6
CONTINUOUS
10
8.73026
20
-4.44094
11
8.73222
21
-4.44617
0
LINE
8
BLACK
6
CONTINUOUS
10
8.73222
20
-4.44617
11
8.73268
21
-4.45039
0
LINE
8
BLACK
6
CONTINUOUS
10
8.73268
20
-4.45039
11
8.73268
21
-4.48976
0
LINE
8
BLACK
6
CONTINUOUS
10
8.73268
20
-4.48976
11
8.73222
21
-4.49399
0
LINE
8
BLACK
6
CONTINUOUS
10
8.73222
20
-4.49399
11
8.73026
21
-4.49922
0
LINE
8
BLACK
6
CONTINUOUS
10
8.73026
20
-4.49922
11
8.72691
21
-4.50368
0
LINE
8
BLACK
6
CONTINUOUS
10
8.72691
20
-4.50368
11
8.72245
21
-4.50703
0
LINE
8
BLACK
6
CONTINUOUS
10
8.72245
20
-4.50703
11
8.71722
21
-4.50899
0
LINE
8
BLACK
6
CONTINUOUS
10
8.71722
20
-4.50899
11
8.71299
21
-4.50945
0
LINE
8
BLACK
6
CONTINUOUS
10
8.71299
20
-4.50945
11
8.67362
21
-4.50945
0
LINE
8
BLACK
6
CONTINUOUS
10
8.67362
20
-4.50945
11
8.66939
21
-4.50899
0
LINE
8
BLACK
6
CONTINUOUS
10
8.66939
20
-4.50899
11
8.66417
21
-4.50703
0
LINE
8
BLACK
6
CONTINUOUS
10
8.66417
20
-4.50703
11
8.6597
21
-4.50368
0
LINE
8
BLACK
6
CONTINUOUS
10
8.6597
20
-4.50368
11
8.65768
21
-4.50098
0
LINE
8
BLACK
6
CONTINUOUS
10
8.65768
20
-4.50098
11
8.63701
21
-4.50098
0
LINE
8
BLACK
6
CONTINUOUS
10
8.63701
20
-4.50098
11
8.63701
21
-4.50335
0
LINE
8
BLACK
6
CONTINUOUS
10
8.63701
20
-4.50335
11
8.6366
21
-4.50538
0
LINE
8
BLACK
6
CONTINUOUS
10
8.6366
20
-4.50538
11
8.63545
21
-4.5071
0
LINE
8
BLACK
6
CONTINUOUS
10
8.63545
20
-4.5071
11
8.63373
21
-4.50826
0
LINE
8
BLACK
6
CONTINUOUS
10
8.63373
20
-4.50826
11
8.63169
21
-4.50866
0
LINE
8
BLACK
6
CONTINUOUS
10
8.63169
20
-4.50866
11
8.62106
21
-4.50866
0
LINE
8
BLACK
6
CONTINUOUS
10
8.62106
20
-4.50866
11
8.61903
21
-4.50826
0
LINE
8
BLACK
6
CONTINUOUS
10
8.61903
20
-4.50826
11
8.6173
21
-4.5071
0
LINE
8
BLACK
6
CONTINUOUS
10
8.6173
20
-4.5071
11
8.61615
21
-4.50538
0
LINE
8
BLACK
6
CONTINUOUS
10
8.61615
20
-4.50538
11
8.61575
21
-4.50335
0
LINE
8
BLACK
6
CONTINUOUS
10
8.61575
20
-4.50335
11
8.61575
21
-4.48878
0
LINE
8
BLACK
6
CONTINUOUS
10
8.61575
20
-4.48878
11
8.61615
21
-4.48675
0
LINE
8
BLACK
6
CONTINUOUS
10
8.61615
20
-4.48675
11
8.6173
21
-4.48502
0
LINE
8
BLACK
6
CONTINUOUS
10
8.6173
20
-4.48502
11
8.61903
21
-4.48387
0
LINE
8
BLACK
6
CONTINUOUS
10
8.61903
20
-4.48387
11
8.62106
21
-4.48346
0
LINE
8
BLACK
6
CONTINUOUS
10
8.62106
20
-4.48346
11
8.63169
21
-4.48346
0
LINE
8
BLACK
6
CONTINUOUS
10
8.63169
20
-4.48346
11
8.63373
21
-4.48387
0
LINE
8
BLACK
6
CONTINUOUS
10
8.63373
20
-4.48387
11
8.63545
21
-4.48502
0
LINE
8
BLACK
6
CONTINUOUS
10
8.63545
20
-4.48502
11
8.6366
21
-4.48675
0
LINE
8
BLACK
6
CONTINUOUS
10
8.6366
20
-4.48675
11
8.63701
21
-4.48878
0
LINE
8
BLACK
6
CONTINUOUS
10
8.63701
20
-4.48878
11
8.63701
21
-4.49114
0
LINE
8
BLACK
6
CONTINUOUS
10
8.63701
20
-4.49114
11
8.65409
21
-4.49114
0
LINE
8
BLACK
6
CONTINUOUS
10
8.65409
20
-4.49114
11
8.65394
21
-4.48976
0
LINE
8
BLACK
6
CONTINUOUS
10
8.65394
20
-4.48976
11
8.65394
21
-4.45039
0
LINE
8
BLACK
6
CONTINUOUS
10
8.65394
20
-4.45039
11
8.6544
21
-4.44617
0
LINE
8
BLACK
6
CONTINUOUS
10
8.6544
20
-4.44617
11
8.65636
21
-4.44094
0
LINE
8
BLACK
6
CONTINUOUS
10
8.65636
20
-4.44094
11
8.6597
21
-4.43647
0
LINE
8
BLACK
6
CONTINUOUS
10
8.6597
20
-4.43647
11
8.66417
21
-4.43313
0
LINE
8
BLACK
6
CONTINUOUS
10
8.66417
20
-4.43313
11
8.66939
21
-4.43117
0
LINE
8
BLACK
6
CONTINUOUS
10
8.66939
20
-4.43117
11
8.67362
21
-4.43071
0
LINE
8
BLACK
6
CONTINUOUS
10
8.67362
20
-4.43071
11
8.71299
21
-4.43071
0
LINE
8
BLACK
6
CONTINUOUS
10
8.71299
20
-4.43071
11
8.71722
21
-4.43117
0
LINE
8
BLACK
6
CONTINUOUS
10
8.1854
20
-4.42366
11
8.18943
21
-4.42554
0
LINE
8
BLACK
6
CONTINUOUS
10
8.18943
20
-4.42554
11
8.19257
21
-4.42868
0
LINE
8
BLACK
6
CONTINUOUS
10
8.19257
20
-4.42868
11
8.19445
21
-4.43271
0
LINE
8
BLACK
6
CONTINUOUS
10
8.19445
20
-4.43271
11
8.19488
21
-4.43602
0
LINE
8
BLACK
6
CONTINUOUS
10
8.19488
20
-4.43602
11
8.19488
21
-4.4498
0
LINE
8
BLACK
6
CONTINUOUS
10
8.19488
20
-4.4498
11
8.23917
21
-4.4498
0
LINE
8
BLACK
6
CONTINUOUS
10
8.23917
20
-4.4498
11
8.23917
21
-4.44488
0
LINE
8
BLACK
6
CONTINUOUS
10
8.23917
20
-4.44488
11
8.23992
21
-4.44112
0
LINE
8
BLACK
6
CONTINUOUS
10
8.23992
20
-4.44112
11
8.24206
21
-4.43792
0
LINE
8
BLACK
6
CONTINUOUS
10
8.24206
20
-4.43792
11
8.24525
21
-4.43579
0
LINE
8
BLACK
6
CONTINUOUS
10
8.24525
20
-4.43579
11
8.24902
21
-4.43504
0
LINE
8
BLACK
6
CONTINUOUS
10
8.24902
20
-4.43504
11
8.28642
21
-4.43504
0
LINE
8
BLACK
6
CONTINUOUS
10
8.28642
20
-4.43504
11
8.29018
21
-4.43579
0
LINE
8
BLACK
6
CONTINUOUS
10
8.29018
20
-4.43579
11
8.29338
21
-4.43792
0
LINE
8
BLACK
6
CONTINUOUS
10
8.29338
20
-4.43792
11
8.29551
21
-4.44112
0
LINE
8
BLACK
6
CONTINUOUS
10
8.29551
20
-4.44112
11
8.29626
21
-4.44488
0
LINE
8
BLACK
6
CONTINUOUS
10
8.29626
20
-4.44488
11
8.29626
21
-4.46457
0
LINE
8
BLACK
6
CONTINUOUS
10
8.29626
20
-4.46457
11
8.29551
21
-4.46833
0
LINE
8
BLACK
6
CONTINUOUS
10
8.29551
20
-4.46833
11
8.29338
21
-4.47153
0
LINE
8
BLACK
6
CONTINUOUS
10
8.29338
20
-4.47153
11
8.29018
21
-4.47366
0
LINE
8
BLACK
6
CONTINUOUS
10
8.29018
20
-4.47366
11
8.28642
21
-4.47441
0
LINE
8
BLACK
6
CONTINUOUS
10
8.28642
20
-4.47441
11
8.24902
21
-4.47441
0
LINE
8
BLACK
6
CONTINUOUS
10
8.24902
20
-4.47441
11
8.24525
21
-4.47366
0
LINE
8
BLACK
6
CONTINUOUS
10
8.24525
20
-4.47366
11
8.24206
21
-4.47153
0
LINE
8
BLACK
6
CONTINUOUS
10
8.24206
20
-4.47153
11
8.23992
21
-4.46833
0
LINE
8
BLACK
6
CONTINUOUS
10
8.23992
20
-4.46833
11
8.23917
21
-4.46457
0
LINE
8
BLACK
6
CONTINUOUS
10
8.23917
20
-4.46457
11
8.23917
21
-4.45965
0
LINE
8
BLACK
6
CONTINUOUS
10
8.23917
20
-4.45965
11
8.19488
21
-4.45965
0
LINE
8
BLACK
6
CONTINUOUS
10
8.19488
20
-4.45965
11
8.19488
21
-4.46161
0
LINE
8
BLACK
6
CONTINUOUS
10
8.19488
20
-4.46161
11
8.19445
21
-4.46493
0
LINE
8
BLACK
6
CONTINUOUS
10
8.19445
20
-4.46493
11
8.19257
21
-4.46895
0
LINE
8
BLACK
6
CONTINUOUS
10
8.19257
20
-4.46895
11
8.18943
21
-4.4721
0
LINE
8
BLACK
6
CONTINUOUS
10
8.18943
20
-4.4721
11
8.1854
21
-4.47397
0
LINE
8
BLACK
6
CONTINUOUS
10
8.1854
20
-4.47397
11
8.18209
21
-4.47441
0
LINE
8
BLACK
6
CONTINUOUS
10
8.18209
20
-4.47441
11
8.1565
21
-4.47441
0
LINE
8
BLACK
6
CONTINUOUS
10
8.1565
20
-4.47441
11
8.15318
21
-4.47397
0
LINE
8
BLACK
6
CONTINUOUS
10
8.15318
20
-4.47397
11
8.14916
21
-4.4721
0
LINE
8
BLACK
6
CONTINUOUS
10
8.14916
20
-4.4721
11
8.14601
21
-4.46895
0
LINE
8
BLACK
6
CONTINUOUS
10
8.14601
20
-4.46895
11
8.14414
21
-4.46493
0
LINE
8
BLACK
6
CONTINUOUS
10
8.14414
20
-4.46493
11
8.1437
21
-4.46161
0
LINE
8
BLACK
6
CONTINUOUS
10
8.1437
20
-4.46161
11
8.1437
21
-4.43602
0
LINE
8
BLACK
6
CONTINUOUS
10
8.1437
20
-4.43602
11
8.14414
21
-4.43271
0
LINE
8
BLACK
6
CONTINUOUS
10
8.14414
20
-4.43271
11
8.14601
21
-4.42868
0
LINE
8
BLACK
6
CONTINUOUS
10
8.14601
20
-4.42868
11
8.14916
21
-4.42554
0
LINE
8
BLACK
6
CONTINUOUS
10
8.14916
20
-4.42554
11
8.15318
21
-4.42366
0
LINE
8
BLACK
6
CONTINUOUS
10
8.15318
20
-4.42366
11
8.1565
21
-4.42323
0
LINE
8
BLACK
6
CONTINUOUS
10
8.1565
20
-4.42323
11
8.18209
21
-4.42323
0
LINE
8
BLACK
6
CONTINUOUS
10
8.18209
20
-4.42323
11
8.1854
21
-4.42366
0
LINE
8
BLACK
6
CONTINUOUS
10
8.00823
20
-4.42366
11
8.01226
21
-4.42554
0
LINE
8
BLACK
6
CONTINUOUS
10
8.01226
20
-4.42554
11
8.0154
21
-4.42868
0
LINE
8
BLACK
6
CONTINUOUS
10
8.0154
20
-4.42868
11
8.01728
21
-4.43271
0
LINE
8
BLACK
6
CONTINUOUS
10
8.01728
20
-4.43271
11
8.01772
21
-4.43602
0
LINE
8
BLACK
6
CONTINUOUS
10
8.01772
20
-4.43602
11
8.01772
21
-4.46161
0
LINE
8
BLACK
6
CONTINUOUS
10
8.01772
20
-4.46161
11
8.01728
21
-4.46493
0
LINE
8
BLACK
6
CONTINUOUS
10
8.01728
20
-4.46493
11
8.0154
21
-4.46895
0
LINE
8
BLACK
6
CONTINUOUS
10
8.0154
20
-4.46895
11
8.01226
21
-4.4721
0
LINE
8
BLACK
6
CONTINUOUS
10
8.01226
20
-4.4721
11
8.00823
21
-4.47397
0
LINE
8
BLACK
6
CONTINUOUS
10
8.00823
20
-4.47397
11
8.00492
21
-4.47441
0
LINE
8
BLACK
6
CONTINUOUS
10
8.00492
20
-4.47441
11
7.97933
21
-4.47441
0
LINE
8
BLACK
6
CONTINUOUS
10
7.97933
20
-4.47441
11
7.97602
21
-4.47397
0
LINE
8
BLACK
6
CONTINUOUS
10
7.97602
20
-4.47397
11
7.97199
21
-4.4721
0
LINE
8
BLACK
6
CONTINUOUS
10
7.97199
20
-4.4721
11
7.96885
21
-4.46895
0
LINE
8
BLACK
6
CONTINUOUS
10
7.96885
20
-4.46895
11
7.96697
21
-4.46493
0
LINE
8
BLACK
6
CONTINUOUS
10
7.96697
20
-4.46493
11
7.96654
21
-4.46161
0
LINE
8
BLACK
6
CONTINUOUS
10
7.96654
20
-4.46161
11
7.96654
21
-4.43602
0
LINE
8
BLACK
6
CONTINUOUS
10
7.96654
20
-4.43602
11
7.96697
21
-4.43271
0
LINE
8
BLACK
6
CONTINUOUS
10
7.96697
20
-4.43271
11
7.96885
21
-4.42868
0
LINE
8
BLACK
6
CONTINUOUS
10
7.96885
20
-4.42868
11
7.97199
21
-4.42554
0
LINE
8
BLACK
6
CONTINUOUS
10
7.97199
20
-4.42554
11
7.97602
21
-4.42366
0
LINE
8
BLACK
6
CONTINUOUS
10
7.97602
20
-4.42366
11
7.97933
21
-4.42323
0
LINE
8
BLACK
6
CONTINUOUS
10
7.97933
20
-4.42323
11
8.00492
21
-4.42323
0
LINE
8
BLACK
6
CONTINUOUS
10
8.00492
20
-4.42323
11
8.00823
21
-4.42366
0
LINE
8
BLACK
6
CONTINUOUS
10
8.71722
20
-4.23117
11
8.72245
21
-4.23313
0
LINE
8
BLACK
6
CONTINUOUS
10
8.72245
20
-4.23313
11
8.72691
21
-4.23647
0
LINE
8
BLACK
6
CONTINUOUS
10
8.72691
20
-4.23647
11
8.73026
21
-4.24094
0
LINE
8
BLACK
6
CONTINUOUS
10
8.73026
20
-4.24094
11
8.73222
21
-4.24617
0
LINE
8
BLACK
6
CONTINUOUS
10
8.73222
20
-4.24617
11
8.73268
21
-4.25039
0
LINE
8
BLACK
6
CONTINUOUS
10
8.73268
20
-4.25039
11
8.73268
21
-4.28976
0
LINE
8
BLACK
6
CONTINUOUS
10
8.73268
20
-4.28976
11
8.73222
21
-4.29399
0
LINE
8
BLACK
6
CONTINUOUS
10
8.73222
20
-4.29399
11
8.73026
21
-4.29922
0
LINE
8
BLACK
6
CONTINUOUS
10
8.73026
20
-4.29922
11
8.72691
21
-4.30368
0
LINE
8
BLACK
6
CONTINUOUS
10
8.72691
20
-4.30368
11
8.72245
21
-4.30703
0
LINE
8
BLACK
6
CONTINUOUS
10
8.72245
20
-4.30703
11
8.71722
21
-4.30899
0
LINE
8
BLACK
6
CONTINUOUS
10
8.71722
20
-4.30899
11
8.71299
21
-4.30945
0
LINE
8
BLACK
6
CONTINUOUS
10
8.71299
20
-4.30945
11
8.67362
21
-4.30945
0
LINE
8
BLACK
6
CONTINUOUS
10
8.67362
20
-4.30945
11
8.66939
21
-4.30899
0
LINE
8
BLACK
6
CONTINUOUS
10
8.66939
20
-4.30899
11
8.66417
21
-4.30703
0
LINE
8
BLACK
6
CONTINUOUS
10
8.66417
20
-4.30703
11
8.66368
21
-4.30666
0
LINE
8
BLACK
6
CONTINUOUS
10
8.66368
20
-4.30666
11
8.64797
21
-4.32238
0
LINE
8
BLACK
6
CONTINUOUS
10
8.64797
20
-4.32238
11
8.64727
21
-4.3229
0
LINE
8
BLACK
6
CONTINUOUS
10
8.64727
20
-4.3229
11
8.64715
21
-4.32304
0
LINE
8
BLACK
6
CONTINUOUS
10
8.64715
20
-4.32304
11
8.64704
21
-4.32307
0
LINE
8
BLACK
6
CONTINUOUS
10
8.64704
20
-4.32307
11
8.64684
21
-4.32322
0
LINE
8
BLACK
6
CONTINUOUS
10
8.64684
20
-4.32322
11
8.64565
21
-4.32348
0
LINE
8
BLACK
6
CONTINUOUS
10
8.64565
20
-4.32348
11
8.64449
21
-4.32382
0
LINE
8
BLACK
6
CONTINUOUS
10
8.64449
20
-4.32382
11
8.58976
21
-4.32382
0
LINE
8
BLACK
6
CONTINUOUS
10
8.58976
20
-4.32382
11
8.58976
21
-4.32618
0
LINE
8
BLACK
6
CONTINUOUS
10
8.58976
20
-4.32618
11
8.58936
21
-4.32822
0
LINE
8
BLACK
6
CONTINUOUS
10
8.58936
20
-4.32822
11
8.58821
21
-4.32994
0
LINE
8
BLACK
6
CONTINUOUS
10
8.58821
20
-4.32994
11
8.58648
21
-4.33109
0
LINE
8
BLACK
6
CONTINUOUS
10
8.58648
20
-4.33109
11
8.58445
21
-4.3315
0
LINE
8
BLACK
6
CONTINUOUS
10
8.58445
20
-4.3315
11
8.58406
21
-4.3315
0
LINE
8
BLACK
6
CONTINUOUS
10
8.58406
20
-4.3315
11
8.58406
21
-4.34961
0
LINE
8
BLACK
6
CONTINUOUS
10
8.58406
20
-4.34961
11
8.58445
21
-4.34961
0
LINE
8
BLACK
6
CONTINUOUS
10
8.58445
20
-4.34961
11
8.58648
21
-4.35001
0
LINE
8
BLACK
6
CONTINUOUS
10
8.58648
20
-4.35001
11
8.58821
21
-4.35116
0
LINE
8
BLACK
6
CONTINUOUS
10
8.58821
20
-4.35116
11
8.58936
21
-4.35289
0
LINE
8
BLACK
6
CONTINUOUS
10
8.58936
20
-4.35289
11
8.58976
21
-4.35492
0
LINE
8
BLACK
6
CONTINUOUS
10
8.58976
20
-4.35492
11
8.58976
21
-4.36949
0
LINE
8
BLACK
6
CONTINUOUS
10
8.58976
20
-4.36949
11
8.58936
21
-4.37152
0
LINE
8
BLACK
6
CONTINUOUS
10
8.58936
20
-4.37152
11
8.58821
21
-4.37325
0
LINE
8
BLACK
6
CONTINUOUS
10
8.58821
20
-4.37325
11
8.58648
21
-4.3744
0
LINE
8
BLACK
6
CONTINUOUS
10
8.58648
20
-4.3744
11
8.58445
21
-4.3748
0
LINE
8
BLACK
6
CONTINUOUS
10
8.58445
20
-4.3748
11
8.58406
21
-4.3748
0
LINE
8
BLACK
6
CONTINUOUS
10
8.58406
20
-4.3748
11
8.58406
21
-4.39291
0
LINE
8
BLACK
6
CONTINUOUS
10
8.58406
20
-4.39291
11
8.58445
21
-4.39291
0
LINE
8
BLACK
6
CONTINUOUS
10
8.58445
20
-4.39291
11
8.58648
21
-4.39332
0
LINE
8
BLACK
6
CONTINUOUS
10
8.58648
20
-4.39332
11
8.58821
21
-4.39447
0
LINE
8
BLACK
6
CONTINUOUS
10
8.58821
20
-4.39447
11
8.58936
21
-4.39619
0
LINE
8
BLACK
6
CONTINUOUS
10
8.58936
20
-4.39619
11
8.58976
21
-4.39823
0
LINE
8
BLACK
6
CONTINUOUS
10
8.58976
20
-4.39823
11
8.58976
21
-4.4128
0
LINE
8
BLACK
6
CONTINUOUS
10
8.58976
20
-4.4128
11
8.58936
21
-4.41483
0
LINE
8
BLACK
6
CONTINUOUS
10
8.58936
20
-4.41483
11
8.58821
21
-4.41655
0
LINE
8
BLACK
6
CONTINUOUS
10
8.58821
20
-4.41655
11
8.58648
21
-4.41771
0
LINE
8
BLACK
6
CONTINUOUS
10
8.58648
20
-4.41771
11
8.58445
21
-4.41811
0
LINE
8
BLACK
6
CONTINUOUS
10
8.58445
20
-4.41811
11
8.58366
21
-4.41811
0
LINE
8
BLACK
6
CONTINUOUS
10
8.58366
20
-4.41811
11
8.58366
21
-4.43622
0
LINE
8
BLACK
6
CONTINUOUS
10
8.58366
20
-4.43622
11
8.58406
21
-4.43622
0
LINE
8
BLACK
6
CONTINUOUS
10
8.58406
20
-4.43622
11
8.58609
21
-4.43663
0
LINE
8
BLACK
6
CONTINUOUS
10
8.58609
20
-4.43663
11
8.58781
21
-4.43778
0
LINE
8
BLACK
6
CONTINUOUS
10
8.58781
20
-4.43778
11
8.58897
21
-4.4395
0
LINE
8
BLACK
6
CONTINUOUS
10
8.58897
20
-4.4395
11
8.58937
21
-4.44154
0
LINE
8
BLACK
6
CONTINUOUS
10
8.58937
20
-4.44154
11
8.58937
21
-4.4561
0
LINE
8
BLACK
6
CONTINUOUS
10
8.58937
20
-4.4561
11
8.58897
21
-4.45814
0
LINE
8
BLACK
6
CONTINUOUS
10
8.58897
20
-4.45814
11
8.58781
21
-4.45986
0
LINE
8
BLACK
6
CONTINUOUS
10
8.58781
20
-4.45986
11
8.58609
21
-4.46101
0
LINE
8
BLACK
6
CONTINUOUS
10
8.58609
20
-4.46101
11
8.58406
21
-4.46142
0
LINE
8
BLACK
6
CONTINUOUS
10
8.58406
20
-4.46142
11
8.57343
21
-4.46142
0
LINE
8
BLACK
6
CONTINUOUS
10
8.57343
20
-4.46142
11
8.57139
21
-4.46101
0
LINE
8
BLACK
6
CONTINUOUS
10
8.57139
20
-4.46101
11
8.56967
21
-4.45986
0
LINE
8
BLACK
6
CONTINUOUS
10
8.56967
20
-4.45986
11
8.56851
21
-4.45814
0
LINE
8
BLACK
6
CONTINUOUS
10
8.56851
20
-4.45814
11
8.56811
21
-4.4561
0
LINE
8
BLACK
6
CONTINUOUS
10
8.56811
20
-4.4561
11
8.56811
21
-4.44154
0
LINE
8
BLACK
6
CONTINUOUS
10
8.56811
20
-4.44154
11
8.56851
21
-4.4395
0
LINE
8
BLACK
6
CONTINUOUS
10
8.56851
20
-4.4395
11
8.56967
21
-4.43778
0
LINE
8
BLACK
6
CONTINUOUS
10
8.56967
20
-4.43778
11
8.57139
21
-4.43663
0
LINE
8
BLACK
6
CONTINUOUS
10
8.57139
20
-4.43663
11
8.57343
21
-4.43622
0
LINE
8
BLACK
6
CONTINUOUS
10
8.57343
20
-4.43622
11
8.57382
21
-4.43622
0
LINE
8
BLACK
6
CONTINUOUS
10
8.57382
20
-4.43622
11
8.57382
21
-4.41811
0
LINE
8
BLACK
6
CONTINUOUS
10
8.57382
20
-4.41811
11
8.57178
21
-4.41771
0
LINE
8
BLACK
6
CONTINUOUS
10
8.57178
20
-4.41771
11
8.57006
21
-4.41655
0
LINE
8
BLACK
6
CONTINUOUS
10
8.57006
20
-4.41655
11
8.56891
21
-4.41483
0
LINE
8
BLACK
6
CONTINUOUS
10
8.56891
20
-4.41483
11
8.5685
21
-4.4128
0
LINE
8
BLACK
6
CONTINUOUS
10
8.5685
20
-4.4128
11
8.5685
21
-4.39823
0
LINE
8
BLACK
6
CONTINUOUS
10
8.5685
20
-4.39823
11
8.56891
21
-4.39619
0
LINE
8
BLACK
6
CONTINUOUS
10
8.56891
20
-4.39619
11
8.57006
21
-4.39447
0
LINE
8
BLACK
6
CONTINUOUS
10
8.57006
20
-4.39447
11
8.57178
21
-4.39332
0
LINE
8
BLACK
6
CONTINUOUS
10
8.57178
20
-4.39332
11
8.57382
21
-4.39291
0
LINE
8
BLACK
6
CONTINUOUS
10
8.57382
20
-4.39291
11
8.57421
21
-4.39291
0
LINE
8
BLACK
6
CONTINUOUS
10
8.57421
20
-4.39291
11
8.57421
21
-4.3748
0
LINE
8
BLACK
6
CONTINUOUS
10
8.57421
20
-4.3748
11
8.57382
21
-4.3748
0
LINE
8
BLACK
6
CONTINUOUS
10
8.57382
20
-4.3748
11
8.57178
21
-4.3744
0
LINE
8
BLACK
6
CONTINUOUS
10
8.57178
20
-4.3744
11
8.57006
21
-4.37325
0
LINE
8
BLACK
6
CONTINUOUS
10
8.57006
20
-4.37325
11
8.56891
21
-4.37152
0
LINE
8
BLACK
6
CONTINUOUS
10
8.56891
20
-4.37152
11
8.5685
21
-4.36949
0
LINE
8
BLACK
6
CONTINUOUS
10
8.5685
20
-4.36949
11
8.5685
21
-4.35492
0
LINE
8
BLACK
6
CONTINUOUS
10
8.5685
20
-4.35492
11
8.56891
21
-4.35289
0
LINE
8
BLACK
6
CONTINUOUS
10
8.56891
20
-4.35289
11
8.57006
21
-4.35116
0
LINE
8
BLACK
6
CONTINUOUS
10
8.57006
20
-4.35116
11
8.57178
21
-4.35001
0
LINE
8
BLACK
6
CONTINUOUS
10
8.57178
20
-4.35001
11
8.57382
21
-4.34961
0
LINE
8
BLACK
6
CONTINUOUS
10
8.57382
20
-4.34961
11
8.57421
21
-4.34961
0
LINE
8
BLACK
6
CONTINUOUS
10
8.57421
20
-4.34961
11
8.57421
21
-4.3315
0
LINE
8
BLACK
6
CONTINUOUS
10
8.57421
20
-4.3315
11
8.57382
21
-4.3315
0
LINE
8
BLACK
6
CONTINUOUS
10
8.57382
20
-4.3315
11
8.57178
21
-4.33109
0
LINE
8
BLACK
6
CONTINUOUS
10
8.57178
20
-4.33109
11
8.57006
21
-4.32994
0
LINE
8
BLACK
6
CONTINUOUS
10
8.57006
20
-4.32994
11
8.56891
21
-4.32822
0
LINE
8
BLACK
6
CONTINUOUS
10
8.56891
20
-4.32822
11
8.5685
21
-4.32618
0
LINE
8
BLACK
6
CONTINUOUS
10
8.5685
20
-4.32618
11
8.5685
21
-4.31161
0
LINE
8
BLACK
6
CONTINUOUS
10
8.5685
20
-4.31161
11
8.56891
21
-4.30958
0
LINE
8
BLACK
6
CONTINUOUS
10
8.56891
20
-4.30958
11
8.57006
21
-4.30786
0
LINE
8
BLACK
6
CONTINUOUS
10
8.57006
20
-4.30786
11
8.57178
21
-4.3067
0
LINE
8
BLACK
6
CONTINUOUS
10
8.57178
20
-4.3067
11
8.57382
21
-4.3063
0
LINE
8
BLACK
6
CONTINUOUS
10
8.57382
20
-4.3063
11
8.58445
21
-4.3063
0
LINE
8
BLACK
6
CONTINUOUS
10
8.58445
20
-4.3063
11
8.58648
21
-4.3067
0
LINE
8
BLACK
6
CONTINUOUS
10
8.58648
20
-4.3067
11
8.58821
21
-4.30786
0
LINE
8
BLACK
6
CONTINUOUS
10
8.58821
20
-4.30786
11
8.58936
21
-4.30958
0
LINE
8
BLACK
6
CONTINUOUS
10
8.58936
20
-4.30958
11
8.58976
21
-4.31161
0
LINE
8
BLACK
6
CONTINUOUS
10
8.58976
20
-4.31161
11
8.58976
21
-4.31398
0
LINE
8
BLACK
6
CONTINUOUS
10
8.58976
20
-4.31398
11
8.64245
21
-4.31398
0
LINE
8
BLACK
6
CONTINUOUS
10
8.64245
20
-4.31398
11
8.65672
21
-4.29971
0
LINE
8
BLACK
6
CONTINUOUS
10
8.65672
20
-4.29971
11
8.65636
21
-4.29922
0
LINE
8
BLACK
6
CONTINUOUS
10
8.65636
20
-4.29922
11
8.6544
21
-4.29399
0
LINE
8
BLACK
6
CONTINUOUS
10
8.6544
20
-4.29399
11
8.65394
21
-4.28976
0
LINE
8
BLACK
6
CONTINUOUS
10
8.65394
20
-4.28976
11
8.65394
21
-4.25039
0
LINE
8
BLACK
6
CONTINUOUS
10
8.65394
20
-4.25039
11
8.6544
21
-4.24617
0
LINE
8
BLACK
6
CONTINUOUS
10
8.6544
20
-4.24617
11
8.65636
21
-4.24094
0
LINE
8
BLACK
6
CONTINUOUS
10
8.65636
20
-4.24094
11
8.6597
21
-4.23647
0
LINE
8
BLACK
6
CONTINUOUS
10
8.6597
20
-4.23647
11
8.66417
21
-4.23313
0
LINE
8
BLACK
6
CONTINUOUS
10
8.66417
20
-4.23313
11
8.66939
21
-4.23117
0
LINE
8
BLACK
6
CONTINUOUS
10
8.66939
20
-4.23117
11
8.67362
21
-4.23071
0
LINE
8
BLACK
6
CONTINUOUS
10
8.67362
20
-4.23071
11
8.71299
21
-4.23071
0
LINE
8
BLACK
6
CONTINUOUS
10
8.71299
20
-4.23071
11
8.71722
21
-4.23117
0
LINE
8
BLACK
6
CONTINUOUS
10
8.65341
20
-4.16891
11
8.65514
21
-4.17006
0
LINE
8
BLACK
6
CONTINUOUS
10
8.65514
20
-4.17006
11
8.65629
21
-4.17178
0
LINE
8
BLACK
6
CONTINUOUS
10
8.65629
20
-4.17178
11
8.65669
21
-4.17382
0
LINE
8
BLACK
6
CONTINUOUS
10
8.65669
20
-4.17382
11
8.65669
21
-4.17618
0
LINE
8
BLACK
6
CONTINUOUS
10
8.65669
20
-4.17618
11
8.68961
21
-4.17618
0
LINE
8
BLACK
6
CONTINUOUS
10
8.68961
20
-4.17618
11
8.69048
21
-4.17631
0
LINE
8
BLACK
6
CONTINUOUS
10
8.69048
20
-4.17631
11
8.69066
21
-4.17629
0
LINE
8
BLACK
6
CONTINUOUS
10
8.69066
20
-4.17629
11
8.69075
21
-4.17635
0
LINE
8
BLACK
6
CONTINUOUS
10
8.69075
20
-4.17635
11
8.69101
21
-4.17638
0
LINE
8
BLACK
6
CONTINUOUS
10
8.69101
20
-4.17638
11
8.69202
21
-4.17704
0
LINE
8
BLACK
6
CONTINUOUS
10
8.69202
20
-4.17704
11
8.69309
21
-4.17762
0
LINE
8
BLACK
6
CONTINUOUS
10
8.69309
20
-4.17762
11
8.74893
21
-4.23347
0
LINE
8
BLACK
6
CONTINUOUS
10
8.74893
20
-4.23347
11
8.74946
21
-4.23417
0
LINE
8
BLACK
6
CONTINUOUS
10
8.74946
20
-4.23417
11
8.74959
21
-4.23429
0
LINE
8
BLACK
6
CONTINUOUS
10
8.74959
20
-4.23429
11
8.74963
21
-4.2344
0
LINE
8
BLACK
6
CONTINUOUS
10
8.74963
20
-4.2344
11
8.74978
21
-4.2346
0
LINE
8
BLACK
6
CONTINUOUS
10
8.74978
20
-4.2346
11
8.75003
21
-4.23578
0
LINE
8
BLACK
6
CONTINUOUS
10
8.75003
20
-4.23578
11
8.75037
21
-4.23695
0
LINE
8
BLACK
6
CONTINUOUS
10
8.75037
20
-4.23695
11
8.75037
21
-4.31793
0
LINE
8
BLACK
6
CONTINUOUS
10
8.75037
20
-4.31793
11
8.75025
21
-4.3188
0
LINE
8
BLACK
6
CONTINUOUS
10
8.75025
20
-4.3188
11
8.75026
21
-4.31898
0
LINE
8
BLACK
6
CONTINUOUS
10
8.75026
20
-4.31898
11
8.75021
21
-4.31908
0
LINE
8
BLACK
6
CONTINUOUS
10
8.75021
20
-4.31908
11
8.75017
21
-4.31933
0
LINE
8
BLACK
6
CONTINUOUS
10
8.75017
20
-4.31933
11
8.74951
21
-4.32035
0
LINE
8
BLACK
6
CONTINUOUS
10
8.74951
20
-4.32035
11
8.74893
21
-4.32141
0
LINE
8
BLACK
6
CONTINUOUS
10
8.74893
20
-4.32141
11
8.72989
21
-4.34045
0
LINE
8
BLACK
6
CONTINUOUS
10
8.72989
20
-4.34045
11
8.73026
21
-4.34094
0
LINE
8
BLACK
6
CONTINUOUS
10
8.73026
20
-4.34094
11
8.73222
21
-4.34617
0
LINE
8
BLACK
6
CONTINUOUS
10
8.73222
20
-4.34617
11
8.73268
21
-4.35039
0
LINE
8
BLACK
6
CONTINUOUS
10
8.73268
20
-4.35039
11
8.73268
21
-4.38976
0
LINE
8
BLACK
6
CONTINUOUS
10
8.73268
20
-4.38976
11
8.73222
21
-4.39399
0
LINE
8
BLACK
6
CONTINUOUS
10
8.73222
20
-4.39399
11
8.73026
21
-4.39922
0
LINE
8
BLACK
6
CONTINUOUS
10
8.73026
20
-4.39922
11
8.72691
21
-4.40368
0
LINE
8
BLACK
6
CONTINUOUS
10
8.72691
20
-4.40368
11
8.72245
21
-4.40703
0
LINE
8
BLACK
6
CONTINUOUS
10
8.72245
20
-4.40703
11
8.71722
21
-4.40899
0
LINE
8
BLACK
6
CONTINUOUS
10
8.71722
20
-4.40899
11
8.71299
21
-4.40945
0
LINE
8
BLACK
6
CONTINUOUS
10
8.71299
20
-4.40945
11
8.67362
21
-4.40945
0
LINE
8
BLACK
6
CONTINUOUS
10
8.67362
20
-4.40945
11
8.66939
21
-4.40899
0
LINE
8
BLACK
6
CONTINUOUS
10
8.66939
20
-4.40899
11
8.66417
21
-4.40703
0
LINE
8
BLACK
6
CONTINUOUS
10
8.66417
20
-4.40703
11
8.6597
21
-4.40368
0
LINE
8
BLACK
6
CONTINUOUS
10
8.6597
20
-4.40368
11
8.65636
21
-4.39922
0
LINE
8
BLACK
6
CONTINUOUS
10
8.65636
20
-4.39922
11
8.6544
21
-4.39399
0
LINE
8
BLACK
6
CONTINUOUS
10
8.6544
20
-4.39399
11
8.65394
21
-4.38976
0
LINE
8
BLACK
6
CONTINUOUS
10
8.65394
20
-4.38976
11
8.65394
21
-4.35039
0
LINE
8
BLACK
6
CONTINUOUS
10
8.65394
20
-4.35039
11
8.6544
21
-4.34617
0
LINE
8
BLACK
6
CONTINUOUS
10
8.6544
20
-4.34617
11
8.65636
21
-4.34094
0
LINE
8
BLACK
6
CONTINUOUS
10
8.65636
20
-4.34094
11
8.6597
21
-4.33647
0
LINE
8
BLACK
6
CONTINUOUS
10
8.6597
20
-4.33647
11
8.66417
21
-4.33313
0
LINE
8
BLACK
6
CONTINUOUS
10
8.66417
20
-4.33313
11
8.66939
21
-4.33117
0
LINE
8
BLACK
6
CONTINUOUS
10
8.66939
20
-4.33117
11
8.67362
21
-4.33071
0
LINE
8
BLACK
6
CONTINUOUS
10
8.67362
20
-4.33071
11
8.71299
21
-4.33071
0
LINE
8
BLACK
6
CONTINUOUS
10
8.71299
20
-4.33071
11
8.71722
21
-4.33117
0
LINE
8
BLACK
6
CONTINUOUS
10
8.71722
20
-4.33117
11
8.72245
21
-4.33313
0
LINE
8
BLACK
6
CONTINUOUS
10
8.72245
20
-4.33313
11
8.72293
21
-4.33349
0
LINE
8
BLACK
6
CONTINUOUS
10
8.72293
20
-4.33349
11
8.74053
21
-4.31589
0
LINE
8
BLACK
6
CONTINUOUS
10
8.74053
20
-4.31589
11
8.74053
21
-4.23899
0
LINE
8
BLACK
6
CONTINUOUS
10
8.74053
20
-4.23899
11
8.68757
21
-4.18602
0
LINE
8
BLACK
6
CONTINUOUS
10
8.68757
20
-4.18602
11
8.65669
21
-4.18602
0
LINE
8
BLACK
6
CONTINUOUS
10
8.65669
20
-4.18602
11
8.65669
21
-4.18839
0
LINE
8
BLACK
6
CONTINUOUS
10
8.65669
20
-4.18839
11
8.65629
21
-4.19042
0
LINE
8
BLACK
6
CONTINUOUS
10
8.65629
20
-4.19042
11
8.65514
21
-4.19214
0
LINE
8
BLACK
6
CONTINUOUS
10
8.65514
20
-4.19214
11
8.65341
21
-4.1933
0
LINE
8
BLACK
6
CONTINUOUS
10
8.65341
20
-4.1933
11
8.65138
21
-4.1937
0
LINE
8
BLACK
6
CONTINUOUS
10
8.65138
20
-4.1937
11
8.64075
21
-4.1937
0
LINE
8
BLACK
6
CONTINUOUS
10
8.64075
20
-4.1937
11
8.63871
21
-4.1933
0
LINE
8
BLACK
6
CONTINUOUS
10
8.63871
20
-4.1933
11
8.63699
21
-4.19214
0
LINE
8
BLACK
6
CONTINUOUS
10
8.63699
20
-4.19214
11
8.63584
21
-4.19042
0
LINE
8
BLACK
6
CONTINUOUS
10
8.63584
20
-4.19042
11
8.63543
21
-4.18839
0
LINE
8
BLACK
6
CONTINUOUS
10
8.63543
20
-4.18839
11
8.63543
21
-4.17382
0
LINE
8
BLACK
6
CONTINUOUS
10
8.63543
20
-4.17382
11
8.63584
21
-4.17178
0
LINE
8
BLACK
6
CONTINUOUS
10
8.63584
20
-4.17178
11
8.63699
21
-4.17006
0
LINE
8
BLACK
6
CONTINUOUS
10
8.63699
20
-4.17006
11
8.63871
21
-4.16891
0
LINE
8
BLACK
6
CONTINUOUS
10
8.63871
20
-4.16891
11
8.64075
21
-4.1685
0
LINE
8
BLACK
6
CONTINUOUS
10
8.64075
20
-4.1685
11
8.65138
21
-4.1685
0
LINE
8
BLACK
6
CONTINUOUS
10
8.65138
20
-4.1685
11
8.65341
21
-4.16891
0
LINE
8
BLACK
6
CONTINUOUS
10
8.41722
20
-4.33117
11
8.42245
21
-4.33313
0
LINE
8
BLACK
6
CONTINUOUS
10
8.42245
20
-4.33313
11
8.42691
21
-4.33647
0
LINE
8
BLACK
6
CONTINUOUS
10
8.42691
20
-4.33647
11
8.43026
21
-4.34094
0
LINE
8
BLACK
6
CONTINUOUS
10
8.43026
20
-4.34094
11
8.43222
21
-4.34617
0
LINE
8
BLACK
6
CONTINUOUS
10
8.43222
20
-4.34617
11
8.43268
21
-4.35039
0
LINE
8
BLACK
6
CONTINUOUS
10
8.43268
20
-4.35039
11
8.43268
21
-4.38976
0
LINE
8
BLACK
6
CONTINUOUS
10
8.43268
20
-4.38976
11
8.43222
21
-4.39399
0
LINE
8
BLACK
6
CONTINUOUS
10
8.43222
20
-4.39399
11
8.43026
21
-4.39922
0
LINE
8
BLACK
6
CONTINUOUS
10
8.43026
20
-4.39922
11
8.42691
21
-4.40368
0
LINE
8
BLACK
6
CONTINUOUS
10
8.42691
20
-4.40368
11
8.42245
21
-4.40703
0
LINE
8
BLACK
6
CONTINUOUS
10
8.42245
20
-4.40703
11
8.41722
21
-4.40899
0
LINE
8
BLACK
6
CONTINUOUS
10
8.41722
20
-4.40899
11
8.41299
21
-4.40945
0
LINE
8
BLACK
6
CONTINUOUS
10
8.41299
20
-4.40945
11
8.37362
21
-4.40945
0
LINE
8
BLACK
6
CONTINUOUS
10
8.37362
20
-4.40945
11
8.36939
21
-4.40899
0
LINE
8
BLACK
6
CONTINUOUS
10
8.36939
20
-4.40899
11
8.36417
21
-4.40703
0
LINE
8
BLACK
6
CONTINUOUS
10
8.36417
20
-4.40703
11
8.3597
21
-4.40368
0
LINE
8
BLACK
6
CONTINUOUS
10
8.3597
20
-4.40368
11
8.35636
21
-4.39922
0
LINE
8
BLACK
6
CONTINUOUS
10
8.35636
20
-4.39922
11
8.3544
21
-4.39399
0
LINE
8
BLACK
6
CONTINUOUS
10
8.3544
20
-4.39399
11
8.35394
21
-4.38976
0
LINE
8
BLACK
6
CONTINUOUS
10
8.35394
20
-4.38976
11
8.35394
21
-4.35039
0
LINE
8
BLACK
6
CONTINUOUS
10
8.35394
20
-4.35039
11
8.3544
21
-4.34617
0
LINE
8
BLACK
6
CONTINUOUS
10
8.3544
20
-4.34617
11
8.35636
21
-4.34094
0
LINE
8
BLACK
6
CONTINUOUS
10
8.35636
20
-4.34094
11
8.3597
21
-4.33647
0
LINE
8
BLACK
6
CONTINUOUS
10
8.3597
20
-4.33647
11
8.36417
21
-4.33313
0
LINE
8
BLACK
6
CONTINUOUS
10
8.36417
20
-4.33313
11
8.36939
21
-4.33117
0
LINE
8
BLACK
6
CONTINUOUS
10
8.36939
20
-4.33117
11
8.37362
21
-4.33071
0
LINE
8
BLACK
6
CONTINUOUS
10
8.37362
20
-4.33071
11
8.41299
21
-4.33071
0
LINE
8
BLACK
6
CONTINUOUS
10
8.41299
20
-4.33071
11
8.41722
21
-4.33117
0
LINE
8
BLACK
6
CONTINUOUS
10
8.43268
20
-4.26516
11
8.44961
21
-4.26516
0
LINE
8
BLACK
6
CONTINUOUS
10
8.44961
20
-4.26516
11
8.44961
21
-4.26437
0
LINE
8
BLACK
6
CONTINUOUS
10
8.44961
20
-4.26437
11
8.45001
21
-4.26234
0
LINE
8
BLACK
6
CONTINUOUS
10
8.45001
20
-4.26234
11
8.45116
21
-4.26061
0
LINE
8
BLACK
6
CONTINUOUS
10
8.45116
20
-4.26061
11
8.45289
21
-4.25946
0
LINE
8
BLACK
6
CONTINUOUS
10
8.45289
20
-4.25946
11
8.45492
21
-4.25906
0
LINE
8
BLACK
6
CONTINUOUS
10
8.45492
20
-4.25906
11
8.46555
21
-4.25906
0
LINE
8
BLACK
6
CONTINUOUS
10
8.46555
20
-4.25906
11
8.46759
21
-4.25946
0
LINE
8
BLACK
6
CONTINUOUS
10
8.46759
20
-4.25946
11
8.46931
21
-4.26061
0
LINE
8
BLACK
6
CONTINUOUS
10
8.46931
20
-4.26061
11
8.47046
21
-4.26234
0
LINE
8
BLACK
6
CONTINUOUS
10
8.47046
20
-4.26234
11
8.47087
21
-4.26437
0
LINE
8
BLACK
6
CONTINUOUS
10
8.47087
20
-4.26437
11
8.47087
21
-4.27894
0
LINE
8
BLACK
6
CONTINUOUS
10
8.47087
20
-4.27894
11
8.47046
21
-4.28097
0
LINE
8
BLACK
6
CONTINUOUS
10
8.47046
20
-4.28097
11
8.46931
21
-4.2827
0
LINE
8
BLACK
6
CONTINUOUS
10
8.46931
20
-4.2827
11
8.46759
21
-4.28385
0
LINE
8
BLACK
6
CONTINUOUS
10
8.46759
20
-4.28385
11
8.46555
21
-4.28425
0
LINE
8
BLACK
6
CONTINUOUS
10
8.46555
20
-4.28425
11
8.45492
21
-4.28425
0
LINE
8
BLACK
6
CONTINUOUS
10
8.45492
20
-4.28425
11
8.45289
21
-4.28385
0
LINE
8
BLACK
6
CONTINUOUS
10
8.45289
20
-4.28385
11
8.45116
21
-4.2827
0
LINE
8
BLACK
6
CONTINUOUS
10
8.45116
20
-4.2827
11
8.45001
21
-4.28097
0
LINE
8
BLACK
6
CONTINUOUS
10
8.45001
20
-4.28097
11
8.44961
21
-4.27894
0
LINE
8
BLACK
6
CONTINUOUS
10
8.44961
20
-4.27894
11
8.44961
21
-4.275
0
LINE
8
BLACK
6
CONTINUOUS
10
8.44961
20
-4.275
11
8.43268
21
-4.275
0
LINE
8
BLACK
6
CONTINUOUS
10
8.43268
20
-4.275
11
8.43268
21
-4.30945
0
LINE
8
BLACK
6
CONTINUOUS
10
8.43268
20
-4.30945
11
8.35394
21
-4.30945
0
LINE
8
BLACK
6
CONTINUOUS
10
8.35394
20
-4.30945
11
8.35394
21
-4.23071
0
LINE
8
BLACK
6
CONTINUOUS
10
8.35394
20
-4.23071
11
8.43268
21
-4.23071
0
LINE
8
BLACK
6
CONTINUOUS
10
8.43268
20
-4.23071
11
8.43268
21
-4.26516
0
LINE
8
BLACK
6
CONTINUOUS
10
8.50774
20
-4.25946
11
8.50947
21
-4.26061
0
LINE
8
BLACK
6
CONTINUOUS
10
8.50947
20
-4.26061
11
8.51062
21
-4.26234
0
LINE
8
BLACK
6
CONTINUOUS
10
8.51062
20
-4.26234
11
8.51102
21
-4.26437
0
LINE
8
BLACK
6
CONTINUOUS
10
8.51102
20
-4.26437
11
8.51102
21
-4.26673
0
LINE
8
BLACK
6
CONTINUOUS
10
8.51102
20
-4.26673
11
8.52835
21
-4.26673
0
LINE
8
BLACK
6
CONTINUOUS
10
8.52835
20
-4.26673
11
8.52835
21
-4.26437
0
LINE
8
BLACK
6
CONTINUOUS
10
8.52835
20
-4.26437
11
8.52875
21
-4.26234
0
LINE
8
BLACK
6
CONTINUOUS
10
8.52875
20
-4.26234
11
8.5299
21
-4.26061
0
LINE
8
BLACK
6
CONTINUOUS
10
8.5299
20
-4.26061
11
8.53163
21
-4.25946
0
LINE
8
BLACK
6
CONTINUOUS
10
8.53163
20
-4.25946
11
8.53366
21
-4.25906
0
LINE
8
BLACK
6
CONTINUOUS
10
8.53366
20
-4.25906
11
8.54429
21
-4.25906
0
LINE
8
BLACK
6
CONTINUOUS
10
8.54429
20
-4.25906
11
8.54633
21
-4.25946
0
LINE
8
BLACK
6
CONTINUOUS
10
8.54633
20
-4.25946
11
8.54805
21
-4.26061
0
LINE
8
BLACK
6
CONTINUOUS
10
8.54805
20
-4.26061
11
8.5492
21
-4.26234
0
LINE
8
BLACK
6
CONTINUOUS
10
8.5492
20
-4.26234
11
8.54961
21
-4.26437
0
LINE
8
BLACK
6
CONTINUOUS
10
8.54961
20
-4.26437
11
8.54961
21
-4.27894
0
LINE
8
BLACK
6
CONTINUOUS
10
8.54961
20
-4.27894
11
8.5492
21
-4.28097
0
LINE
8
BLACK
6
CONTINUOUS
10
8.5492
20
-4.28097
11
8.54805
21
-4.2827
0
LINE
8
BLACK
6
CONTINUOUS
10
8.54805
20
-4.2827
11
8.54633
21
-4.28385
0
LINE
8
BLACK
6
CONTINUOUS
10
8.54633
20
-4.28385
11
8.54429
21
-4.28425
0
LINE
8
BLACK
6
CONTINUOUS
10
8.54429
20
-4.28425
11
8.53366
21
-4.28425
0
LINE
8
BLACK
6
CONTINUOUS
10
8.53366
20
-4.28425
11
8.53163
21
-4.28385
0
LINE
8
BLACK
6
CONTINUOUS
10
8.53163
20
-4.28385
11
8.5299
21
-4.2827
0
LINE
8
BLACK
6
CONTINUOUS
10
8.5299
20
-4.2827
11
8.52875
21
-4.28097
0
LINE
8
BLACK
6
CONTINUOUS
10
8.52875
20
-4.28097
11
8.52835
21
-4.27894
0
LINE
8
BLACK
6
CONTINUOUS
10
8.52835
20
-4.27894
11
8.52835
21
-4.27657
0
LINE
8
BLACK
6
CONTINUOUS
10
8.52835
20
-4.27657
11
8.51102
21
-4.27657
0
LINE
8
BLACK
6
CONTINUOUS
10
8.51102
20
-4.27657
11
8.51102
21
-4.27894
0
LINE
8
BLACK
6
CONTINUOUS
10
8.51102
20
-4.27894
11
8.51062
21
-4.28097
0
LINE
8
BLACK
6
CONTINUOUS
10
8.51062
20
-4.28097
11
8.50947
21
-4.2827
0
LINE
8
BLACK
6
CONTINUOUS
10
8.50947
20
-4.2827
11
8.50774
21
-4.28385
0
LINE
8
BLACK
6
CONTINUOUS
10
8.50774
20
-4.28385
11
8.50571
21
-4.28425
0
LINE
8
BLACK
6
CONTINUOUS
10
8.50571
20
-4.28425
11
8.49508
21
-4.28425
0
LINE
8
BLACK
6
CONTINUOUS
10
8.49508
20
-4.28425
11
8.49304
21
-4.28385
0
LINE
8
BLACK
6
CONTINUOUS
10
8.49304
20
-4.28385
11
8.49132
21
-4.2827
0
LINE
8
BLACK
6
CONTINUOUS
10
8.49132
20
-4.2827
11
8.49017
21
-4.28097
0
LINE
8
BLACK
6
CONTINUOUS
10
8.49017
20
-4.28097
11
8.48976
21
-4.27894
0
LINE
8
BLACK
6
CONTINUOUS
10
8.48976
20
-4.27894
11
8.48976
21
-4.26437
0
LINE
8
BLACK
6
CONTINUOUS
10
8.48976
20
-4.26437
11
8.49017
21
-4.26234
0
LINE
8
BLACK
6
CONTINUOUS
10
8.49017
20
-4.26234
11
8.49132
21
-4.26061
0
LINE
8
BLACK
6
CONTINUOUS
10
8.49132
20
-4.26061
11
8.49304
21
-4.25946
0
LINE
8
BLACK
6
CONTINUOUS
10
8.49304
20
-4.25946
11
8.49508
21
-4.25906
0
LINE
8
BLACK
6
CONTINUOUS
10
8.49508
20
-4.25906
11
8.50571
21
-4.25906
0
LINE
8
BLACK
6
CONTINUOUS
10
8.50571
20
-4.25906
11
8.50774
21
-4.25946
0
LINE
8
BLACK
6
CONTINUOUS
10
8.18705
20
-4.15435
11
8.19439
21
-4.15662
0
LINE
8
BLACK
6
CONTINUOUS
10
8.19439
20
-4.15662
11
8.20115
21
-4.16027
0
LINE
8
BLACK
6
CONTINUOUS
10
8.20115
20
-4.16027
11
8.20707
21
-4.16517
0
LINE
8
BLACK
6
CONTINUOUS
10
8.20707
20
-4.16517
11
8.21193
21
-4.17113
0
LINE
8
BLACK
6
CONTINUOUS
10
8.21193
20
-4.17113
11
8.21553
21
-4.17791
0
LINE
8
BLACK
6
CONTINUOUS
10
8.21553
20
-4.17791
11
8.21775
21
-4.18527
0
LINE
8
BLACK
6
CONTINUOUS
10
8.21775
20
-4.18527
11
8.2185
21
-4.19291
0
LINE
8
BLACK
6
CONTINUOUS
10
8.2185
20
-4.19291
11
8.21849
21
-4.19401
0
LINE
8
BLACK
6
CONTINUOUS
10
8.21849
20
-4.19401
11
8.21753
21
-4.20164
0
LINE
8
BLACK
6
CONTINUOUS
10
8.21753
20
-4.20164
11
8.2151
21
-4.20893
0
LINE
8
BLACK
6
CONTINUOUS
10
8.2151
20
-4.20893
11
8.2113
21
-4.21561
0
LINE
8
BLACK
6
CONTINUOUS
10
8.2113
20
-4.21561
11
8.20628
21
-4.22142
0
LINE
8
BLACK
6
CONTINUOUS
10
8.20628
20
-4.22142
11
8.20023
21
-4.22615
0
LINE
8
BLACK
6
CONTINUOUS
10
8.20023
20
-4.22615
11
8.19337
21
-4.22962
0
LINE
8
BLACK
6
CONTINUOUS
10
8.19337
20
-4.22962
11
8.18597
21
-4.23169
0
LINE
8
BLACK
6
CONTINUOUS
10
8.18597
20
-4.23169
11
8.17831
21
-4.23227
0
LINE
8
BLACK
6
CONTINUOUS
10
8.17831
20
-4.23227
11
8.17068
21
-4.23137
0
LINE
8
BLACK
6
CONTINUOUS
10
8.17068
20
-4.23137
11
8.16337
21
-4.22899
0
LINE
8
BLACK
6
CONTINUOUS
10
8.16337
20
-4.22899
11
8.15666
21
-4.22524
0
LINE
8
BLACK
6
CONTINUOUS
10
8.15666
20
-4.22524
11
8.15081
21
-4.22026
0
LINE
8
BLACK
6
CONTINUOUS
10
8.15081
20
-4.22026
11
8.14604
21
-4.21424
0
LINE
8
BLACK
6
CONTINUOUS
10
8.14604
20
-4.21424
11
8.14253
21
-4.20741
0
LINE
8
BLACK
6
CONTINUOUS
10
8.14253
20
-4.20741
11
8.14041
21
-4.20002
0
LINE
8
BLACK
6
CONTINUOUS
10
8.14041
20
-4.20002
11
8.13977
21
-4.19236
0
LINE
8
BLACK
6
CONTINUOUS
10
8.13977
20
-4.19236
11
8.14062
21
-4.18473
0
LINE
8
BLACK
6
CONTINUOUS
10
8.14062
20
-4.18473
11
8.14295
21
-4.1774
0
LINE
8
BLACK
6
CONTINUOUS
10
8.14295
20
-4.1774
11
8.14665
21
-4.17067
0
LINE
8
BLACK
6
CONTINUOUS
10
8.14665
20
-4.17067
11
8.15159
21
-4.16478
0
LINE
8
BLACK
6
CONTINUOUS
10
8.15159
20
-4.16478
11
8.15758
21
-4.15997
0
LINE
8
BLACK
6
CONTINUOUS
10
8.15758
20
-4.15997
11
8.16439
21
-4.15641
0
LINE
8
BLACK
6
CONTINUOUS
10
8.16439
20
-4.15641
11
8.17176
21
-4.15424
0
LINE
8
BLACK
6
CONTINUOUS
10
8.17176
20
-4.15424
11
8.17941
21
-4.15354
0
LINE
8
BLACK
6
CONTINUOUS
10
8.17941
20
-4.15354
11
8.18705
21
-4.15435
0
LINE
8
BLACK
6
CONTINUOUS
10
8.20118
20
-4.69882
11
8.13425
21
-4.69882
0
LINE
8
BLACK
6
CONTINUOUS
10
8.13425
20
-4.69882
11
8.13425
21
-4.63189
0
LINE
8
BLACK
6
CONTINUOUS
10
8.13425
20
-4.63189
11
8.20118
21
-4.63189
0
LINE
8
BLACK
6
CONTINUOUS
10
8.20118
20
-4.63189
11
8.20118
21
-4.69882
0
LINE
8
BLACK
6
CONTINUOUS
10
7.54626
20
-4.70669
11
7.544
21
-4.70624
0
LINE
8
BLACK
6
CONTINUOUS
10
7.544
20
-4.70624
11
7.54208
21
-4.70496
0
LINE
8
BLACK
6
CONTINUOUS
10
7.54208
20
-4.70496
11
7.54203
21
-4.70488
0
LINE
8
BLACK
6
CONTINUOUS
10
7.54203
20
-4.70488
11
7.52064
21
-4.70488
0
LINE
8
BLACK
6
CONTINUOUS
10
7.52064
20
-4.70488
11
7.51992
21
-4.70849
0
LINE
8
BLACK
6
CONTINUOUS
10
7.51992
20
-4.70849
11
7.51779
21
-4.71168
0
LINE
8
BLACK
6
CONTINUOUS
10
7.51779
20
-4.71168
11
7.51459
21
-4.71382
0
LINE
8
BLACK
6
CONTINUOUS
10
7.51459
20
-4.71382
11
7.51083
21
-4.71457
0
LINE
8
BLACK
6
CONTINUOUS
10
7.51083
20
-4.71457
11
7.47343
21
-4.71457
0
LINE
8
BLACK
6
CONTINUOUS
10
7.47343
20
-4.71457
11
7.46966
21
-4.71382
0
LINE
8
BLACK
6
CONTINUOUS
10
7.46966
20
-4.71382
11
7.46647
21
-4.71168
0
LINE
8
BLACK
6
CONTINUOUS
10
7.46647
20
-4.71168
11
7.46433
21
-4.70849
0
LINE
8
BLACK
6
CONTINUOUS
10
7.46433
20
-4.70849
11
7.46361
21
-4.70488
0
LINE
8
BLACK
6
CONTINUOUS
10
7.46361
20
-4.70488
11
7.4443
21
-4.70488
0
LINE
8
BLACK
6
CONTINUOUS
10
7.4443
20
-4.70488
11
7.4437
21
-4.70506
0
LINE
8
BLACK
6
CONTINUOUS
10
7.4437
20
-4.70506
11
7.44365
21
-4.70511
0
LINE
8
BLACK
6
CONTINUOUS
10
7.44365
20
-4.70511
11
7.44358
21
-4.70542
0
LINE
8
BLACK
6
CONTINUOUS
10
7.44358
20
-4.70542
11
7.44358
21
-4.70658
0
LINE
8
BLACK
6
CONTINUOUS
10
7.44358
20
-4.70658
11
7.4436
21
-4.70684
0
LINE
8
BLACK
6
CONTINUOUS
10
7.4436
20
-4.70684
11
7.44399
21
-4.7106
0
LINE
8
BLACK
6
CONTINUOUS
10
7.44399
20
-4.7106
11
7.4441
21
-4.71113
0
LINE
8
BLACK
6
CONTINUOUS
10
7.4441
20
-4.71113
11
7.44613
21
-4.7172
0
LINE
8
BLACK
6
CONTINUOUS
10
7.44613
20
-4.7172
11
7.44637
21
-4.71772
0
LINE
8
BLACK
6
CONTINUOUS
10
7.44637
20
-4.71772
11
7.44973
21
-4.72314
0
LINE
8
BLACK
6
CONTINUOUS
10
7.44973
20
-4.72314
11
7.45008
21
-4.72359
0
LINE
8
BLACK
6
CONTINUOUS
10
7.45008
20
-4.72359
11
7.4546
21
-4.7281
0
LINE
8
BLACK
6
CONTINUOUS
10
7.4546
20
-4.7281
11
7.45505
21
-4.72845
0
LINE
8
BLACK
6
CONTINUOUS
10
7.45505
20
-4.72845
11
7.46048
21
-4.7318
0
LINE
8
BLACK
6
CONTINUOUS
10
7.46048
20
-4.7318
11
7.461
21
-4.73205
0
LINE
8
BLACK
6
CONTINUOUS
10
7.461
20
-4.73205
11
7.46717
21
-4.73409
0
LINE
8
BLACK
6
CONTINUOUS
10
7.46717
20
-4.73409
11
7.46946
21
-4.73568
0
LINE
8
BLACK
6
CONTINUOUS
10
7.46946
20
-4.73568
11
7.47054
21
-4.73826
0
LINE
8
BLACK
6
CONTINUOUS
10
7.47054
20
-4.73826
11
7.47004
21
-4.74102
0
LINE
8
BLACK
6
CONTINUOUS
10
7.47004
20
-4.74102
11
7.46814
21
-4.74306
0
LINE
8
BLACK
6
CONTINUOUS
10
7.46814
20
-4.74306
11
7.4656
21
-4.74376
0
LINE
8
BLACK
6
CONTINUOUS
10
7.4656
20
-4.74376
11
7.20667
21
-4.74376
0
LINE
8
BLACK
6
CONTINUOUS
10
7.20667
20
-4.74376
11
7.2059
21
-4.7437
0
LINE
8
BLACK
6
CONTINUOUS
10
7.2059
20
-4.7437
11
7.20532
21
-4.74361
0
LINE
8
BLACK
6
CONTINUOUS
10
7.20532
20
-4.74361
11
7.20532
21
-4.74361
0
LINE
8
BLACK
6
CONTINUOUS
10
7.20532
20
-4.74361
11
7.20497
21
-4.74356
0
LINE
8
BLACK
6
CONTINUOUS
10
7.20497
20
-4.74356
11
7.20437
21
-4.74363
0
LINE
8
BLACK
6
CONTINUOUS
10
7.20437
20
-4.74363
11
7.20337
21
-4.74366
0
LINE
8
BLACK
6
CONTINUOUS
10
7.20337
20
-4.74366
11
7.19672
21
-4.74319
0
LINE
8
BLACK
6
CONTINUOUS
10
7.19672
20
-4.74319
11
7.19602
21
-4.74309
0
LINE
8
BLACK
6
CONTINUOUS
10
7.19602
20
-4.74309
11
7.18853
21
-4.74146
0
LINE
8
BLACK
6
CONTINUOUS
10
7.18853
20
-4.74146
11
7.18785
21
-4.74126
0
LINE
8
BLACK
6
CONTINUOUS
10
7.18785
20
-4.74126
11
7.18066
21
-4.73858
0
LINE
8
BLACK
6
CONTINUOUS
10
7.18066
20
-4.73858
11
7.18002
21
-4.73828
0
LINE
8
BLACK
6
CONTINUOUS
10
7.18002
20
-4.73828
11
7.17329
21
-4.73461
0
LINE
8
BLACK
6
CONTINUOUS
10
7.17329
20
-4.73461
11
7.17269
21
-4.73423
0
LINE
8
BLACK
6
CONTINUOUS
10
7.17269
20
-4.73423
11
7.16655
21
-4.72963
0
LINE
8
BLACK
6
CONTINUOUS
10
7.16655
20
-4.72963
11
7.16602
21
-4.72917
0
LINE
8
BLACK
6
CONTINUOUS
10
7.16602
20
-4.72917
11
7.1606
21
-4.72374
0
LINE
8
BLACK
6
CONTINUOUS
10
7.1606
20
-4.72374
11
7.16013
21
-4.72321
0
LINE
8
BLACK
6
CONTINUOUS
10
7.16013
20
-4.72321
11
7.15554
21
-4.71707
0
LINE
8
BLACK
6
CONTINUOUS
10
7.15554
20
-4.71707
11
7.15516
21
-4.71647
0
LINE
8
BLACK
6
CONTINUOUS
10
7.15516
20
-4.71647
11
7.15148
21
-4.70974
0
LINE
8
BLACK
6
CONTINUOUS
10
7.15148
20
-4.70974
11
7.15119
21
-4.7091
0
LINE
8
BLACK
6
CONTINUOUS
10
7.15119
20
-4.7091
11
7.14851
21
-4.70191
0
LINE
8
BLACK
6
CONTINUOUS
10
7.14851
20
-4.70191
11
7.14831
21
-4.70124
0
LINE
8
BLACK
6
CONTINUOUS
10
7.14831
20
-4.70124
11
7.14803
21
-4.69996
0
LINE
8
BLACK
6
CONTINUOUS
10
7.14803
20
-4.69996
11
7.14668
21
-4.69374
0
LINE
8
BLACK
6
CONTINUOUS
10
7.14668
20
-4.69374
11
7.14658
21
-4.69304
0
LINE
8
BLACK
6
CONTINUOUS
10
7.14658
20
-4.69304
11
7.14657
21
-4.69302
0
LINE
8
BLACK
6
CONTINUOUS
10
7.14657
20
-4.69302
11
7.14613
21
-4.68681
0
LINE
8
BLACK
6
CONTINUOUS
10
7.14613
20
-4.68681
11
7.14617
21
-4.68592
0
LINE
8
BLACK
6
CONTINUOUS
10
7.14617
20
-4.68592
11
7.14615
21
-4.68591
0
LINE
8
BLACK
6
CONTINUOUS
10
7.14615
20
-4.68591
11
7.14617
21
-4.68572
0
LINE
8
BLACK
6
CONTINUOUS
10
7.14617
20
-4.68572
11
7.1462
21
-4.68553
0
LINE
8
BLACK
6
CONTINUOUS
10
7.1462
20
-4.68553
11
7.14621
21
-4.68504
0
LINE
8
BLACK
6
CONTINUOUS
10
7.14621
20
-4.68504
11
7.14605
21
-4.68395
0
LINE
8
BLACK
6
CONTINUOUS
10
7.14605
20
-4.68395
11
7.146
21
-4.68325
0
LINE
8
BLACK
6
CONTINUOUS
10
7.146
20
-4.68325
11
7.146
21
-4.43528
0
LINE
8
BLACK
6
CONTINUOUS
10
7.146
20
-4.43528
11
7.14679
21
-4.4326
0
LINE
8
BLACK
6
CONTINUOUS
10
7.14679
20
-4.4326
11
7.1489
21
-4.43077
0
LINE
8
BLACK
6
CONTINUOUS
10
7.1489
20
-4.43077
11
7.15167
21
-4.43037
0
LINE
8
BLACK
6
CONTINUOUS
10
7.15167
20
-4.43037
11
7.15421
21
-4.43153
0
LINE
8
BLACK
6
CONTINUOUS
10
7.15421
20
-4.43153
11
7.15489
21
-4.43225
0
LINE
8
BLACK
6
CONTINUOUS
10
7.15489
20
-4.43225
11
7.156
21
-4.43369
0
LINE
8
BLACK
6
CONTINUOUS
10
7.156
20
-4.43369
11
7.16211
21
-4.4416
0
LINE
8
BLACK
6
CONTINUOUS
10
7.16211
20
-4.4416
11
7.16221
21
-4.44171
0
LINE
8
BLACK
6
CONTINUOUS
10
7.16221
20
-4.44171
11
7.17068
21
-4.45031
0
LINE
8
BLACK
6
CONTINUOUS
10
7.17068
20
-4.45031
11
7.17129
21
-4.45093
0
LINE
8
BLACK
6
CONTINUOUS
10
7.17129
20
-4.45093
11
7.18153
21
-4.45909
0
LINE
8
BLACK
6
CONTINUOUS
10
7.18153
20
-4.45909
11
7.19268
21
-4.46597
0
LINE
8
BLACK
6
CONTINUOUS
10
7.19268
20
-4.46597
11
7.20457
21
-4.47145
0
LINE
8
BLACK
6
CONTINUOUS
10
7.20457
20
-4.47145
11
7.20471
21
-4.47149
0
LINE
8
BLACK
6
CONTINUOUS
10
7.20471
20
-4.47149
11
7.20471
21
-4.47149
0
LINE
8
BLACK
6
CONTINUOUS
10
7.20471
20
-4.47149
11
7.21689
21
-4.47542
0
LINE
8
BLACK
6
CONTINUOUS
10
7.21689
20
-4.47542
11
7.21689
21
-4.47542
0
LINE
8
BLACK
6
CONTINUOUS
10
7.21689
20
-4.47542
11
7.21704
21
-4.47546
0
LINE
8
BLACK
6
CONTINUOUS
10
7.21704
20
-4.47546
11
7.21718
21
-4.47549
0
LINE
8
BLACK
6
CONTINUOUS
10
7.21718
20
-4.47549
11
7.21718
21
-4.47549
0
LINE
8
BLACK
6
CONTINUOUS
10
7.21718
20
-4.47549
11
7.22975
21
-4.47792
0
LINE
8
BLACK
6
CONTINUOUS
10
7.22975
20
-4.47792
11
7.22975
21
-4.47792
0
LINE
8
BLACK
6
CONTINUOUS
10
7.22975
20
-4.47792
11
7.22989
21
-4.47795
0
LINE
8
BLACK
6
CONTINUOUS
10
7.22989
20
-4.47795
11
7.23004
21
-4.47796
0
LINE
8
BLACK
6
CONTINUOUS
10
7.23004
20
-4.47796
11
7.23004
21
-4.47796
0
LINE
8
BLACK
6
CONTINUOUS
10
7.23004
20
-4.47796
11
7.23401
21
-4.47824
0
LINE
8
BLACK
6
CONTINUOUS
10
7.23401
20
-4.47824
11
7.24024
21
-4.47868
0
LINE
8
BLACK
6
CONTINUOUS
10
7.24024
20
-4.47868
11
7.24739
21
-4.47868
0
LINE
8
BLACK
6
CONTINUOUS
10
7.24739
20
-4.47868
11
7.24746
21
-4.47868
0
LINE
8
BLACK
6
CONTINUOUS
10
7.24746
20
-4.47868
11
7.24746
21
-4.47868
0
LINE
8
BLACK
6
CONTINUOUS
10
7.24746
20
-4.47868
11
7.25702
21
-4.4781
0
LINE
8
BLACK
6
CONTINUOUS
10
7.25702
20
-4.4781
11
7.25702
21
-4.4781
0
LINE
8
BLACK
6
CONTINUOUS
10
7.25702
20
-4.4781
11
7.25717
21
-4.47809
0
LINE
8
BLACK
6
CONTINUOUS
10
7.25717
20
-4.47809
11
7.26443
21
-4.47677
0
LINE
8
BLACK
6
CONTINUOUS
10
7.26443
20
-4.47677
11
7.2699
21
-4.47577
0
LINE
8
BLACK
6
CONTINUOUS
10
7.2699
20
-4.47577
11
7.2699
21
-4.47577
0
LINE
8
BLACK
6
CONTINUOUS
10
7.2699
20
-4.47577
11
7.27005
21
-4.47574
0
LINE
8
BLACK
6
CONTINUOUS
10
7.27005
20
-4.47574
11
7.27019
21
-4.47569
0
LINE
8
BLACK
6
CONTINUOUS
10
7.27019
20
-4.47569
11
7.27019
21
-4.47569
0
LINE
8
BLACK
6
CONTINUOUS
10
7.27019
20
-4.47569
11
7.28088
21
-4.47238
0
LINE
8
BLACK
6
CONTINUOUS
10
7.28088
20
-4.47238
11
7.28255
21
-4.47186
0
LINE
8
BLACK
6
CONTINUOUS
10
7.28255
20
-4.47186
11
7.2945
21
-4.4665
0
LINE
8
BLACK
6
CONTINUOUS
10
7.2945
20
-4.4665
11
7.30126
21
-4.46243
0
LINE
8
BLACK
6
CONTINUOUS
10
7.30126
20
-4.46243
11
7.30559
21
-4.45982
0
LINE
8
BLACK
6
CONTINUOUS
10
7.30559
20
-4.45982
11
7.30559
21
-4.45982
0
LINE
8
BLACK
6
CONTINUOUS
10
7.30559
20
-4.45982
11
7.30572
21
-4.45974
0
LINE
8
BLACK
6
CONTINUOUS
10
7.30572
20
-4.45974
11
7.30584
21
-4.45965
0
LINE
8
BLACK
6
CONTINUOUS
10
7.30584
20
-4.45965
11
7.30584
21
-4.45965
0
LINE
8
BLACK
6
CONTINUOUS
10
7.30584
20
-4.45965
11
7.31593
21
-4.45178
0
LINE
8
BLACK
6
CONTINUOUS
10
7.31593
20
-4.45178
11
7.31593
21
-4.45178
0
LINE
8
BLACK
6
CONTINUOUS
10
7.31593
20
-4.45178
11
7.31605
21
-4.45169
0
LINE
8
BLACK
6
CONTINUOUS
10
7.31605
20
-4.45169
11
7.32533
21
-4.44246
0
LINE
8
BLACK
6
CONTINUOUS
10
7.32533
20
-4.44246
11
7.33344
21
-4.43217
0
LINE
8
BLACK
6
CONTINUOUS
10
7.33344
20
-4.43217
11
7.34025
21
-4.42099
0
LINE
8
BLACK
6
CONTINUOUS
10
7.34025
20
-4.42099
11
7.34281
21
-4.41535
0
LINE
8
BLACK
6
CONTINUOUS
10
7.34281
20
-4.41535
11
7.34561
21
-4.40921
0
LINE
8
BLACK
6
CONTINUOUS
10
7.34561
20
-4.40921
11
7.34561
21
-4.40921
0
LINE
8
BLACK
6
CONTINUOUS
10
7.34561
20
-4.40921
11
7.34567
21
-4.40907
0
LINE
8
BLACK
6
CONTINUOUS
10
7.34567
20
-4.40907
11
7.34962
21
-4.39658
0
LINE
8
BLACK
6
CONTINUOUS
10
7.34962
20
-4.39658
11
7.35204
21
-4.38372
0
LINE
8
BLACK
6
CONTINUOUS
10
7.35204
20
-4.38372
11
7.35289
21
-4.37065
0
LINE
8
BLACK
6
CONTINUOUS
10
7.35289
20
-4.37065
11
7.35217
21
-4.35757
0
LINE
8
BLACK
6
CONTINUOUS
10
7.35217
20
-4.35757
11
7.35214
21
-4.35737
0
LINE
8
BLACK
6
CONTINUOUS
10
7.35214
20
-4.35737
11
7.34992
21
-4.34483
0
LINE
8
BLACK
6
CONTINUOUS
10
7.34992
20
-4.34483
11
7.34989
21
-4.34468
0
LINE
8
BLACK
6
CONTINUOUS
10
7.34989
20
-4.34468
11
7.34974
21
-4.3442
0
LINE
8
BLACK
6
CONTINUOUS
10
7.34974
20
-4.3442
11
7.34703
21
-4.33529
0
LINE
8
BLACK
6
CONTINUOUS
10
7.34703
20
-4.33529
11
7.34607
21
-4.33215
0
LINE
8
BLACK
6
CONTINUOUS
10
7.34607
20
-4.33215
11
7.34601
21
-4.33202
0
LINE
8
BLACK
6
CONTINUOUS
10
7.34601
20
-4.33202
11
7.34601
21
-4.33202
0
LINE
8
BLACK
6
CONTINUOUS
10
7.34601
20
-4.33202
11
7.34219
21
-4.32336
0
LINE
8
BLACK
6
CONTINUOUS
10
7.34219
20
-4.32336
11
7.34078
21
-4.32018
0
LINE
8
BLACK
6
CONTINUOUS
10
7.34078
20
-4.32018
11
7.34061
21
-4.3199
0
LINE
8
BLACK
6
CONTINUOUS
10
7.34061
20
-4.3199
11
7.33416
21
-4.30905
0
LINE
8
BLACK
6
CONTINUOUS
10
7.33416
20
-4.30905
11
7.33416
21
-4.30905
0
LINE
8
BLACK
6
CONTINUOUS
10
7.33416
20
-4.30905
11
7.33408
21
-4.30892
0
LINE
8
BLACK
6
CONTINUOUS
10
7.33408
20
-4.30892
11
7.33367
21
-4.3084
0
LINE
8
BLACK
6
CONTINUOUS
10
7.33367
20
-4.3084
11
7.33035
21
-4.30409
0
LINE
8
BLACK
6
CONTINUOUS
10
7.33035
20
-4.30409
11
7.32608
21
-4.29856
0
LINE
8
BLACK
6
CONTINUOUS
10
7.32608
20
-4.29856
11
7.3169
21
-4.28922
0
LINE
8
BLACK
6
CONTINUOUS
10
7.3169
20
-4.28922
11
7.30666
21
-4.28106
0
LINE
8
BLACK
6
CONTINUOUS
10
7.30666
20
-4.28106
11
7.29551
21
-4.27419
0
LINE
8
BLACK
6
CONTINUOUS
10
7.29551
20
-4.27419
11
7.28362
21
-4.26871
0
LINE
8
BLACK
6
CONTINUOUS
10
7.28362
20
-4.26871
11
7.28347
21
-4.26866
0
LINE
8
BLACK
6
CONTINUOUS
10
7.28347
20
-4.26866
11
7.28347
21
-4.26866
0
LINE
8
BLACK
6
CONTINUOUS
10
7.28347
20
-4.26866
11
7.27129
21
-4.26474
0
LINE
8
BLACK
6
CONTINUOUS
10
7.27129
20
-4.26474
11
7.27129
21
-4.26474
0
LINE
8
BLACK
6
CONTINUOUS
10
7.27129
20
-4.26474
11
7.27115
21
-4.2647
0
LINE
8
BLACK
6
CONTINUOUS
10
7.27115
20
-4.2647
11
7.27101
21
-4.26467
0
LINE
8
BLACK
6
CONTINUOUS
10
7.27101
20
-4.26467
11
7.27101
21
-4.26467
0
LINE
8
BLACK
6
CONTINUOUS
10
7.27101
20
-4.26467
11
7.25844
21
-4.26224
0
LINE
8
BLACK
6
CONTINUOUS
10
7.25844
20
-4.26224
11
7.25844
21
-4.26224
0
LINE
8
BLACK
6
CONTINUOUS
10
7.25844
20
-4.26224
11
7.2583
21
-4.26221
0
LINE
8
BLACK
6
CONTINUOUS
10
7.2583
20
-4.26221
11
7.25815
21
-4.2622
0
LINE
8
BLACK
6
CONTINUOUS
10
7.25815
20
-4.2622
11
7.25815
21
-4.2622
0
LINE
8
BLACK
6
CONTINUOUS
10
7.25815
20
-4.2622
11
7.25418
21
-4.26192
0
LINE
8
BLACK
6
CONTINUOUS
10
7.25418
20
-4.26192
11
7.24795
21
-4.26148
0
LINE
8
BLACK
6
CONTINUOUS
10
7.24795
20
-4.26148
11
7.2408
21
-4.26148
0
LINE
8
BLACK
6
CONTINUOUS
10
7.2408
20
-4.26148
11
7.24073
21
-4.26148
0
LINE
8
BLACK
6
CONTINUOUS
10
7.24073
20
-4.26148
11
7.24073
21
-4.26148
0
LINE
8
BLACK
6
CONTINUOUS
10
7.24073
20
-4.26148
11
7.23117
21
-4.26206
0
LINE
8
BLACK
6
CONTINUOUS
10
7.23117
20
-4.26206
11
7.23117
21
-4.26206
0
LINE
8
BLACK
6
CONTINUOUS
10
7.23117
20
-4.26206
11
7.23102
21
-4.26207
0
LINE
8
BLACK
6
CONTINUOUS
10
7.23102
20
-4.26207
11
7.22481
21
-4.2632
0
LINE
8
BLACK
6
CONTINUOUS
10
7.22481
20
-4.2632
11
7.21829
21
-4.26439
0
LINE
8
BLACK
6
CONTINUOUS
10
7.21829
20
-4.26439
11
7.21829
21
-4.26439
0
LINE
8
BLACK
6
CONTINUOUS
10
7.21829
20
-4.26439
11
7.21814
21
-4.26442
0
LINE
8
BLACK
6
CONTINUOUS
10
7.21814
20
-4.26442
11
7.218
21
-4.26446
0
LINE
8
BLACK
6
CONTINUOUS
10
7.218
20
-4.26446
11
7.218
21
-4.26446
0
LINE
8
BLACK
6
CONTINUOUS
10
7.218
20
-4.26446
11
7.21353
21
-4.26585
0
LINE
8
BLACK
6
CONTINUOUS
10
7.21353
20
-4.26585
11
7.20564
21
-4.2683
0
LINE
8
BLACK
6
CONTINUOUS
10
7.20564
20
-4.2683
11
7.19369
21
-4.27366
0
LINE
8
BLACK
6
CONTINUOUS
10
7.19369
20
-4.27366
11
7.18985
21
-4.27597
0
LINE
8
BLACK
6
CONTINUOUS
10
7.18985
20
-4.27597
11
7.1826
21
-4.28034
0
LINE
8
BLACK
6
CONTINUOUS
10
7.1826
20
-4.28034
11
7.1826
21
-4.28034
0
LINE
8
BLACK
6
CONTINUOUS
10
7.1826
20
-4.28034
11
7.18247
21
-4.28041
0
LINE
8
BLACK
6
CONTINUOUS
10
7.18247
20
-4.28041
11
7.18235
21
-4.2805
0
LINE
8
BLACK
6
CONTINUOUS
10
7.18235
20
-4.2805
11
7.18235
21
-4.2805
0
LINE
8
BLACK
6
CONTINUOUS
10
7.18235
20
-4.2805
11
7.17226
21
-4.28837
0
LINE
8
BLACK
6
CONTINUOUS
10
7.17226
20
-4.28837
11
7.17226
21
-4.28837
0
LINE
8
BLACK
6
CONTINUOUS
10
7.17226
20
-4.28837
11
7.17214
21
-4.28847
0
LINE
8
BLACK
6
CONTINUOUS
10
7.17214
20
-4.28847
11
7.16286
21
-4.2977
0
LINE
8
BLACK
6
CONTINUOUS
10
7.16286
20
-4.2977
11
7.15509
21
-4.30756
0
LINE
8
BLACK
6
CONTINUOUS
10
7.15509
20
-4.30756
11
7.15486
21
-4.30785
0
LINE
8
BLACK
6
CONTINUOUS
10
7.15486
20
-4.30785
11
7.15258
21
-4.30947
0
LINE
8
BLACK
6
CONTINUOUS
10
7.15258
20
-4.30947
11
7.14979
21
-4.3096
0
LINE
8
BLACK
6
CONTINUOUS
10
7.14979
20
-4.3096
11
7.14737
21
-4.3082
0
LINE
8
BLACK
6
CONTINUOUS
10
7.14737
20
-4.3082
11
7.14609
21
-4.30571
0
LINE
8
BLACK
6
CONTINUOUS
10
7.14609
20
-4.30571
11
7.146
21
-4.30478
0
LINE
8
BLACK
6
CONTINUOUS
10
7.146
20
-4.30478
11
7.146
21
-4.05721
0
LINE
8
BLACK
6
CONTINUOUS
10
7.146
20
-4.05721
11
7.14607
21
-4.05639
0
LINE
8
BLACK
6
CONTINUOUS
10
7.14607
20
-4.05639
11
7.14617
21
-4.0558
0
LINE
8
BLACK
6
CONTINUOUS
10
7.14617
20
-4.0558
11
7.14617
21
-4.0558
0
LINE
8
BLACK
6
CONTINUOUS
10
7.14617
20
-4.0558
11
7.1462
21
-4.05561
0
LINE
8
BLACK
6
CONTINUOUS
10
7.1462
20
-4.05561
11
7.14621
21
-4.05512
0
LINE
8
BLACK
6
CONTINUOUS
10
7.14621
20
-4.05512
11
7.14618
21
-4.05493
0
LINE
8
BLACK
6
CONTINUOUS
10
7.14618
20
-4.05493
11
7.14618
21
-4.05493
0
LINE
8
BLACK
6
CONTINUOUS
10
7.14618
20
-4.05493
11
7.14615
21
-4.05469
0
LINE
8
BLACK
6
CONTINUOUS
10
7.14615
20
-4.05469
11
7.14611
21
-4.05363
0
LINE
8
BLACK
6
CONTINUOUS
10
7.14611
20
-4.05363
11
7.14658
21
-4.04712
0
LINE
8
BLACK
6
CONTINUOUS
10
7.14658
20
-4.04712
11
7.14668
21
-4.04641
0
LINE
8
BLACK
6
CONTINUOUS
10
7.14668
20
-4.04641
11
7.14831
21
-4.03892
0
LINE
8
BLACK
6
CONTINUOUS
10
7.14831
20
-4.03892
11
7.14851
21
-4.03824
0
LINE
8
BLACK
6
CONTINUOUS
10
7.14851
20
-4.03824
11
7.15119
21
-4.03106
0
LINE
8
BLACK
6
CONTINUOUS
10
7.15119
20
-4.03106
11
7.15148
21
-4.03041
0
LINE
8
BLACK
6
CONTINUOUS
10
7.15148
20
-4.03041
11
7.15516
21
-4.02368
0
LINE
8
BLACK
6
CONTINUOUS
10
7.15516
20
-4.02368
11
7.15554
21
-4.02309
0
LINE
8
BLACK
6
CONTINUOUS
10
7.15554
20
-4.02309
11
7.16013
21
-4.01695
0
LINE
8
BLACK
6
CONTINUOUS
10
7.16013
20
-4.01695
11
7.1606
21
-4.01641
0
LINE
8
BLACK
6
CONTINUOUS
10
7.1606
20
-4.01641
11
7.16602
21
-4.01099
0
LINE
8
BLACK
6
CONTINUOUS
10
7.16602
20
-4.01099
11
7.16655
21
-4.01053
0
LINE
8
BLACK
6
CONTINUOUS
10
7.16655
20
-4.01053
11
7.17269
21
-4.00593
0
LINE
8
BLACK
6
CONTINUOUS
10
7.17269
20
-4.00593
11
7.17329
21
-4.00555
0
LINE
8
BLACK
6
CONTINUOUS
10
7.17329
20
-4.00555
11
7.18002
21
-4.00187
0
LINE
8
BLACK
6
CONTINUOUS
10
7.18002
20
-4.00187
11
7.18066
21
-4.00158
0
LINE
8
BLACK
6
CONTINUOUS
10
7.18066
20
-4.00158
11
7.18785
21
-3.9989
0
LINE
8
BLACK
6
CONTINUOUS
10
7.18785
20
-3.9989
11
7.18853
21
-3.9987
0
LINE
8
BLACK
6
CONTINUOUS
10
7.18853
20
-3.9987
11
7.19602
21
-3.99707
0
LINE
8
BLACK
6
CONTINUOUS
10
7.19602
20
-3.99707
11
7.19672
21
-3.99697
0
LINE
8
BLACK
6
CONTINUOUS
10
7.19672
20
-3.99697
11
7.20309
21
-3.99651
0
LINE
8
BLACK
6
CONTINUOUS
10
7.20309
20
-3.99651
11
7.2038
21
-3.99654
0
LINE
8
BLACK
6
CONTINUOUS
10
7.2038
20
-3.99654
11
7.20413
21
-3.99655
0
LINE
8
BLACK
6
CONTINUOUS
10
7.20413
20
-3.99655
11
7.20448
21
-3.9966
0
LINE
8
BLACK
6
CONTINUOUS
10
7.20448
20
-3.9966
11
7.20572
21
-3.99644
0
LINE
8
BLACK
6
CONTINUOUS
10
7.20572
20
-3.99644
11
7.20636
21
-3.9964
0
LINE
8
BLACK
6
CONTINUOUS
10
7.20636
20
-3.9964
11
7.77321
21
-3.9964
0
LINE
8
BLACK
6
CONTINUOUS
10
7.77321
20
-3.9964
11
7.77589
21
-3.99719
0
LINE
8
BLACK
6
CONTINUOUS
10
7.77589
20
-3.99719
11
7.77772
21
-3.9993
0
LINE
8
BLACK
6
CONTINUOUS
10
7.77772
20
-3.9993
11
7.77812
21
-4.00206
0
LINE
8
BLACK
6
CONTINUOUS
10
7.77812
20
-4.00206
11
7.77696
21
-4.00461
0
LINE
8
BLACK
6
CONTINUOUS
10
7.77696
20
-4.00461
11
7.77672
21
-4.00486
0
LINE
8
BLACK
6
CONTINUOUS
10
7.77672
20
-4.00486
11
7.77312
21
-4.00847
0
LINE
8
BLACK
6
CONTINUOUS
10
7.77312
20
-4.00847
11
7.77267
21
-4.00893
0
LINE
8
BLACK
6
CONTINUOUS
10
7.77267
20
-4.00893
11
7.77251
21
-4.00917
0
LINE
8
BLACK
6
CONTINUOUS
10
7.77251
20
-4.00917
11
7.77251
21
-4.00917
0
LINE
8
BLACK
6
CONTINUOUS
10
7.77251
20
-4.00917
11
7.77155
21
-4.01074
0
LINE
8
BLACK
6
CONTINUOUS
10
7.77155
20
-4.01074
11
7.76901
21
-4.01485
0
LINE
8
BLACK
6
CONTINUOUS
10
7.76901
20
-4.01485
11
7.76682
21
-4.02146
0
LINE
8
BLACK
6
CONTINUOUS
10
7.76682
20
-4.02146
11
7.7664
21
-4.02557
0
LINE
8
BLACK
6
CONTINUOUS
10
7.7664
20
-4.02557
11
7.7664
21
-4.04923
0
LINE
8
BLACK
6
CONTINUOUS
10
7.7664
20
-4.04923
11
7.76683
21
-4.05339
0
LINE
8
BLACK
6
CONTINUOUS
10
7.76683
20
-4.05339
11
7.76692
21
-4.05365
0
LINE
8
BLACK
6
CONTINUOUS
10
7.76692
20
-4.05365
11
7.76692
21
-4.05365
0
LINE
8
BLACK
6
CONTINUOUS
10
7.76692
20
-4.05365
11
7.76747
21
-4.05531
0
LINE
8
BLACK
6
CONTINUOUS
10
7.76747
20
-4.05531
11
7.76903
21
-4.06
0
LINE
8
BLACK
6
CONTINUOUS
10
7.76903
20
-4.06
11
7.7727
21
-4.06592
0
LINE
8
BLACK
6
CONTINUOUS
10
7.7727
20
-4.06592
11
7.77763
21
-4.07084
0
LINE
8
BLACK
6
CONTINUOUS
10
7.77763
20
-4.07084
11
7.77779
21
-4.07094
0
LINE
8
BLACK
6
CONTINUOUS
10
7.77779
20
-4.07094
11
7.77939
21
-4.07319
0
LINE
8
BLACK
6
CONTINUOUS
10
7.77939
20
-4.07319
11
7.77951
21
-4.07598
0
LINE
8
BLACK
6
CONTINUOUS
10
7.77951
20
-4.07598
11
7.77811
21
-4.0784
0
LINE
8
BLACK
6
CONTINUOUS
10
7.77811
20
-4.0784
11
7.77781
21
-4.07866
0
LINE
8
BLACK
6
CONTINUOUS
10
7.77781
20
-4.07866
11
7.77758
21
-4.0788
0
LINE
8
BLACK
6
CONTINUOUS
10
7.77758
20
-4.0788
11
7.77267
21
-4.08373
0
LINE
8
BLACK
6
CONTINUOUS
10
7.77267
20
-4.08373
11
7.76901
21
-4.08966
0
LINE
8
BLACK
6
CONTINUOUS
10
7.76901
20
-4.08966
11
7.76682
21
-4.09627
0
LINE
8
BLACK
6
CONTINUOUS
10
7.76682
20
-4.09627
11
7.7664
21
-4.10038
0
LINE
8
BLACK
6
CONTINUOUS
10
7.7664
20
-4.10038
11
7.7664
21
-4.12403
0
LINE
8
BLACK
6
CONTINUOUS
10
7.7664
20
-4.12403
11
7.76641
21
-4.12416
0
LINE
8
BLACK
6
CONTINUOUS
10
7.76641
20
-4.12416
11
7.76641
21
-4.12416
0
LINE
8
BLACK
6
CONTINUOUS
10
7.76641
20
-4.12416
11
7.76679
21
-4.12782
0
LINE
8
BLACK
6
CONTINUOUS
10
7.76679
20
-4.12782
11
7.76683
21
-4.1282
0
LINE
8
BLACK
6
CONTINUOUS
10
7.76683
20
-4.1282
11
7.76903
21
-4.1348
0
LINE
8
BLACK
6
CONTINUOUS
10
7.76903
20
-4.1348
11
7.7727
21
-4.14072
0
LINE
8
BLACK
6
CONTINUOUS
10
7.7727
20
-4.14072
11
7.7729
21
-4.14093
0
LINE
8
BLACK
6
CONTINUOUS
10
7.7729
20
-4.14093
11
7.77378
21
-4.1418
0
LINE
8
BLACK
6
CONTINUOUS
10
7.77378
20
-4.1418
11
7.77512
21
-4.14426
0
LINE
8
BLACK
6
CONTINUOUS
10
7.77512
20
-4.14426
11
7.77493
21
-4.14704
0
LINE
8
BLACK
6
CONTINUOUS
10
7.77493
20
-4.14704
11
7.77325
21
-4.14928
0
LINE
8
BLACK
6
CONTINUOUS
10
7.77325
20
-4.14928
11
7.77063
21
-4.15026
0
LINE
8
BLACK
6
CONTINUOUS
10
7.77063
20
-4.15026
11
7.77028
21
-4.15028
0
LINE
8
BLACK
6
CONTINUOUS
10
7.77028
20
-4.15028
11
7.76944
21
-4.15028
0
LINE
8
BLACK
6
CONTINUOUS
10
7.76944
20
-4.15028
11
7.77809
21
-4.15892
0
LINE
8
BLACK
6
CONTINUOUS
10
7.77809
20
-4.15892
11
7.77861
21
-4.15962
0
LINE
8
BLACK
6
CONTINUOUS
10
7.77861
20
-4.15962
11
7.77875
21
-4.15974
0
LINE
8
BLACK
6
CONTINUOUS
10
7.77875
20
-4.15974
11
7.77878
21
-4.15985
0
LINE
8
BLACK
6
CONTINUOUS
10
7.77878
20
-4.15985
11
7.77893
21
-4.16005
0
LINE
8
BLACK
6
CONTINUOUS
10
7.77893
20
-4.16005
11
7.77919
21
-4.16124
0
LINE
8
BLACK
6
CONTINUOUS
10
7.77919
20
-4.16124
11
7.77953
21
-4.1624
0
LINE
8
BLACK
6
CONTINUOUS
10
7.77953
20
-4.1624
11
7.77953
21
-4.17028
0
LINE
8
BLACK
6
CONTINUOUS
10
7.77953
20
-4.17028
11
7.78346
21
-4.17028
0
LINE
8
BLACK
6
CONTINUOUS
10
7.78346
20
-4.17028
11
7.78685
21
-4.17095
0
LINE
8
BLACK
6
CONTINUOUS
10
7.78685
20
-4.17095
11
7.78973
21
-4.17287
0
LINE
8
BLACK
6
CONTINUOUS
10
7.78973
20
-4.17287
11
7.79165
21
-4.17574
0
LINE
8
BLACK
6
CONTINUOUS
10
7.79165
20
-4.17574
11
7.79232
21
-4.17913
0
LINE
8
BLACK
6
CONTINUOUS
10
7.79232
20
-4.17913
11
7.79232
21
-4.19882
0
LINE
8
BLACK
6
CONTINUOUS
10
7.79232
20
-4.19882
11
7.79165
21
-4.20221
0
LINE
8
BLACK
6
CONTINUOUS
10
7.79165
20
-4.20221
11
7.78973
21
-4.20508
0
LINE
8
BLACK
6
CONTINUOUS
10
7.78973
20
-4.20508
11
7.78685
21
-4.207
0
LINE
8
BLACK
6
CONTINUOUS
10
7.78685
20
-4.207
11
7.78346
21
-4.20768
0
LINE
8
BLACK
6
CONTINUOUS
10
7.78346
20
-4.20768
11
7.76575
21
-4.20768
0
LINE
8
BLACK
6
CONTINUOUS
10
7.76575
20
-4.20768
11
7.76236
21
-4.207
0
LINE
8
BLACK
6
CONTINUOUS
10
7.76236
20
-4.207
11
7.75948
21
-4.20508
0
LINE
8
BLACK
6
CONTINUOUS
10
7.75948
20
-4.20508
11
7.75756
21
-4.20221
0
LINE
8
BLACK
6
CONTINUOUS
10
7.75756
20
-4.20221
11
7.75689
21
-4.19882
0
LINE
8
BLACK
6
CONTINUOUS
10
7.75689
20
-4.19882
11
7.75689
21
-4.17913
0
LINE
8
BLACK
6
CONTINUOUS
10
7.75689
20
-4.17913
11
7.75756
21
-4.17574
0
LINE
8
BLACK
6
CONTINUOUS
10
7.75756
20
-4.17574
11
7.75948
21
-4.17287
0
LINE
8
BLACK
6
CONTINUOUS
10
7.75948
20
-4.17287
11
7.76236
21
-4.17095
0
LINE
8
BLACK
6
CONTINUOUS
10
7.76236
20
-4.17095
11
7.76575
21
-4.17028
0
LINE
8
BLACK
6
CONTINUOUS
10
7.76575
20
-4.17028
11
7.76969
21
-4.17028
0
LINE
8
BLACK
6
CONTINUOUS
10
7.76969
20
-4.17028
11
7.76969
21
-4.16444
0
LINE
8
BLACK
6
CONTINUOUS
10
7.76969
20
-4.16444
11
7.75691
21
-4.15166
0
LINE
8
BLACK
6
CONTINUOUS
10
7.75691
20
-4.15166
11
7.7537
21
-4.15273
0
LINE
8
BLACK
6
CONTINUOUS
10
7.7537
20
-4.15273
11
7.75318
21
-4.15297
0
LINE
8
BLACK
6
CONTINUOUS
10
7.75318
20
-4.15297
11
7.74795
21
-4.15621
0
LINE
8
BLACK
6
CONTINUOUS
10
7.74795
20
-4.15621
11
7.74727
21
-4.15675
0
LINE
8
BLACK
6
CONTINUOUS
10
7.74727
20
-4.15675
11
7.74721
21
-4.15667
0
LINE
8
BLACK
6
CONTINUOUS
10
7.74721
20
-4.15667
11
7.74516
21
-4.15779
0
LINE
8
BLACK
6
CONTINUOUS
10
7.74516
20
-4.15779
11
7.74237
21
-4.15759
0
LINE
8
BLACK
6
CONTINUOUS
10
7.74237
20
-4.15759
11
7.74092
21
-4.15666
0
LINE
8
BLACK
6
CONTINUOUS
10
7.74092
20
-4.15666
11
7.74089
21
-4.1567
0
LINE
8
BLACK
6
CONTINUOUS
10
7.74089
20
-4.1567
11
7.74066
21
-4.15652
0
LINE
8
BLACK
6
CONTINUOUS
10
7.74066
20
-4.15652
11
7.74046
21
-4.15632
0
LINE
8
BLACK
6
CONTINUOUS
10
7.74046
20
-4.15632
11
7.7402
21
-4.15616
0
LINE
8
BLACK
6
CONTINUOUS
10
7.7402
20
-4.15616
11
7.73497
21
-4.15293
0
LINE
8
BLACK
6
CONTINUOUS
10
7.73497
20
-4.15293
11
7.73497
21
-4.15293
0
LINE
8
BLACK
6
CONTINUOUS
10
7.73497
20
-4.15293
11
7.73473
21
-4.15278
0
LINE
8
BLACK
6
CONTINUOUS
10
7.73473
20
-4.15278
11
7.72834
21
-4.15066
0
LINE
8
BLACK
6
CONTINUOUS
10
7.72834
20
-4.15066
11
7.72807
21
-4.15064
0
LINE
8
BLACK
6
CONTINUOUS
10
7.72807
20
-4.15064
11
7.72807
21
-4.15064
0
LINE
8
BLACK
6
CONTINUOUS
10
7.72807
20
-4.15064
11
7.72644
21
-4.15047
0
LINE
8
BLACK
6
CONTINUOUS
10
7.72644
20
-4.15047
11
7.72436
21
-4.15026
0
LINE
8
BLACK
6
CONTINUOUS
10
7.72436
20
-4.15026
11
7.70281
21
-4.15026
0
LINE
8
BLACK
6
CONTINUOUS
10
7.70281
20
-4.15026
11
7.70268
21
-4.15027
0
LINE
8
BLACK
6
CONTINUOUS
10
7.70268
20
-4.15027
11
7.70268
21
-4.15027
0
LINE
8
BLACK
6
CONTINUOUS
10
7.70268
20
-4.15027
11
7.70158
21
-4.15038
0
LINE
8
BLACK
6
CONTINUOUS
10
7.70158
20
-4.15038
11
7.69878
21
-4.15067
0
LINE
8
BLACK
6
CONTINUOUS
10
7.69878
20
-4.15067
11
7.69852
21
-4.15076
0
LINE
8
BLACK
6
CONTINUOUS
10
7.69852
20
-4.15076
11
7.69852
21
-4.15076
0
LINE
8
BLACK
6
CONTINUOUS
10
7.69852
20
-4.15076
11
7.69266
21
-4.15271
0
LINE
8
BLACK
6
CONTINUOUS
10
7.69266
20
-4.15271
11
7.69266
21
-4.15271
0
LINE
8
BLACK
6
CONTINUOUS
10
7.69266
20
-4.15271
11
7.69239
21
-4.1528
0
LINE
8
BLACK
6
CONTINUOUS
10
7.69239
20
-4.1528
11
7.69215
21
-4.15296
0
LINE
8
BLACK
6
CONTINUOUS
10
7.69215
20
-4.15296
11
7.69215
21
-4.15296
0
LINE
8
BLACK
6
CONTINUOUS
10
7.69215
20
-4.15296
11
7.68693
21
-4.15618
0
LINE
8
BLACK
6
CONTINUOUS
10
7.68693
20
-4.15618
11
7.68666
21
-4.15635
0
LINE
8
BLACK
6
CONTINUOUS
10
7.68666
20
-4.15635
11
7.68646
21
-4.15655
0
LINE
8
BLACK
6
CONTINUOUS
10
7.68646
20
-4.15655
11
7.68624
21
-4.15673
0
LINE
8
BLACK
6
CONTINUOUS
10
7.68624
20
-4.15673
11
7.68618
21
-4.15666
0
LINE
8
BLACK
6
CONTINUOUS
10
7.68618
20
-4.15666
11
7.68413
21
-4.15778
0
LINE
8
BLACK
6
CONTINUOUS
10
7.68413
20
-4.15778
11
7.68134
21
-4.15758
0
LINE
8
BLACK
6
CONTINUOUS
10
7.68134
20
-4.15758
11
7.6799
21
-4.15666
0
LINE
8
BLACK
6
CONTINUOUS
10
7.6799
20
-4.15666
11
7.67987
21
-4.1567
0
LINE
8
BLACK
6
CONTINUOUS
10
7.67987
20
-4.1567
11
7.67964
21
-4.15652
0
LINE
8
BLACK
6
CONTINUOUS
10
7.67964
20
-4.15652
11
7.67944
21
-4.15632
0
LINE
8
BLACK
6
CONTINUOUS
10
7.67944
20
-4.15632
11
7.67918
21
-4.15616
0
LINE
8
BLACK
6
CONTINUOUS
10
7.67918
20
-4.15616
11
7.67395
21
-4.15293
0
LINE
8
BLACK
6
CONTINUOUS
10
7.67395
20
-4.15293
11
7.67395
21
-4.15293
0
LINE
8
BLACK
6
CONTINUOUS
10
7.67395
20
-4.15293
11
7.6737
21
-4.15278
0
LINE
8
BLACK
6
CONTINUOUS
10
7.6737
20
-4.15278
11
7.66731
21
-4.15066
0
LINE
8
BLACK
6
CONTINUOUS
10
7.66731
20
-4.15066
11
7.66704
21
-4.15064
0
LINE
8
BLACK
6
CONTINUOUS
10
7.66704
20
-4.15064
11
7.66704
21
-4.15064
0
LINE
8
BLACK
6
CONTINUOUS
10
7.66704
20
-4.15064
11
7.66542
21
-4.15047
0
LINE
8
BLACK
6
CONTINUOUS
10
7.66542
20
-4.15047
11
7.66334
21
-4.15026
0
LINE
8
BLACK
6
CONTINUOUS
10
7.66334
20
-4.15026
11
7.64178
21
-4.15026
0
LINE
8
BLACK
6
CONTINUOUS
10
7.64178
20
-4.15026
11
7.64165
21
-4.15027
0
LINE
8
BLACK
6
CONTINUOUS
10
7.64165
20
-4.15027
11
7.64165
21
-4.15027
0
LINE
8
BLACK
6
CONTINUOUS
10
7.64165
20
-4.15027
11
7.64056
21
-4.15038
0
LINE
8
BLACK
6
CONTINUOUS
10
7.64056
20
-4.15038
11
7.63776
21
-4.15067
0
LINE
8
BLACK
6
CONTINUOUS
10
7.63776
20
-4.15067
11
7.6375
21
-4.15076
0
LINE
8
BLACK
6
CONTINUOUS
10
7.6375
20
-4.15076
11
7.6375
21
-4.15076
0
LINE
8
BLACK
6
CONTINUOUS
10
7.6375
20
-4.15076
11
7.63164
21
-4.15271
0
LINE
8
BLACK
6
CONTINUOUS
10
7.63164
20
-4.15271
11
7.63164
21
-4.15271
0
LINE
8
BLACK
6
CONTINUOUS
10
7.63164
20
-4.15271
11
7.63137
21
-4.1528
0
LINE
8
BLACK
6
CONTINUOUS
10
7.63137
20
-4.1528
11
7.63112
21
-4.15296
0
LINE
8
BLACK
6
CONTINUOUS
10
7.63112
20
-4.15296
11
7.63112
21
-4.15296
0
LINE
8
BLACK
6
CONTINUOUS
10
7.63112
20
-4.15296
11
7.62591
21
-4.15618
0
LINE
8
BLACK
6
CONTINUOUS
10
7.62591
20
-4.15618
11
7.62564
21
-4.15635
0
LINE
8
BLACK
6
CONTINUOUS
10
7.62564
20
-4.15635
11
7.62544
21
-4.15655
0
LINE
8
BLACK
6
CONTINUOUS
10
7.62544
20
-4.15655
11
7.62521
21
-4.15673
0
LINE
8
BLACK
6
CONTINUOUS
10
7.62521
20
-4.15673
11
7.62515
21
-4.15666
0
LINE
8
BLACK
6
CONTINUOUS
10
7.62515
20
-4.15666
11
7.6231
21
-4.15778
0
LINE
8
BLACK
6
CONTINUOUS
10
7.6231
20
-4.15778
11
7.62031
21
-4.15758
0
LINE
8
BLACK
6
CONTINUOUS
10
7.62031
20
-4.15758
11
7.61888
21
-4.15666
0
LINE
8
BLACK
6
CONTINUOUS
10
7.61888
20
-4.15666
11
7.61884
21
-4.1567
0
LINE
8
BLACK
6
CONTINUOUS
10
7.61884
20
-4.1567
11
7.61862
21
-4.15652
0
LINE
8
BLACK
6
CONTINUOUS
10
7.61862
20
-4.15652
11
7.61841
21
-4.15632
0
LINE
8
BLACK
6
CONTINUOUS
10
7.61841
20
-4.15632
11
7.61816
21
-4.15616
0
LINE
8
BLACK
6
CONTINUOUS
10
7.61816
20
-4.15616
11
7.61293
21
-4.15293
0
LINE
8
BLACK
6
CONTINUOUS
10
7.61293
20
-4.15293
11
7.61293
21
-4.15293
0
LINE
8
BLACK
6
CONTINUOUS
10
7.61293
20
-4.15293
11
7.61268
21
-4.15278
0
LINE
8
BLACK
6
CONTINUOUS
10
7.61268
20
-4.15278
11
7.60629
21
-4.15066
0
LINE
8
BLACK
6
CONTINUOUS
10
7.60629
20
-4.15066
11
7.60602
21
-4.15064
0
LINE
8
BLACK
6
CONTINUOUS
10
7.60602
20
-4.15064
11
7.60602
21
-4.15064
0
LINE
8
BLACK
6
CONTINUOUS
10
7.60602
20
-4.15064
11
7.60439
21
-4.15047
0
LINE
8
BLACK
6
CONTINUOUS
10
7.60439
20
-4.15047
11
7.60231
21
-4.15026
0
LINE
8
BLACK
6
CONTINUOUS
10
7.60231
20
-4.15026
11
7.58076
21
-4.15026
0
LINE
8
BLACK
6
CONTINUOUS
10
7.58076
20
-4.15026
11
7.58063
21
-4.15027
0
LINE
8
BLACK
6
CONTINUOUS
10
7.58063
20
-4.15027
11
7.58063
21
-4.15027
0
LINE
8
BLACK
6
CONTINUOUS
10
7.58063
20
-4.15027
11
7.57953
21
-4.15038
0
LINE
8
BLACK
6
CONTINUOUS
10
7.57953
20
-4.15038
11
7.57673
21
-4.15067
0
LINE
8
BLACK
6
CONTINUOUS
10
7.57673
20
-4.15067
11
7.57647
21
-4.15076
0
LINE
8
BLACK
6
CONTINUOUS
10
7.57647
20
-4.15076
11
7.57647
21
-4.15076
0
LINE
8
BLACK
6
CONTINUOUS
10
7.57647
20
-4.15076
11
7.57062
21
-4.15271
0
LINE
8
BLACK
6
CONTINUOUS
10
7.57062
20
-4.15271
11
7.57062
21
-4.15271
0
LINE
8
BLACK
6
CONTINUOUS
10
7.57062
20
-4.15271
11
7.57034
21
-4.1528
0
LINE
8
BLACK
6
CONTINUOUS
10
7.57034
20
-4.1528
11
7.5701
21
-4.15296
0
LINE
8
BLACK
6
CONTINUOUS
10
7.5701
20
-4.15296
11
7.5701
21
-4.15296
0
LINE
8
BLACK
6
CONTINUOUS
10
7.5701
20
-4.15296
11
7.56489
21
-4.15618
0
LINE
8
BLACK
6
CONTINUOUS
10
7.56489
20
-4.15618
11
7.56462
21
-4.15635
0
LINE
8
BLACK
6
CONTINUOUS
10
7.56462
20
-4.15635
11
7.56441
21
-4.15655
0
LINE
8
BLACK
6
CONTINUOUS
10
7.56441
20
-4.15655
11
7.56419
21
-4.15673
0
LINE
8
BLACK
6
CONTINUOUS
10
7.56419
20
-4.15673
11
7.56413
21
-4.15666
0
LINE
8
BLACK
6
CONTINUOUS
10
7.56413
20
-4.15666
11
7.56208
21
-4.15778
0
LINE
8
BLACK
6
CONTINUOUS
10
7.56208
20
-4.15778
11
7.55929
21
-4.15758
0
LINE
8
BLACK
6
CONTINUOUS
10
7.55929
20
-4.15758
11
7.55785
21
-4.15666
0
LINE
8
BLACK
6
CONTINUOUS
10
7.55785
20
-4.15666
11
7.55782
21
-4.1567
0
LINE
8
BLACK
6
CONTINUOUS
10
7.55782
20
-4.1567
11
7.55759
21
-4.15652
0
LINE
8
BLACK
6
CONTINUOUS
10
7.55759
20
-4.15652
11
7.55739
21
-4.15632
0
LINE
8
BLACK
6
CONTINUOUS
10
7.55739
20
-4.15632
11
7.55713
21
-4.15616
0
LINE
8
BLACK
6
CONTINUOUS
10
7.55713
20
-4.15616
11
7.5519
21
-4.15293
0
LINE
8
BLACK
6
CONTINUOUS
10
7.5519
20
-4.15293
11
7.5519
21
-4.15293
0
LINE
8
BLACK
6
CONTINUOUS
10
7.5519
20
-4.15293
11
7.55166
21
-4.15278
0
LINE
8
BLACK
6
CONTINUOUS
10
7.55166
20
-4.15278
11
7.54527
21
-4.15066
0
LINE
8
BLACK
6
CONTINUOUS
10
7.54527
20
-4.15066
11
7.545
21
-4.15064
0
LINE
8
BLACK
6
CONTINUOUS
10
7.545
20
-4.15064
11
7.545
21
-4.15064
0
LINE
8
BLACK
6
CONTINUOUS
10
7.545
20
-4.15064
11
7.54337
21
-4.15047
0
LINE
8
BLACK
6
CONTINUOUS
10
7.54337
20
-4.15047
11
7.54129
21
-4.15026
0
LINE
8
BLACK
6
CONTINUOUS
10
7.54129
20
-4.15026
11
7.51973
21
-4.15026
0
LINE
8
BLACK
6
CONTINUOUS
10
7.51973
20
-4.15026
11
7.51961
21
-4.15027
0
LINE
8
BLACK
6
CONTINUOUS
10
7.51961
20
-4.15027
11
7.51961
21
-4.15027
0
LINE
8
BLACK
6
CONTINUOUS
10
7.51961
20
-4.15027
11
7.51851
21
-4.15038
0
LINE
8
BLACK
6
CONTINUOUS
10
7.51851
20
-4.15038
11
7.51571
21
-4.15067
0
LINE
8
BLACK
6
CONTINUOUS
10
7.51571
20
-4.15067
11
7.51545
21
-4.15076
0
LINE
8
BLACK
6
CONTINUOUS
10
7.51545
20
-4.15076
11
7.51545
21
-4.15076
0
LINE
8
BLACK
6
CONTINUOUS
10
7.51545
20
-4.15076
11
7.50959
21
-4.15271
0
LINE
8
BLACK
6
CONTINUOUS
10
7.50959
20
-4.15271
11
7.50959
21
-4.15271
0
LINE
8
BLACK
6
CONTINUOUS
10
7.50959
20
-4.15271
11
7.50932
21
-4.1528
0
LINE
8
BLACK
6
CONTINUOUS
10
7.50932
20
-4.1528
11
7.50908
21
-4.15296
0
LINE
8
BLACK
6
CONTINUOUS
10
7.50908
20
-4.15296
11
7.50908
21
-4.15296
0
LINE
8
BLACK
6
CONTINUOUS
10
7.50908
20
-4.15296
11
7.50386
21
-4.15618
0
LINE
8
BLACK
6
CONTINUOUS
10
7.50386
20
-4.15618
11
7.50359
21
-4.15635
0
LINE
8
BLACK
6
CONTINUOUS
10
7.50359
20
-4.15635
11
7.50339
21
-4.15655
0
LINE
8
BLACK
6
CONTINUOUS
10
7.50339
20
-4.15655
11
7.50316
21
-4.15673
0
LINE
8
BLACK
6
CONTINUOUS
10
7.50316
20
-4.15673
11
7.5031
21
-4.15666
0
LINE
8
BLACK
6
CONTINUOUS
10
7.5031
20
-4.15666
11
7.50105
21
-4.15778
0
LINE
8
BLACK
6
CONTINUOUS
10
7.50105
20
-4.15778
11
7.49827
21
-4.15758
0
LINE
8
BLACK
6
CONTINUOUS
10
7.49827
20
-4.15758
11
7.49683
21
-4.15666
0
LINE
8
BLACK
6
CONTINUOUS
10
7.49683
20
-4.15666
11
7.4968
21
-4.1567
0
LINE
8
BLACK
6
CONTINUOUS
10
7.4968
20
-4.1567
11
7.49657
21
-4.15652
0
LINE
8
BLACK
6
CONTINUOUS
10
7.49657
20
-4.15652
11
7.49637
21
-4.15632
0
LINE
8
BLACK
6
CONTINUOUS
10
7.49637
20
-4.15632
11
7.49611
21
-4.15616
0
LINE
8
BLACK
6
CONTINUOUS
10
7.49611
20
-4.15616
11
7.49088
21
-4.15293
0
LINE
8
BLACK
6
CONTINUOUS
10
7.49088
20
-4.15293
11
7.49088
21
-4.15293
0
LINE
8
BLACK
6
CONTINUOUS
10
7.49088
20
-4.15293
11
7.49063
21
-4.15278
0
LINE
8
BLACK
6
CONTINUOUS
10
7.49063
20
-4.15278
11
7.48424
21
-4.15066
0
LINE
8
BLACK
6
CONTINUOUS
10
7.48424
20
-4.15066
11
7.48397
21
-4.15064
0
LINE
8
BLACK
6
CONTINUOUS
10
7.48397
20
-4.15064
11
7.48397
21
-4.15064
0
LINE
8
BLACK
6
CONTINUOUS
10
7.48397
20
-4.15064
11
7.48235
21
-4.15047
0
LINE
8
BLACK
6
CONTINUOUS
10
7.48235
20
-4.15047
11
7.48027
21
-4.15026
0
LINE
8
BLACK
6
CONTINUOUS
10
7.48027
20
-4.15026
11
7.45871
21
-4.15026
0
LINE
8
BLACK
6
CONTINUOUS
10
7.45871
20
-4.15026
11
7.45858
21
-4.15027
0
LINE
8
BLACK
6
CONTINUOUS
10
7.45858
20
-4.15027
11
7.45858
21
-4.15027
0
LINE
8
BLACK
6
CONTINUOUS
10
7.45858
20
-4.15027
11
7.45749
21
-4.15038
0
LINE
8
BLACK
6
CONTINUOUS
10
7.45749
20
-4.15038
11
7.45468
21
-4.15067
0
LINE
8
BLACK
6
CONTINUOUS
10
7.45468
20
-4.15067
11
7.45443
21
-4.15076
0
LINE
8
BLACK
6
CONTINUOUS
10
7.45443
20
-4.15076
11
7.45443
21
-4.15076
0
LINE
8
BLACK
6
CONTINUOUS
10
7.45443
20
-4.15076
11
7.44857
21
-4.15271
0
LINE
8
BLACK
6
CONTINUOUS
10
7.44857
20
-4.15271
11
7.44857
21
-4.15271
0
LINE
8
BLACK
6
CONTINUOUS
10
7.44857
20
-4.15271
11
7.4483
21
-4.1528
0
LINE
8
BLACK
6
CONTINUOUS
10
7.4483
20
-4.1528
11
7.44805
21
-4.15296
0
LINE
8
BLACK
6
CONTINUOUS
10
7.44805
20
-4.15296
11
7.44805
21
-4.15296
0
LINE
8
BLACK
6
CONTINUOUS
10
7.44805
20
-4.15296
11
7.44284
21
-4.15618
0
LINE
8
BLACK
6
CONTINUOUS
10
7.44284
20
-4.15618
11
7.44257
21
-4.15635
0
LINE
8
BLACK
6
CONTINUOUS
10
7.44257
20
-4.15635
11
7.44237
21
-4.15655
0
LINE
8
BLACK
6
CONTINUOUS
10
7.44237
20
-4.15655
11
7.44214
21
-4.15673
0
LINE
8
BLACK
6
CONTINUOUS
10
7.44214
20
-4.15673
11
7.44208
21
-4.15666
0
LINE
8
BLACK
6
CONTINUOUS
10
7.44208
20
-4.15666
11
7.44003
21
-4.15778
0
LINE
8
BLACK
6
CONTINUOUS
10
7.44003
20
-4.15778
11
7.43724
21
-4.15758
0
LINE
8
BLACK
6
CONTINUOUS
10
7.43724
20
-4.15758
11
7.43581
21
-4.15666
0
LINE
8
BLACK
6
CONTINUOUS
10
7.43581
20
-4.15666
11
7.43577
21
-4.1567
0
LINE
8
BLACK
6
CONTINUOUS
10
7.43577
20
-4.1567
11
7.43555
21
-4.15652
0
LINE
8
BLACK
6
CONTINUOUS
10
7.43555
20
-4.15652
11
7.43534
21
-4.15632
0
LINE
8
BLACK
6
CONTINUOUS
10
7.43534
20
-4.15632
11
7.43509
21
-4.15616
0
LINE
8
BLACK
6
CONTINUOUS
10
7.43509
20
-4.15616
11
7.42986
21
-4.15293
0
LINE
8
BLACK
6
CONTINUOUS
10
7.42986
20
-4.15293
11
7.42986
21
-4.15293
0
LINE
8
BLACK
6
CONTINUOUS
10
7.42986
20
-4.15293
11
7.42961
21
-4.15278
0
LINE
8
BLACK
6
CONTINUOUS
10
7.42961
20
-4.15278
11
7.42322
21
-4.15066
0
LINE
8
BLACK
6
CONTINUOUS
10
7.42322
20
-4.15066
11
7.42295
21
-4.15064
0
LINE
8
BLACK
6
CONTINUOUS
10
7.42295
20
-4.15064
11
7.42295
21
-4.15064
0
LINE
8
BLACK
6
CONTINUOUS
10
7.42295
20
-4.15064
11
7.42132
21
-4.15047
0
LINE
8
BLACK
6
CONTINUOUS
10
7.42132
20
-4.15047
11
7.41924
21
-4.15026
0
LINE
8
BLACK
6
CONTINUOUS
10
7.41924
20
-4.15026
11
7.39769
21
-4.15026
0
LINE
8
BLACK
6
CONTINUOUS
10
7.39769
20
-4.15026
11
7.39756
21
-4.15027
0
LINE
8
BLACK
6
CONTINUOUS
10
7.39756
20
-4.15027
11
7.39756
21
-4.15027
0
LINE
8
BLACK
6
CONTINUOUS
10
7.39756
20
-4.15027
11
7.39646
21
-4.15038
0
LINE
8
BLACK
6
CONTINUOUS
10
7.39646
20
-4.15038
11
7.39366
21
-4.15067
0
LINE
8
BLACK
6
CONTINUOUS
10
7.39366
20
-4.15067
11
7.3934
21
-4.15076
0
LINE
8
BLACK
6
CONTINUOUS
10
7.3934
20
-4.15076
11
7.3934
21
-4.15076
0
LINE
8
BLACK
6
CONTINUOUS
10
7.3934
20
-4.15076
11
7.38755
21
-4.15271
0
LINE
8
BLACK
6
CONTINUOUS
10
7.38755
20
-4.15271
11
7.38755
21
-4.15271
0
LINE
8
BLACK
6
CONTINUOUS
10
7.38755
20
-4.15271
11
7.38727
21
-4.1528
0
LINE
8
BLACK
6
CONTINUOUS
10
7.38727
20
-4.1528
11
7.38703
21
-4.15296
0
LINE
8
BLACK
6
CONTINUOUS
10
7.38703
20
-4.15296
11
7.38703
21
-4.15296
0
LINE
8
BLACK
6
CONTINUOUS
10
7.38703
20
-4.15296
11
7.38182
21
-4.15618
0
LINE
8
BLACK
6
CONTINUOUS
10
7.38182
20
-4.15618
11
7.38155
21
-4.15635
0
LINE
8
BLACK
6
CONTINUOUS
10
7.38155
20
-4.15635
11
7.38134
21
-4.15655
0
LINE
8
BLACK
6
CONTINUOUS
10
7.38134
20
-4.15655
11
7.38112
21
-4.15673
0
LINE
8
BLACK
6
CONTINUOUS
10
7.38112
20
-4.15673
11
7.38106
21
-4.15666
0
LINE
8
BLACK
6
CONTINUOUS
10
7.38106
20
-4.15666
11
7.37901
21
-4.15778
0
LINE
8
BLACK
6
CONTINUOUS
10
7.37901
20
-4.15778
11
7.37622
21
-4.15758
0
LINE
8
BLACK
6
CONTINUOUS
10
7.37622
20
-4.15758
11
7.37478
21
-4.15666
0
LINE
8
BLACK
6
CONTINUOUS
10
7.37478
20
-4.15666
11
7.37475
21
-4.1567
0
LINE
8
BLACK
6
CONTINUOUS
10
7.37475
20
-4.1567
11
7.37452
21
-4.15652
0
LINE
8
BLACK
6
CONTINUOUS
10
7.37452
20
-4.15652
11
7.37432
21
-4.15632
0
LINE
8
BLACK
6
CONTINUOUS
10
7.37432
20
-4.15632
11
7.37406
21
-4.15616
0
LINE
8
BLACK
6
CONTINUOUS
10
7.37406
20
-4.15616
11
7.36883
21
-4.15293
0
LINE
8
BLACK
6
CONTINUOUS
10
7.36883
20
-4.15293
11
7.36883
21
-4.15293
0
LINE
8
BLACK
6
CONTINUOUS
10
7.36883
20
-4.15293
11
7.36859
21
-4.15278
0
LINE
8
BLACK
6
CONTINUOUS
10
7.36859
20
-4.15278
11
7.3622
21
-4.15066
0
LINE
8
BLACK
6
CONTINUOUS
10
7.3622
20
-4.15066
11
7.36193
21
-4.15064
0
LINE
8
BLACK
6
CONTINUOUS
10
7.36193
20
-4.15064
11
7.36193
21
-4.15064
0
LINE
8
BLACK
6
CONTINUOUS
10
7.36193
20
-4.15064
11
7.3603
21
-4.15047
0
LINE
8
BLACK
6
CONTINUOUS
10
7.3603
20
-4.15047
11
7.35822
21
-4.15026
0
LINE
8
BLACK
6
CONTINUOUS
10
7.35822
20
-4.15026
11
7.33666
21
-4.15026
0
LINE
8
BLACK
6
CONTINUOUS
10
7.33666
20
-4.15026
11
7.33654
21
-4.15027
0
LINE
8
BLACK
6
CONTINUOUS
10
7.33654
20
-4.15027
11
7.33654
21
-4.15027
0
LINE
8
BLACK
6
CONTINUOUS
10
7.33654
20
-4.15027
11
7.33544
21
-4.15038
0
LINE
8
BLACK
6
CONTINUOUS
10
7.33544
20
-4.15038
11
7.33264
21
-4.15067
0
LINE
8
BLACK
6
CONTINUOUS
10
7.33264
20
-4.15067
11
7.33238
21
-4.15076
0
LINE
8
BLACK
6
CONTINUOUS
10
7.33238
20
-4.15076
11
7.33238
21
-4.15076
0
LINE
8
BLACK
6
CONTINUOUS
10
7.33238
20
-4.15076
11
7.32652
21
-4.15271
0
LINE
8
BLACK
6
CONTINUOUS
10
7.32652
20
-4.15271
11
7.32652
21
-4.15271
0
LINE
8
BLACK
6
CONTINUOUS
10
7.32652
20
-4.15271
11
7.32625
21
-4.1528
0
LINE
8
BLACK
6
CONTINUOUS
10
7.32625
20
-4.1528
11
7.326
21
-4.15296
0
LINE
8
BLACK
6
CONTINUOUS
10
7.326
20
-4.15296
11
7.326
21
-4.15296
0
LINE
8
BLACK
6
CONTINUOUS
10
7.326
20
-4.15296
11
7.32301
21
-4.15481
0
LINE
8
BLACK
6
CONTINUOUS
10
7.32301
20
-4.15481
11
7.32052
21
-4.15635
0
LINE
8
BLACK
6
CONTINUOUS
10
7.32052
20
-4.15635
11
7.32032
21
-4.15655
0
LINE
8
BLACK
6
CONTINUOUS
10
7.32032
20
-4.15655
11
7.32016
21
-4.15671
0
LINE
8
BLACK
6
CONTINUOUS
10
7.32016
20
-4.15671
11
7.31577
21
-4.16111
0
LINE
8
BLACK
6
CONTINUOUS
10
7.31577
20
-4.16111
11
7.31561
21
-4.16136
0
LINE
8
BLACK
6
CONTINUOUS
10
7.31561
20
-4.16136
11
7.31561
21
-4.16136
0
LINE
8
BLACK
6
CONTINUOUS
10
7.31561
20
-4.16136
11
7.31303
21
-4.16555
0
LINE
8
BLACK
6
CONTINUOUS
10
7.31303
20
-4.16555
11
7.31223
21
-4.16685
0
LINE
8
BLACK
6
CONTINUOUS
10
7.31223
20
-4.16685
11
7.31011
21
-4.17324
0
LINE
8
BLACK
6
CONTINUOUS
10
7.31011
20
-4.17324
11
7.31008
21
-4.17351
0
LINE
8
BLACK
6
CONTINUOUS
10
7.31008
20
-4.17351
11
7.31008
21
-4.17351
0
LINE
8
BLACK
6
CONTINUOUS
10
7.31008
20
-4.17351
11
7.30995
21
-4.17481
0
LINE
8
BLACK
6
CONTINUOUS
10
7.30995
20
-4.17481
11
7.3097
21
-4.17722
0
LINE
8
BLACK
6
CONTINUOUS
10
7.3097
20
-4.17722
11
7.3097
21
-4.20074
0
LINE
8
BLACK
6
CONTINUOUS
10
7.3097
20
-4.20074
11
7.31012
21
-4.20476
0
LINE
8
BLACK
6
CONTINUOUS
10
7.31012
20
-4.20476
11
7.31021
21
-4.20502
0
LINE
8
BLACK
6
CONTINUOUS
10
7.31021
20
-4.20502
11
7.3121
21
-4.2107
0
LINE
8
BLACK
6
CONTINUOUS
10
7.3121
20
-4.2107
11
7.31225
21
-4.21115
0
LINE
8
BLACK
6
CONTINUOUS
10
7.31225
20
-4.21115
11
7.31241
21
-4.2114
0
LINE
8
BLACK
6
CONTINUOUS
10
7.31241
20
-4.2114
11
7.31241
21
-4.2114
0
LINE
8
BLACK
6
CONTINUOUS
10
7.31241
20
-4.2114
11
7.31272
21
-4.21191
0
LINE
8
BLACK
6
CONTINUOUS
10
7.31272
20
-4.21191
11
7.3158
21
-4.21688
0
LINE
8
BLACK
6
CONTINUOUS
10
7.3158
20
-4.21688
11
7.316
21
-4.21708
0
LINE
8
BLACK
6
CONTINUOUS
10
7.316
20
-4.21708
11
7.31693
21
-4.21801
0
LINE
8
BLACK
6
CONTINUOUS
10
7.31693
20
-4.21801
11
7.32056
21
-4.22164
0
LINE
8
BLACK
6
CONTINUOUS
10
7.32056
20
-4.22164
11
7.32081
21
-4.22179
0
LINE
8
BLACK
6
CONTINUOUS
10
7.32081
20
-4.22179
11
7.32081
21
-4.22179
0
LINE
8
BLACK
6
CONTINUOUS
10
7.32081
20
-4.22179
11
7.32535
21
-4.22458
0
LINE
8
BLACK
6
CONTINUOUS
10
7.32535
20
-4.22458
11
7.3263
21
-4.22517
0
LINE
8
BLACK
6
CONTINUOUS
10
7.3263
20
-4.22517
11
7.33269
21
-4.22729
0
LINE
8
BLACK
6
CONTINUOUS
10
7.33269
20
-4.22729
11
7.33296
21
-4.22732
0
LINE
8
BLACK
6
CONTINUOUS
10
7.33296
20
-4.22732
11
7.33296
21
-4.22732
0
LINE
8
BLACK
6
CONTINUOUS
10
7.33296
20
-4.22732
11
7.33458
21
-4.22748
0
LINE
8
BLACK
6
CONTINUOUS
10
7.33458
20
-4.22748
11
7.33666
21
-4.2277
0
LINE
8
BLACK
6
CONTINUOUS
10
7.33666
20
-4.2277
11
7.34883
21
-4.2277
0
LINE
8
BLACK
6
CONTINUOUS
10
7.34883
20
-4.2277
11
7.35152
21
-4.22848
0
LINE
8
BLACK
6
CONTINUOUS
10
7.35152
20
-4.22848
11
7.35234
21
-4.22915
0
LINE
8
BLACK
6
CONTINUOUS
10
7.35234
20
-4.22915
11
7.38758
21
-4.26439
0
LINE
8
BLACK
6
CONTINUOUS
10
7.38758
20
-4.26439
11
7.38892
21
-4.26684
0
LINE
8
BLACK
6
CONTINUOUS
10
7.38892
20
-4.26684
11
7.38904
21
-4.2679
0
LINE
8
BLACK
6
CONTINUOUS
10
7.38904
20
-4.2679
11
7.38904
21
-4.31134
0
LINE
8
BLACK
6
CONTINUOUS
10
7.38904
20
-4.31134
11
7.3893
21
-4.31379
0
LINE
8
BLACK
6
CONTINUOUS
10
7.3893
20
-4.31379
11
7.39131
21
-4.31916
0
LINE
8
BLACK
6
CONTINUOUS
10
7.39131
20
-4.31916
11
7.39298
21
-4.32139
0
LINE
8
BLACK
6
CONTINUOUS
10
7.39298
20
-4.32139
11
7.39475
21
-4.32375
0
LINE
8
BLACK
6
CONTINUOUS
10
7.39475
20
-4.32375
11
7.39464
21
-4.32383
0
LINE
8
BLACK
6
CONTINUOUS
10
7.39464
20
-4.32383
11
7.39566
21
-4.3257
0
LINE
8
BLACK
6
CONTINUOUS
10
7.39566
20
-4.3257
11
7.39546
21
-4.32849
0
LINE
8
BLACK
6
CONTINUOUS
10
7.39546
20
-4.32849
11
7.39494
21
-4.32951
0
LINE
8
BLACK
6
CONTINUOUS
10
7.39494
20
-4.32951
11
7.39358
21
-4.33154
0
LINE
8
BLACK
6
CONTINUOUS
10
7.39358
20
-4.33154
11
7.39349
21
-4.33176
0
LINE
8
BLACK
6
CONTINUOUS
10
7.39349
20
-4.33176
11
7.39309
21
-4.33271
0
LINE
8
BLACK
6
CONTINUOUS
10
7.39309
20
-4.33271
11
7.39059
21
-4.33873
0
LINE
8
BLACK
6
CONTINUOUS
10
7.39059
20
-4.33873
11
7.39054
21
-4.33897
0
LINE
8
BLACK
6
CONTINUOUS
10
7.39054
20
-4.33897
11
7.39054
21
-4.33897
0
LINE
8
BLACK
6
CONTINUOUS
10
7.39054
20
-4.33897
11
7.38908
21
-4.34618
0
LINE
8
BLACK
6
CONTINUOUS
10
7.38908
20
-4.34618
11
7.38905
21
-4.34636
0
LINE
8
BLACK
6
CONTINUOUS
10
7.38905
20
-4.34636
11
7.38904
21
-4.3466
0
LINE
8
BLACK
6
CONTINUOUS
10
7.38904
20
-4.3466
11
7.38904
21
-4.39356
0
LINE
8
BLACK
6
CONTINUOUS
10
7.38904
20
-4.39356
11
7.38905
21
-4.3938
0
LINE
8
BLACK
6
CONTINUOUS
10
7.38905
20
-4.3938
11
7.38908
21
-4.39398
0
LINE
8
BLACK
6
CONTINUOUS
10
7.38908
20
-4.39398
11
7.38908
21
-4.39398
0
LINE
8
BLACK
6
CONTINUOUS
10
7.38908
20
-4.39398
11
7.38983
21
-4.39769
0
LINE
8
BLACK
6
CONTINUOUS
10
7.38983
20
-4.39769
11
7.39059
21
-4.40143
0
LINE
8
BLACK
6
CONTINUOUS
10
7.39059
20
-4.40143
11
7.39358
21
-4.40862
0
LINE
8
BLACK
6
CONTINUOUS
10
7.39358
20
-4.40862
11
7.39371
21
-4.40882
0
LINE
8
BLACK
6
CONTINUOUS
10
7.39371
20
-4.40882
11
7.39371
21
-4.40882
0
LINE
8
BLACK
6
CONTINUOUS
10
7.39371
20
-4.40882
11
7.39778
21
-4.41489
0
LINE
8
BLACK
6
CONTINUOUS
10
7.39778
20
-4.41489
11
7.39778
21
-4.41489
0
LINE
8
BLACK
6
CONTINUOUS
10
7.39778
20
-4.41489
11
7.39791
21
-4.41509
0
LINE
8
BLACK
6
CONTINUOUS
10
7.39791
20
-4.41509
11
7.39939
21
-4.41657
0
LINE
8
BLACK
6
CONTINUOUS
10
7.39939
20
-4.41657
11
7.40073
21
-4.41902
0
LINE
8
BLACK
6
CONTINUOUS
10
7.40073
20
-4.41902
11
7.40053
21
-4.42181
0
LINE
8
BLACK
6
CONTINUOUS
10
7.40053
20
-4.42181
11
7.39939
21
-4.42359
0
LINE
8
BLACK
6
CONTINUOUS
10
7.39939
20
-4.42359
11
7.39791
21
-4.42507
0
LINE
8
BLACK
6
CONTINUOUS
10
7.39791
20
-4.42507
11
7.39778
21
-4.42527
0
LINE
8
BLACK
6
CONTINUOUS
10
7.39778
20
-4.42527
11
7.39778
21
-4.42527
0
LINE
8
BLACK
6
CONTINUOUS
10
7.39778
20
-4.42527
11
7.39371
21
-4.43134
0
LINE
8
BLACK
6
CONTINUOUS
10
7.39371
20
-4.43134
11
7.39371
21
-4.43134
0
LINE
8
BLACK
6
CONTINUOUS
10
7.39371
20
-4.43134
11
7.39358
21
-4.43154
0
LINE
8
BLACK
6
CONTINUOUS
10
7.39358
20
-4.43154
11
7.39059
21
-4.43873
0
LINE
8
BLACK
6
CONTINUOUS
10
7.39059
20
-4.43873
11
7.39054
21
-4.43897
0
LINE
8
BLACK
6
CONTINUOUS
10
7.39054
20
-4.43897
11
7.39054
21
-4.43897
0
LINE
8
BLACK
6
CONTINUOUS
10
7.39054
20
-4.43897
11
7.38918
21
-4.44571
0
LINE
8
BLACK
6
CONTINUOUS
10
7.38918
20
-4.44571
11
7.38905
21
-4.44636
0
LINE
8
BLACK
6
CONTINUOUS
10
7.38905
20
-4.44636
11
7.38904
21
-4.4466
0
LINE
8
BLACK
6
CONTINUOUS
10
7.38904
20
-4.4466
11
7.38904
21
-4.49173
0
LINE
8
BLACK
6
CONTINUOUS
10
7.38904
20
-4.49173
11
7.38825
21
-4.49442
0
LINE
8
BLACK
6
CONTINUOUS
10
7.38825
20
-4.49442
11
7.38614
21
-4.49625
0
LINE
8
BLACK
6
CONTINUOUS
10
7.38614
20
-4.49625
11
7.38337
21
-4.49664
0
LINE
8
BLACK
6
CONTINUOUS
10
7.38337
20
-4.49664
11
7.38083
21
-4.49548
0
LINE
8
BLACK
6
CONTINUOUS
10
7.38083
20
-4.49548
11
7.38057
21
-4.49524
0
LINE
8
BLACK
6
CONTINUOUS
10
7.38057
20
-4.49524
11
7.38043
21
-4.4951
0
LINE
8
BLACK
6
CONTINUOUS
10
7.38043
20
-4.4951
11
7.38022
21
-4.4949
0
LINE
8
BLACK
6
CONTINUOUS
10
7.38022
20
-4.4949
11
7.37964
21
-4.49454
0
LINE
8
BLACK
6
CONTINUOUS
10
7.37964
20
-4.49454
11
7.37474
21
-4.49152
0
LINE
8
BLACK
6
CONTINUOUS
10
7.37474
20
-4.49152
11
7.37474
21
-4.49152
0
LINE
8
BLACK
6
CONTINUOUS
10
7.37474
20
-4.49152
11
7.37449
21
-4.49137
0
LINE
8
BLACK
6
CONTINUOUS
10
7.37449
20
-4.49137
11
7.3681
21
-4.48925
0
LINE
8
BLACK
6
CONTINUOUS
10
7.3681
20
-4.48925
11
7.36783
21
-4.48922
0
LINE
8
BLACK
6
CONTINUOUS
10
7.36783
20
-4.48922
11
7.36783
21
-4.48922
0
LINE
8
BLACK
6
CONTINUOUS
10
7.36783
20
-4.48922
11
7.3662
21
-4.48905
0
LINE
8
BLACK
6
CONTINUOUS
10
7.3662
20
-4.48905
11
7.36412
21
-4.48884
0
LINE
8
BLACK
6
CONTINUOUS
10
7.36412
20
-4.48884
11
7.3406
21
-4.48884
0
LINE
8
BLACK
6
CONTINUOUS
10
7.3406
20
-4.48884
11
7.34047
21
-4.48885
0
LINE
8
BLACK
6
CONTINUOUS
10
7.34047
20
-4.48885
11
7.34047
21
-4.48885
0
LINE
8
BLACK
6
CONTINUOUS
10
7.34047
20
-4.48885
11
7.33913
21
-4.48899
0
LINE
8
BLACK
6
CONTINUOUS
10
7.33913
20
-4.48899
11
7.33657
21
-4.48926
0
LINE
8
BLACK
6
CONTINUOUS
10
7.33657
20
-4.48926
11
7.33584
21
-4.4895
0
LINE
8
BLACK
6
CONTINUOUS
10
7.33584
20
-4.4895
11
7.33046
21
-4.4913
0
LINE
8
BLACK
6
CONTINUOUS
10
7.33046
20
-4.4913
11
7.33046
21
-4.4913
0
LINE
8
BLACK
6
CONTINUOUS
10
7.33046
20
-4.4913
11
7.33019
21
-4.49139
0
LINE
8
BLACK
6
CONTINUOUS
10
7.33019
20
-4.49139
11
7.32994
21
-4.49154
0
LINE
8
BLACK
6
CONTINUOUS
10
7.32994
20
-4.49154
11
7.32994
21
-4.49154
0
LINE
8
BLACK
6
CONTINUOUS
10
7.32994
20
-4.49154
11
7.3287
21
-4.4923
0
LINE
8
BLACK
6
CONTINUOUS
10
7.3287
20
-4.4923
11
7.32446
21
-4.49493
0
LINE
8
BLACK
6
CONTINUOUS
10
7.32446
20
-4.49493
11
7.3197
21
-4.4997
0
LINE
8
BLACK
6
CONTINUOUS
10
7.3197
20
-4.4997
11
7.31955
21
-4.49994
0
LINE
8
BLACK
6
CONTINUOUS
10
7.31955
20
-4.49994
11
7.31955
21
-4.49994
0
LINE
8
BLACK
6
CONTINUOUS
10
7.31955
20
-4.49994
11
7.3165
21
-4.5049
0
LINE
8
BLACK
6
CONTINUOUS
10
7.3165
20
-4.5049
11
7.31617
21
-4.50543
0
LINE
8
BLACK
6
CONTINUOUS
10
7.31617
20
-4.50543
11
7.31405
21
-4.51182
0
LINE
8
BLACK
6
CONTINUOUS
10
7.31405
20
-4.51182
11
7.31402
21
-4.51209
0
LINE
8
BLACK
6
CONTINUOUS
10
7.31402
20
-4.51209
11
7.31402
21
-4.51209
0
LINE
8
BLACK
6
CONTINUOUS
10
7.31402
20
-4.51209
11
7.31386
21
-4.51372
0
LINE
8
BLACK
6
CONTINUOUS
10
7.31386
20
-4.51372
11
7.31364
21
-4.5158
0
LINE
8
BLACK
6
CONTINUOUS
10
7.31364
20
-4.5158
11
7.31364
21
-4.53735
0
LINE
8
BLACK
6
CONTINUOUS
10
7.31364
20
-4.53735
11
7.31406
21
-4.54138
0
LINE
8
BLACK
6
CONTINUOUS
10
7.31406
20
-4.54138
11
7.31415
21
-4.54164
0
LINE
8
BLACK
6
CONTINUOUS
10
7.31415
20
-4.54164
11
7.31604
21
-4.54732
0
LINE
8
BLACK
6
CONTINUOUS
10
7.31604
20
-4.54732
11
7.31619
21
-4.54777
0
LINE
8
BLACK
6
CONTINUOUS
10
7.31619
20
-4.54777
11
7.31634
21
-4.54801
0
LINE
8
BLACK
6
CONTINUOUS
10
7.31634
20
-4.54801
11
7.31634
21
-4.54801
0
LINE
8
BLACK
6
CONTINUOUS
10
7.31634
20
-4.54801
11
7.31741
21
-4.54973
0
LINE
8
BLACK
6
CONTINUOUS
10
7.31741
20
-4.54973
11
7.31973
21
-4.55349
0
LINE
8
BLACK
6
CONTINUOUS
10
7.31973
20
-4.55349
11
7.31994
21
-4.5537
0
LINE
8
BLACK
6
CONTINUOUS
10
7.31994
20
-4.5537
11
7.32012
21
-4.55392
0
LINE
8
BLACK
6
CONTINUOUS
10
7.32012
20
-4.55392
11
7.32005
21
-4.55398
0
LINE
8
BLACK
6
CONTINUOUS
10
7.32005
20
-4.55398
11
7.32118
21
-4.55605
0
LINE
8
BLACK
6
CONTINUOUS
10
7.32118
20
-4.55605
11
7.32098
21
-4.55883
0
LINE
8
BLACK
6
CONTINUOUS
10
7.32098
20
-4.55883
11
7.32006
21
-4.56027
0
LINE
8
BLACK
6
CONTINUOUS
10
7.32006
20
-4.56027
11
7.3201
21
-4.5603
0
LINE
8
BLACK
6
CONTINUOUS
10
7.3201
20
-4.5603
11
7.31957
21
-4.56098
0
LINE
8
BLACK
6
CONTINUOUS
10
7.31957
20
-4.56098
11
7.31634
21
-4.56622
0
LINE
8
BLACK
6
CONTINUOUS
10
7.31634
20
-4.56622
11
7.3161
21
-4.56673
0
LINE
8
BLACK
6
CONTINUOUS
10
7.3161
20
-4.56673
11
7.31415
21
-4.57259
0
LINE
8
BLACK
6
CONTINUOUS
10
7.31415
20
-4.57259
11
7.31404
21
-4.57312
0
LINE
8
BLACK
6
CONTINUOUS
10
7.31404
20
-4.57312
11
7.31367
21
-4.5767
0
LINE
8
BLACK
6
CONTINUOUS
10
7.31367
20
-4.5767
11
7.31366
21
-4.57689
0
LINE
8
BLACK
6
CONTINUOUS
10
7.31366
20
-4.57689
11
7.31384
21
-4.57749
0
LINE
8
BLACK
6
CONTINUOUS
10
7.31384
20
-4.57749
11
7.31389
21
-4.57753
0
LINE
8
BLACK
6
CONTINUOUS
10
7.31389
20
-4.57753
11
7.31419
21
-4.5776
0
LINE
8
BLACK
6
CONTINUOUS
10
7.31419
20
-4.5776
11
7.33389
21
-4.5776
0
LINE
8
BLACK
6
CONTINUOUS
10
7.33389
20
-4.5776
11
7.33434
21
-4.57535
0
LINE
8
BLACK
6
CONTINUOUS
10
7.33434
20
-4.57535
11
7.33626
21
-4.57248
0
LINE
8
BLACK
6
CONTINUOUS
10
7.33626
20
-4.57248
11
7.33913
21
-4.57056
0
LINE
8
BLACK
6
CONTINUOUS
10
7.33913
20
-4.57056
11
7.34252
21
-4.56988
0
LINE
8
BLACK
6
CONTINUOUS
10
7.34252
20
-4.56988
11
7.3622
21
-4.56988
0
LINE
8
BLACK
6
CONTINUOUS
10
7.3622
20
-4.56988
11
7.36559
21
-4.57056
0
LINE
8
BLACK
6
CONTINUOUS
10
7.36559
20
-4.57056
11
7.36847
21
-4.57248
0
LINE
8
BLACK
6
CONTINUOUS
10
7.36847
20
-4.57248
11
7.37039
21
-4.57535
0
LINE
8
BLACK
6
CONTINUOUS
10
7.37039
20
-4.57535
11
7.37084
21
-4.5776
0
LINE
8
BLACK
6
CONTINUOUS
10
7.37084
20
-4.5776
11
7.39035
21
-4.5776
0
LINE
8
BLACK
6
CONTINUOUS
10
7.39035
20
-4.5776
11
7.39095
21
-4.57742
0
LINE
8
BLACK
6
CONTINUOUS
10
7.39095
20
-4.57742
11
7.391
21
-4.57737
0
LINE
8
BLACK
6
CONTINUOUS
10
7.391
20
-4.57737
11
7.39106
21
-4.57707
0
LINE
8
BLACK
6
CONTINUOUS
10
7.39106
20
-4.57707
11
7.39106
21
-4.57695
0
LINE
8
BLACK
6
CONTINUOUS
10
7.39106
20
-4.57695
11
7.39105
21
-4.57669
0
LINE
8
BLACK
6
CONTINUOUS
10
7.39105
20
-4.57669
11
7.39067
21
-4.57307
0
LINE
8
BLACK
6
CONTINUOUS
10
7.39067
20
-4.57307
11
7.39056
21
-4.57254
0
LINE
8
BLACK
6
CONTINUOUS
10
7.39056
20
-4.57254
11
7.38861
21
-4.56669
0
LINE
8
BLACK
6
CONTINUOUS
10
7.38861
20
-4.56669
11
7.38836
21
-4.56617
0
LINE
8
BLACK
6
CONTINUOUS
10
7.38836
20
-4.56617
11
7.38513
21
-4.56094
0
LINE
8
BLACK
6
CONTINUOUS
10
7.38513
20
-4.56094
11
7.38459
21
-4.56026
0
LINE
8
BLACK
6
CONTINUOUS
10
7.38459
20
-4.56026
11
7.38467
21
-4.5602
0
LINE
8
BLACK
6
CONTINUOUS
10
7.38467
20
-4.5602
11
7.38355
21
-4.55815
0
LINE
8
BLACK
6
CONTINUOUS
10
7.38355
20
-4.55815
11
7.38374
21
-4.55537
0
LINE
8
BLACK
6
CONTINUOUS
10
7.38374
20
-4.55537
11
7.38468
21
-4.55391
0
LINE
8
BLACK
6
CONTINUOUS
10
7.38468
20
-4.55391
11
7.38464
21
-4.55388
0
LINE
8
BLACK
6
CONTINUOUS
10
7.38464
20
-4.55388
11
7.38482
21
-4.55366
0
LINE
8
BLACK
6
CONTINUOUS
10
7.38482
20
-4.55366
11
7.38502
21
-4.55345
0
LINE
8
BLACK
6
CONTINUOUS
10
7.38502
20
-4.55345
11
7.38508
21
-4.55337
0
LINE
8
BLACK
6
CONTINUOUS
10
7.38508
20
-4.55337
11
7.38729
21
-4.55179
0
LINE
8
BLACK
6
CONTINUOUS
10
7.38729
20
-4.55179
11
7.38933
21
-4.55155
0
LINE
8
BLACK
6
CONTINUOUS
10
7.38933
20
-4.55155
11
7.38956
21
-4.5516
0
LINE
8
BLACK
6
CONTINUOUS
10
7.38956
20
-4.5516
11
7.38988
21
-4.55159
0
LINE
8
BLACK
6
CONTINUOUS
10
7.38988
20
-4.55159
11
7.39224
21
-4.55152
0
LINE
8
BLACK
6
CONTINUOUS
10
7.39224
20
-4.55152
11
7.3924
21
-4.55152
0
LINE
8
BLACK
6
CONTINUOUS
10
7.3924
20
-4.55152
11
7.3935
21
-4.55152
0
LINE
8
BLACK
6
CONTINUOUS
10
7.3935
20
-4.55152
11
7.39365
21
-4.5515
0
LINE
8
BLACK
6
CONTINUOUS
10
7.39365
20
-4.5515
11
7.39366
21
-4.5515
0
LINE
8
BLACK
6
CONTINUOUS
10
7.39366
20
-4.5515
11
7.39412
21
-4.55146
0
LINE
8
BLACK
6
CONTINUOUS
10
7.39412
20
-4.55146
11
7.39539
21
-4.55142
0
LINE
8
BLACK
6
CONTINUOUS
10
7.39539
20
-4.55142
11
7.39555
21
-4.55141
0
LINE
8
BLACK
6
CONTINUOUS
10
7.39555
20
-4.55141
11
7.39586
21
-4.5514
0
LINE
8
BLACK
6
CONTINUOUS
10
7.39586
20
-4.5514
11
7.39663
21
-4.55118
0
LINE
8
BLACK
6
CONTINUOUS
10
7.39663
20
-4.55118
11
7.39739
21
-4.55102
0
LINE
8
BLACK
6
CONTINUOUS
10
7.39739
20
-4.55102
11
7.39787
21
-4.55096
0
LINE
8
BLACK
6
CONTINUOUS
10
7.39787
20
-4.55096
11
7.39787
21
-4.55096
0
LINE
8
BLACK
6
CONTINUOUS
10
7.39787
20
-4.55096
11
7.39818
21
-4.55092
0
LINE
8
BLACK
6
CONTINUOUS
10
7.39818
20
-4.55092
11
7.39847
21
-4.55081
0
LINE
8
BLACK
6
CONTINUOUS
10
7.39847
20
-4.55081
11
7.39847
21
-4.55081
0
LINE
8
BLACK
6
CONTINUOUS
10
7.39847
20
-4.55081
11
7.3998
21
-4.55028
0
LINE
8
BLACK
6
CONTINUOUS
10
7.3998
20
-4.55028
11
7.40024
21
-4.55013
0
LINE
8
BLACK
6
CONTINUOUS
10
7.40024
20
-4.55013
11
7.40161
21
-4.54973
0
LINE
8
BLACK
6
CONTINUOUS
10
7.40161
20
-4.54973
11
7.40161
21
-4.54973
0
LINE
8
BLACK
6
CONTINUOUS
10
7.40161
20
-4.54973
11
7.40191
21
-4.54965
0
LINE
8
BLACK
6
CONTINUOUS
10
7.40191
20
-4.54965
11
7.40218
21
-4.54949
0
LINE
8
BLACK
6
CONTINUOUS
10
7.40218
20
-4.54949
11
7.40218
21
-4.54949
0
LINE
8
BLACK
6
CONTINUOUS
10
7.40218
20
-4.54949
11
7.4026
21
-4.54924
0
LINE
8
BLACK
6
CONTINUOUS
10
7.4026
20
-4.54924
11
7.4033
21
-4.5489
0
LINE
8
BLACK
6
CONTINUOUS
10
7.4033
20
-4.5489
11
7.40404
21
-4.5486
0
LINE
8
BLACK
6
CONTINUOUS
10
7.40404
20
-4.5486
11
7.40437
21
-4.54837
0
LINE
8
BLACK
6
CONTINUOUS
10
7.40437
20
-4.54837
11
7.40545
21
-4.54758
0
LINE
8
BLACK
6
CONTINUOUS
10
7.40545
20
-4.54758
11
7.40584
21
-4.54732
0
LINE
8
BLACK
6
CONTINUOUS
10
7.40584
20
-4.54732
11
7.40707
21
-4.5466
0
LINE
8
BLACK
6
CONTINUOUS
10
7.40707
20
-4.5466
11
7.40707
21
-4.5466
0
LINE
8
BLACK
6
CONTINUOUS
10
7.40707
20
-4.5466
11
7.40734
21
-4.54644
0
LINE
8
BLACK
6
CONTINUOUS
10
7.40734
20
-4.54644
11
7.4079
21
-4.54587
0
LINE
8
BLACK
6
CONTINUOUS
10
7.4079
20
-4.54587
11
7.40849
21
-4.54537
0
LINE
8
BLACK
6
CONTINUOUS
10
7.40849
20
-4.54537
11
7.40889
21
-4.54508
0
LINE
8
BLACK
6
CONTINUOUS
10
7.40889
20
-4.54508
11
7.40914
21
-4.5449
0
LINE
8
BLACK
6
CONTINUOUS
10
7.40914
20
-4.5449
11
7.41025
21
-4.54356
0
LINE
8
BLACK
6
CONTINUOUS
10
7.41025
20
-4.54356
11
7.41056
21
-4.54321
0
LINE
8
BLACK
6
CONTINUOUS
10
7.41056
20
-4.54321
11
7.42285
21
-4.53092
0
LINE
8
BLACK
6
CONTINUOUS
10
7.42285
20
-4.53092
11
7.42531
21
-4.52958
0
LINE
8
BLACK
6
CONTINUOUS
10
7.42531
20
-4.52958
11
7.42636
21
-4.52947
0
LINE
8
BLACK
6
CONTINUOUS
10
7.42636
20
-4.52947
11
7.4719
21
-4.52947
0
LINE
8
BLACK
6
CONTINUOUS
10
7.4719
20
-4.52947
11
7.47214
21
-4.52946
0
LINE
8
BLACK
6
CONTINUOUS
10
7.47214
20
-4.52946
11
7.47277
21
-4.52933
0
LINE
8
BLACK
6
CONTINUOUS
10
7.47277
20
-4.52933
11
7.47954
21
-4.52797
0
LINE
8
BLACK
6
CONTINUOUS
10
7.47954
20
-4.52797
11
7.47954
21
-4.52797
0
LINE
8
BLACK
6
CONTINUOUS
10
7.47954
20
-4.52797
11
7.47977
21
-4.52792
0
LINE
8
BLACK
6
CONTINUOUS
10
7.47977
20
-4.52792
11
7.48696
21
-4.52492
0
LINE
8
BLACK
6
CONTINUOUS
10
7.48696
20
-4.52492
11
7.48717
21
-4.52479
0
LINE
8
BLACK
6
CONTINUOUS
10
7.48717
20
-4.52479
11
7.48717
21
-4.52479
0
LINE
8
BLACK
6
CONTINUOUS
10
7.48717
20
-4.52479
11
7.49323
21
-4.52073
0
LINE
8
BLACK
6
CONTINUOUS
10
7.49323
20
-4.52073
11
7.49323
21
-4.52073
0
LINE
8
BLACK
6
CONTINUOUS
10
7.49323
20
-4.52073
11
7.49343
21
-4.52059
0
LINE
8
BLACK
6
CONTINUOUS
10
7.49343
20
-4.52059
11
7.49894
21
-4.51509
0
LINE
8
BLACK
6
CONTINUOUS
10
7.49894
20
-4.51509
11
7.49907
21
-4.51489
0
LINE
8
BLACK
6
CONTINUOUS
10
7.49907
20
-4.51489
11
7.49907
21
-4.51489
0
LINE
8
BLACK
6
CONTINUOUS
10
7.49907
20
-4.51489
11
7.50314
21
-4.50882
0
LINE
8
BLACK
6
CONTINUOUS
10
7.50314
20
-4.50882
11
7.50314
21
-4.50882
0
LINE
8
BLACK
6
CONTINUOUS
10
7.50314
20
-4.50882
11
7.50327
21
-4.50862
0
LINE
8
BLACK
6
CONTINUOUS
10
7.50327
20
-4.50862
11
7.50626
21
-4.50143
0
LINE
8
BLACK
6
CONTINUOUS
10
7.50626
20
-4.50143
11
7.50644
21
-4.50055
0
LINE
8
BLACK
6
CONTINUOUS
10
7.50644
20
-4.50055
11
7.50777
21
-4.49398
0
LINE
8
BLACK
6
CONTINUOUS
10
7.50777
20
-4.49398
11
7.50777
21
-4.49398
0
LINE
8
BLACK
6
CONTINUOUS
10
7.50777
20
-4.49398
11
7.5078
21
-4.4938
0
LINE
8
BLACK
6
CONTINUOUS
10
7.5078
20
-4.4938
11
7.50781
21
-4.49356
0
LINE
8
BLACK
6
CONTINUOUS
10
7.50781
20
-4.49356
11
7.50781
21
-4.4466
0
LINE
8
BLACK
6
CONTINUOUS
10
7.50781
20
-4.4466
11
7.5078
21
-4.44636
0
LINE
8
BLACK
6
CONTINUOUS
10
7.5078
20
-4.44636
11
7.50767
21
-4.44571
0
LINE
8
BLACK
6
CONTINUOUS
10
7.50767
20
-4.44571
11
7.50632
21
-4.43898
0
LINE
8
BLACK
6
CONTINUOUS
10
7.50632
20
-4.43898
11
7.50656
21
-4.4362
0
LINE
8
BLACK
6
CONTINUOUS
10
7.50656
20
-4.4362
11
7.50827
21
-4.43399
0
LINE
8
BLACK
6
CONTINUOUS
10
7.50827
20
-4.43399
11
7.5109
21
-4.43305
0
LINE
8
BLACK
6
CONTINUOUS
10
7.5109
20
-4.43305
11
7.51362
21
-4.43369
0
LINE
8
BLACK
6
CONTINUOUS
10
7.51362
20
-4.43369
11
7.5154
21
-4.43539
0
LINE
8
BLACK
6
CONTINUOUS
10
7.5154
20
-4.43539
11
7.51645
21
-4.43709
0
LINE
8
BLACK
6
CONTINUOUS
10
7.51645
20
-4.43709
11
7.5168
21
-4.43754
0
LINE
8
BLACK
6
CONTINUOUS
10
7.5168
20
-4.43754
11
7.52116
21
-4.44189
0
LINE
8
BLACK
6
CONTINUOUS
10
7.52116
20
-4.44189
11
7.52161
21
-4.44224
0
LINE
8
BLACK
6
CONTINUOUS
10
7.52161
20
-4.44224
11
7.52685
21
-4.44547
0
LINE
8
BLACK
6
CONTINUOUS
10
7.52685
20
-4.44547
11
7.52736
21
-4.44571
0
LINE
8
BLACK
6
CONTINUOUS
10
7.52736
20
-4.44571
11
7.53322
21
-4.44766
0
LINE
8
BLACK
6
CONTINUOUS
10
7.53322
20
-4.44766
11
7.53375
21
-4.44777
0
LINE
8
BLACK
6
CONTINUOUS
10
7.53375
20
-4.44777
11
7.53733
21
-4.44814
0
LINE
8
BLACK
6
CONTINUOUS
10
7.53733
20
-4.44814
11
7.53752
21
-4.44815
0
LINE
8
BLACK
6
CONTINUOUS
10
7.53752
20
-4.44815
11
7.53812
21
-4.44797
0
LINE
8
BLACK
6
CONTINUOUS
10
7.53812
20
-4.44797
11
7.53816
21
-4.44792
0
LINE
8
BLACK
6
CONTINUOUS
10
7.53816
20
-4.44792
11
7.53823
21
-4.44762
0
LINE
8
BLACK
6
CONTINUOUS
10
7.53823
20
-4.44762
11
7.53823
21
-4.42792
0
LINE
8
BLACK
6
CONTINUOUS
10
7.53823
20
-4.42792
11
7.53598
21
-4.42748
0
LINE
8
BLACK
6
CONTINUOUS
10
7.53598
20
-4.42748
11
7.53311
21
-4.42556
0
LINE
8
BLACK
6
CONTINUOUS
10
7.53311
20
-4.42556
11
7.53119
21
-4.42268
0
LINE
8
BLACK
6
CONTINUOUS
10
7.53119
20
-4.42268
11
7.53051
21
-4.41929
0
LINE
8
BLACK
6
CONTINUOUS
10
7.53051
20
-4.41929
11
7.53051
21
-4.39961
0
LINE
8
BLACK
6
CONTINUOUS
10
7.53051
20
-4.39961
11
7.53119
21
-4.39622
0
LINE
8
BLACK
6
CONTINUOUS
10
7.53119
20
-4.39622
11
7.53311
21
-4.39334
0
LINE
8
BLACK
6
CONTINUOUS
10
7.53311
20
-4.39334
11
7.53598
21
-4.39142
0
LINE
8
BLACK
6
CONTINUOUS
10
7.53598
20
-4.39142
11
7.53823
21
-4.39098
0
LINE
8
BLACK
6
CONTINUOUS
10
7.53823
20
-4.39098
11
7.53823
21
-4.37146
0
LINE
8
BLACK
6
CONTINUOUS
10
7.53823
20
-4.37146
11
7.53805
21
-4.37086
0
LINE
8
BLACK
6
CONTINUOUS
10
7.53805
20
-4.37086
11
7.538
21
-4.37081
0
LINE
8
BLACK
6
CONTINUOUS
10
7.538
20
-4.37081
11
7.53769
21
-4.37075
0
LINE
8
BLACK
6
CONTINUOUS
10
7.53769
20
-4.37075
11
7.53758
21
-4.37075
0
LINE
8
BLACK
6
CONTINUOUS
10
7.53758
20
-4.37075
11
7.53732
21
-4.37076
0
LINE
8
BLACK
6
CONTINUOUS
10
7.53732
20
-4.37076
11
7.5337
21
-4.37114
0
LINE
8
BLACK
6
CONTINUOUS
10
7.5337
20
-4.37114
11
7.53317
21
-4.37125
0
LINE
8
BLACK
6
CONTINUOUS
10
7.53317
20
-4.37125
11
7.52732
21
-4.3732
0
LINE
8
BLACK
6
CONTINUOUS
10
7.52732
20
-4.3732
11
7.5268
21
-4.37345
0
LINE
8
BLACK
6
CONTINUOUS
10
7.5268
20
-4.37345
11
7.52157
21
-4.37668
0
LINE
8
BLACK
6
CONTINUOUS
10
7.52157
20
-4.37668
11
7.52112
21
-4.37704
0
LINE
8
BLACK
6
CONTINUOUS
10
7.52112
20
-4.37704
11
7.51677
21
-4.38139
0
LINE
8
BLACK
6
CONTINUOUS
10
7.51677
20
-4.38139
11
7.51667
21
-4.38153
0
LINE
8
BLACK
6
CONTINUOUS
10
7.51667
20
-4.38153
11
7.51657
21
-4.38159
0
LINE
8
BLACK
6
CONTINUOUS
10
7.51657
20
-4.38159
11
7.51657
21
-4.3816
0
LINE
8
BLACK
6
CONTINUOUS
10
7.51657
20
-4.3816
11
7.51657
21
-4.3816
0
LINE
8
BLACK
6
CONTINUOUS
10
7.51657
20
-4.3816
11
7.51439
21
-4.38314
0
LINE
8
BLACK
6
CONTINUOUS
10
7.51439
20
-4.38314
11
7.5116
21
-4.38327
0
LINE
8
BLACK
6
CONTINUOUS
10
7.5116
20
-4.38327
11
7.50918
21
-4.38187
0
LINE
8
BLACK
6
CONTINUOUS
10
7.50918
20
-4.38187
11
7.5079
21
-4.37938
0
LINE
8
BLACK
6
CONTINUOUS
10
7.5079
20
-4.37938
11
7.50781
21
-4.37845
0
LINE
8
BLACK
6
CONTINUOUS
10
7.50781
20
-4.37845
11
7.50781
21
-4.3466
0
LINE
8
BLACK
6
CONTINUOUS
10
7.50781
20
-4.3466
11
7.5078
21
-4.34636
0
LINE
8
BLACK
6
CONTINUOUS
10
7.5078
20
-4.34636
11
7.50777
21
-4.34618
0
LINE
8
BLACK
6
CONTINUOUS
10
7.50777
20
-4.34618
11
7.50631
21
-4.33897
0
LINE
8
BLACK
6
CONTINUOUS
10
7.50631
20
-4.33897
11
7.50631
21
-4.33897
0
LINE
8
BLACK
6
CONTINUOUS
10
7.50631
20
-4.33897
11
7.50626
21
-4.33873
0
LINE
8
BLACK
6
CONTINUOUS
10
7.50626
20
-4.33873
11
7.50376
21
-4.33271
0
LINE
8
BLACK
6
CONTINUOUS
10
7.50376
20
-4.33271
11
7.50336
21
-4.33176
0
LINE
8
BLACK
6
CONTINUOUS
10
7.50336
20
-4.33176
11
7.50327
21
-4.33154
0
LINE
8
BLACK
6
CONTINUOUS
10
7.50327
20
-4.33154
11
7.50192
21
-4.32951
0
LINE
8
BLACK
6
CONTINUOUS
10
7.50192
20
-4.32951
11
7.50108
21
-4.32685
0
LINE
8
BLACK
6
CONTINUOUS
10
7.50108
20
-4.32685
11
7.50181
21
-4.32415
0
LINE
8
BLACK
6
CONTINUOUS
10
7.50181
20
-4.32415
11
7.50199
21
-4.32393
0
LINE
8
BLACK
6
CONTINUOUS
10
7.50199
20
-4.32393
11
7.50212
21
-4.32377
0
LINE
8
BLACK
6
CONTINUOUS
10
7.50212
20
-4.32377
11
7.5021
21
-4.32375
0
LINE
8
BLACK
6
CONTINUOUS
10
7.5021
20
-4.32375
11
7.50387
21
-4.32139
0
LINE
8
BLACK
6
CONTINUOUS
10
7.50387
20
-4.32139
11
7.50554
21
-4.31916
0
LINE
8
BLACK
6
CONTINUOUS
10
7.50554
20
-4.31916
11
7.50755
21
-4.31379
0
LINE
8
BLACK
6
CONTINUOUS
10
7.50755
20
-4.31379
11
7.50781
21
-4.31134
0
LINE
8
BLACK
6
CONTINUOUS
10
7.50781
20
-4.31134
11
7.50781
21
-4.23153
0
LINE
8
BLACK
6
CONTINUOUS
10
7.50781
20
-4.23153
11
7.5086
21
-4.22884
0
LINE
8
BLACK
6
CONTINUOUS
10
7.5086
20
-4.22884
11
7.51071
21
-4.22701
0
LINE
8
BLACK
6
CONTINUOUS
10
7.51071
20
-4.22701
11
7.51348
21
-4.22662
0
LINE
8
BLACK
6
CONTINUOUS
10
7.51348
20
-4.22662
11
7.51434
21
-4.22682
0
LINE
8
BLACK
6
CONTINUOUS
10
7.51434
20
-4.22682
11
7.51576
21
-4.22729
0
LINE
8
BLACK
6
CONTINUOUS
10
7.51576
20
-4.22729
11
7.51603
21
-4.22732
0
LINE
8
BLACK
6
CONTINUOUS
10
7.51603
20
-4.22732
11
7.51603
21
-4.22732
0
LINE
8
BLACK
6
CONTINUOUS
10
7.51603
20
-4.22732
11
7.51765
21
-4.22748
0
LINE
8
BLACK
6
CONTINUOUS
10
7.51765
20
-4.22748
11
7.51973
21
-4.2277
0
LINE
8
BLACK
6
CONTINUOUS
10
7.51973
20
-4.2277
11
7.54129
21
-4.2277
0
LINE
8
BLACK
6
CONTINUOUS
10
7.54129
20
-4.2277
11
7.54142
21
-4.22768
0
LINE
8
BLACK
6
CONTINUOUS
10
7.54142
20
-4.22768
11
7.54142
21
-4.22768
0
LINE
8
BLACK
6
CONTINUOUS
10
7.54142
20
-4.22768
11
7.54321
21
-4.2275
0
LINE
8
BLACK
6
CONTINUOUS
10
7.54321
20
-4.2275
11
7.54532
21
-4.22728
0
LINE
8
BLACK
6
CONTINUOUS
10
7.54532
20
-4.22728
11
7.5473
21
-4.22662
0
LINE
8
BLACK
6
CONTINUOUS
10
7.5473
20
-4.22662
11
7.55143
21
-4.22524
0
LINE
8
BLACK
6
CONTINUOUS
10
7.55143
20
-4.22524
11
7.55143
21
-4.22524
0
LINE
8
BLACK
6
CONTINUOUS
10
7.55143
20
-4.22524
11
7.5517
21
-4.22515
0
LINE
8
BLACK
6
CONTINUOUS
10
7.5517
20
-4.22515
11
7.5522
21
-4.22484
0
LINE
8
BLACK
6
CONTINUOUS
10
7.5522
20
-4.22484
11
7.55718
21
-4.22176
0
LINE
8
BLACK
6
CONTINUOUS
10
7.55718
20
-4.22176
11
7.55718
21
-4.22176
0
LINE
8
BLACK
6
CONTINUOUS
10
7.55718
20
-4.22176
11
7.55743
21
-4.2216
0
LINE
8
BLACK
6
CONTINUOUS
10
7.55743
20
-4.2216
11
7.55763
21
-4.2214
0
LINE
8
BLACK
6
CONTINUOUS
10
7.55763
20
-4.2214
11
7.55786
21
-4.22122
0
LINE
8
BLACK
6
CONTINUOUS
10
7.55786
20
-4.22122
11
7.55792
21
-4.2213
0
LINE
8
BLACK
6
CONTINUOUS
10
7.55792
20
-4.2213
11
7.55997
21
-4.22018
0
LINE
8
BLACK
6
CONTINUOUS
10
7.55997
20
-4.22018
11
7.56276
21
-4.22037
0
LINE
8
BLACK
6
CONTINUOUS
10
7.56276
20
-4.22037
11
7.56419
21
-4.22129
0
LINE
8
BLACK
6
CONTINUOUS
10
7.56419
20
-4.22129
11
7.56423
21
-4.22125
0
LINE
8
BLACK
6
CONTINUOUS
10
7.56423
20
-4.22125
11
7.56445
21
-4.22143
0
LINE
8
BLACK
6
CONTINUOUS
10
7.56445
20
-4.22143
11
7.56466
21
-4.22164
0
LINE
8
BLACK
6
CONTINUOUS
10
7.56466
20
-4.22164
11
7.5649
21
-4.22179
0
LINE
8
BLACK
6
CONTINUOUS
10
7.5649
20
-4.22179
11
7.5649
21
-4.22179
0
LINE
8
BLACK
6
CONTINUOUS
10
7.5649
20
-4.22179
11
7.56944
21
-4.22458
0
LINE
8
BLACK
6
CONTINUOUS
10
7.56944
20
-4.22458
11
7.57039
21
-4.22517
0
LINE
8
BLACK
6
CONTINUOUS
10
7.57039
20
-4.22517
11
7.57678
21
-4.22729
0
LINE
8
BLACK
6
CONTINUOUS
10
7.57678
20
-4.22729
11
7.57705
21
-4.22732
0
LINE
8
BLACK
6
CONTINUOUS
10
7.57705
20
-4.22732
11
7.57705
21
-4.22732
0
LINE
8
BLACK
6
CONTINUOUS
10
7.57705
20
-4.22732
11
7.57829
21
-4.22744
0
LINE
8
BLACK
6
CONTINUOUS
10
7.57829
20
-4.22744
11
7.58087
21
-4.2285
0
LINE
8
BLACK
6
CONTINUOUS
10
7.58087
20
-4.2285
11
7.58248
21
-4.23079
0
LINE
8
BLACK
6
CONTINUOUS
10
7.58248
20
-4.23079
11
7.58259
21
-4.23358
0
LINE
8
BLACK
6
CONTINUOUS
10
7.58259
20
-4.23358
11
7.58118
21
-4.23599
0
LINE
8
BLACK
6
CONTINUOUS
10
7.58118
20
-4.23599
11
7.58039
21
-4.2366
0
LINE
8
BLACK
6
CONTINUOUS
10
7.58039
20
-4.2366
11
7.57669
21
-4.23889
0
LINE
8
BLACK
6
CONTINUOUS
10
7.57669
20
-4.23889
11
7.57624
21
-4.23925
0
LINE
8
BLACK
6
CONTINUOUS
10
7.57624
20
-4.23925
11
7.57189
21
-4.2436
0
LINE
8
BLACK
6
CONTINUOUS
10
7.57189
20
-4.2436
11
7.57154
21
-4.24405
0
LINE
8
BLACK
6
CONTINUOUS
10
7.57154
20
-4.24405
11
7.56831
21
-4.24929
0
LINE
8
BLACK
6
CONTINUOUS
10
7.56831
20
-4.24929
11
7.56806
21
-4.24981
0
LINE
8
BLACK
6
CONTINUOUS
10
7.56806
20
-4.24981
11
7.56612
21
-4.25566
0
LINE
8
BLACK
6
CONTINUOUS
10
7.56612
20
-4.25566
11
7.56601
21
-4.25619
0
LINE
8
BLACK
6
CONTINUOUS
10
7.56601
20
-4.25619
11
7.56564
21
-4.25977
0
LINE
8
BLACK
6
CONTINUOUS
10
7.56564
20
-4.25977
11
7.56563
21
-4.26002
0
LINE
8
BLACK
6
CONTINUOUS
10
7.56563
20
-4.26002
11
7.56563
21
-4.26094
0
LINE
8
BLACK
6
CONTINUOUS
10
7.56563
20
-4.26094
11
7.56581
21
-4.26154
0
LINE
8
BLACK
6
CONTINUOUS
10
7.56581
20
-4.26154
11
7.56586
21
-4.26159
0
LINE
8
BLACK
6
CONTINUOUS
10
7.56586
20
-4.26159
11
7.56616
21
-4.26165
0
LINE
8
BLACK
6
CONTINUOUS
10
7.56616
20
-4.26165
11
7.58566
21
-4.26165
0
LINE
8
BLACK
6
CONTINUOUS
10
7.58566
20
-4.26165
11
7.5863
21
-4.25842
0
LINE
8
BLACK
6
CONTINUOUS
10
7.5863
20
-4.25842
11
7.58822
21
-4.25555
0
LINE
8
BLACK
6
CONTINUOUS
10
7.58822
20
-4.25555
11
7.5911
21
-4.25363
0
LINE
8
BLACK
6
CONTINUOUS
10
7.5911
20
-4.25363
11
7.59449
21
-4.25295
0
LINE
8
BLACK
6
CONTINUOUS
10
7.59449
20
-4.25295
11
7.6122
21
-4.25295
0
LINE
8
BLACK
6
CONTINUOUS
10
7.6122
20
-4.25295
11
7.61559
21
-4.25363
0
LINE
8
BLACK
6
CONTINUOUS
10
7.61559
20
-4.25363
11
7.61847
21
-4.25555
0
LINE
8
BLACK
6
CONTINUOUS
10
7.61847
20
-4.25555
11
7.62039
21
-4.25842
0
LINE
8
BLACK
6
CONTINUOUS
10
7.62039
20
-4.25842
11
7.62106
21
-4.26181
0
LINE
8
BLACK
6
CONTINUOUS
10
7.62106
20
-4.26181
11
7.62106
21
-4.2815
0
LINE
8
BLACK
6
CONTINUOUS
10
7.62106
20
-4.2815
11
7.62039
21
-4.28489
0
LINE
8
BLACK
6
CONTINUOUS
10
7.62039
20
-4.28489
11
7.61847
21
-4.28776
0
LINE
8
BLACK
6
CONTINUOUS
10
7.61847
20
-4.28776
11
7.61559
21
-4.28968
0
LINE
8
BLACK
6
CONTINUOUS
10
7.61559
20
-4.28968
11
7.61335
21
-4.29013
0
LINE
8
BLACK
6
CONTINUOUS
10
7.61335
20
-4.29013
11
7.61335
21
-4.31617
0
LINE
8
BLACK
6
CONTINUOUS
10
7.61335
20
-4.31617
11
7.61559
21
-4.31662
0
LINE
8
BLACK
6
CONTINUOUS
10
7.61559
20
-4.31662
11
7.61847
21
-4.31854
0
LINE
8
BLACK
6
CONTINUOUS
10
7.61847
20
-4.31854
11
7.62039
21
-4.32141
0
LINE
8
BLACK
6
CONTINUOUS
10
7.62039
20
-4.32141
11
7.62106
21
-4.3248
0
LINE
8
BLACK
6
CONTINUOUS
10
7.62106
20
-4.3248
11
7.62106
21
-4.34449
0
LINE
8
BLACK
6
CONTINUOUS
10
7.62106
20
-4.34449
11
7.62091
21
-4.34525
0
LINE
8
BLACK
6
CONTINUOUS
10
7.62091
20
-4.34525
11
7.65339
21
-4.37773
0
LINE
8
BLACK
6
CONTINUOUS
10
7.65339
20
-4.37773
11
7.65431
21
-4.37636
0
LINE
8
BLACK
6
CONTINUOUS
10
7.65431
20
-4.37636
11
7.65604
21
-4.37521
0
LINE
8
BLACK
6
CONTINUOUS
10
7.65604
20
-4.37521
11
7.65807
21
-4.3748
0
LINE
8
BLACK
6
CONTINUOUS
10
7.65807
20
-4.3748
11
7.67264
21
-4.3748
0
LINE
8
BLACK
6
CONTINUOUS
10
7.67264
20
-4.3748
11
7.67467
21
-4.37521
0
LINE
8
BLACK
6
CONTINUOUS
10
7.67467
20
-4.37521
11
7.6764
21
-4.37636
0
LINE
8
BLACK
6
CONTINUOUS
10
7.6764
20
-4.37636
11
7.67755
21
-4.37808
0
LINE
8
BLACK
6
CONTINUOUS
10
7.67755
20
-4.37808
11
7.67795
21
-4.38012
0
LINE
8
BLACK
6
CONTINUOUS
10
7.67795
20
-4.38012
11
7.67795
21
-4.39075
0
LINE
8
BLACK
6
CONTINUOUS
10
7.67795
20
-4.39075
11
7.67755
21
-4.39278
0
LINE
8
BLACK
6
CONTINUOUS
10
7.67755
20
-4.39278
11
7.6764
21
-4.39451
0
LINE
8
BLACK
6
CONTINUOUS
10
7.6764
20
-4.39451
11
7.67467
21
-4.39566
0
LINE
8
BLACK
6
CONTINUOUS
10
7.67467
20
-4.39566
11
7.67264
21
-4.39606
0
LINE
8
BLACK
6
CONTINUOUS
10
7.67264
20
-4.39606
11
7.65807
21
-4.39606
0
LINE
8
BLACK
6
CONTINUOUS
10
7.65807
20
-4.39606
11
7.65604
21
-4.39566
0
LINE
8
BLACK
6
CONTINUOUS
10
7.65604
20
-4.39566
11
7.65431
21
-4.39451
0
LINE
8
BLACK
6
CONTINUOUS
10
7.65431
20
-4.39451
11
7.65316
21
-4.39278
0
LINE
8
BLACK
6
CONTINUOUS
10
7.65316
20
-4.39278
11
7.65276
21
-4.39075
0
LINE
8
BLACK
6
CONTINUOUS
10
7.65276
20
-4.39075
11
7.65276
21
-4.39015
0
LINE
8
BLACK
6
CONTINUOUS
10
7.65276
20
-4.39015
11
7.65274
21
-4.39015
0
LINE
8
BLACK
6
CONTINUOUS
10
7.65274
20
-4.39015
11
7.65172
21
-4.38949
0
LINE
8
BLACK
6
CONTINUOUS
10
7.65172
20
-4.38949
11
7.65065
21
-4.38891
0
LINE
8
BLACK
6
CONTINUOUS
10
7.65065
20
-4.38891
11
7.61461
21
-4.35287
0
LINE
8
BLACK
6
CONTINUOUS
10
7.61461
20
-4.35287
11
7.6122
21
-4.35335
0
LINE
8
BLACK
6
CONTINUOUS
10
7.6122
20
-4.35335
11
7.59449
21
-4.35335
0
LINE
8
BLACK
6
CONTINUOUS
10
7.59449
20
-4.35335
11
7.5911
21
-4.35267
0
LINE
8
BLACK
6
CONTINUOUS
10
7.5911
20
-4.35267
11
7.58822
21
-4.35075
0
LINE
8
BLACK
6
CONTINUOUS
10
7.58822
20
-4.35075
11
7.5863
21
-4.34788
0
LINE
8
BLACK
6
CONTINUOUS
10
7.5863
20
-4.34788
11
7.58566
21
-4.34465
0
LINE
8
BLACK
6
CONTINUOUS
10
7.58566
20
-4.34465
11
7.56634
21
-4.34465
0
LINE
8
BLACK
6
CONTINUOUS
10
7.56634
20
-4.34465
11
7.56574
21
-4.34482
0
LINE
8
BLACK
6
CONTINUOUS
10
7.56574
20
-4.34482
11
7.5657
21
-4.34488
0
LINE
8
BLACK
6
CONTINUOUS
10
7.5657
20
-4.34488
11
7.56563
21
-4.34518
0
LINE
8
BLACK
6
CONTINUOUS
10
7.56563
20
-4.34518
11
7.56563
21
-4.34628
0
LINE
8
BLACK
6
CONTINUOUS
10
7.56563
20
-4.34628
11
7.56564
21
-4.34653
0
LINE
8
BLACK
6
CONTINUOUS
10
7.56564
20
-4.34653
11
7.56602
21
-4.35016
0
LINE
8
BLACK
6
CONTINUOUS
10
7.56602
20
-4.35016
11
7.56613
21
-4.35069
0
LINE
8
BLACK
6
CONTINUOUS
10
7.56613
20
-4.35069
11
7.56809
21
-4.35654
0
LINE
8
BLACK
6
CONTINUOUS
10
7.56809
20
-4.35654
11
7.56833
21
-4.35706
0
LINE
8
BLACK
6
CONTINUOUS
10
7.56833
20
-4.35706
11
7.57157
21
-4.36229
0
LINE
8
BLACK
6
CONTINUOUS
10
7.57157
20
-4.36229
11
7.57192
21
-4.36274
0
LINE
8
BLACK
6
CONTINUOUS
10
7.57192
20
-4.36274
11
7.57415
21
-4.36496
0
LINE
8
BLACK
6
CONTINUOUS
10
7.57415
20
-4.36496
11
7.57549
21
-4.36741
0
LINE
8
BLACK
6
CONTINUOUS
10
7.57549
20
-4.36741
11
7.57529
21
-4.3702
0
LINE
8
BLACK
6
CONTINUOUS
10
7.57529
20
-4.3702
11
7.57362
21
-4.37244
0
LINE
8
BLACK
6
CONTINUOUS
10
7.57362
20
-4.37244
11
7.571
21
-4.37342
0
LINE
8
BLACK
6
CONTINUOUS
10
7.571
20
-4.37342
11
7.56908
21
-4.37318
0
LINE
8
BLACK
6
CONTINUOUS
10
7.56908
20
-4.37318
11
7.56324
21
-4.37124
0
LINE
8
BLACK
6
CONTINUOUS
10
7.56324
20
-4.37124
11
7.56271
21
-4.37113
0
LINE
8
BLACK
6
CONTINUOUS
10
7.56271
20
-4.37113
11
7.55913
21
-4.37076
0
LINE
8
BLACK
6
CONTINUOUS
10
7.55913
20
-4.37076
11
7.55893
21
-4.37075
0
LINE
8
BLACK
6
CONTINUOUS
10
7.55893
20
-4.37075
11
7.55834
21
-4.37092
0
LINE
8
BLACK
6
CONTINUOUS
10
7.55834
20
-4.37092
11
7.55829
21
-4.37098
0
LINE
8
BLACK
6
CONTINUOUS
10
7.55829
20
-4.37098
11
7.55823
21
-4.37128
0
LINE
8
BLACK
6
CONTINUOUS
10
7.55823
20
-4.37128
11
7.55823
21
-4.39098
0
LINE
8
BLACK
6
CONTINUOUS
10
7.55823
20
-4.39098
11
7.56048
21
-4.39142
0
LINE
8
BLACK
6
CONTINUOUS
10
7.56048
20
-4.39142
11
7.56335
21
-4.39334
0
LINE
8
BLACK
6
CONTINUOUS
10
7.56335
20
-4.39334
11
7.56527
21
-4.39622
0
LINE
8
BLACK
6
CONTINUOUS
10
7.56527
20
-4.39622
11
7.56594
21
-4.39961
0
LINE
8
BLACK
6
CONTINUOUS
10
7.56594
20
-4.39961
11
7.56594
21
-4.41929
0
LINE
8
BLACK
6
CONTINUOUS
10
7.56594
20
-4.41929
11
7.56527
21
-4.42268
0
LINE
8
BLACK
6
CONTINUOUS
10
7.56527
20
-4.42268
11
7.56335
21
-4.42556
0
LINE
8
BLACK
6
CONTINUOUS
10
7.56335
20
-4.42556
11
7.56048
21
-4.42748
0
LINE
8
BLACK
6
CONTINUOUS
10
7.56048
20
-4.42748
11
7.55823
21
-4.42792
0
LINE
8
BLACK
6
CONTINUOUS
10
7.55823
20
-4.42792
11
7.55823
21
-4.44744
0
LINE
8
BLACK
6
CONTINUOUS
10
7.55823
20
-4.44744
11
7.5584
21
-4.44804
0
LINE
8
BLACK
6
CONTINUOUS
10
7.5584
20
-4.44804
11
7.55846
21
-4.44808
0
LINE
8
BLACK
6
CONTINUOUS
10
7.55846
20
-4.44808
11
7.55876
21
-4.44815
0
LINE
8
BLACK
6
CONTINUOUS
10
7.55876
20
-4.44815
11
7.55888
21
-4.44815
0
LINE
8
BLACK
6
CONTINUOUS
10
7.55888
20
-4.44815
11
7.55913
21
-4.44814
0
LINE
8
BLACK
6
CONTINUOUS
10
7.55913
20
-4.44814
11
7.56157
21
-4.44788
0
LINE
8
BLACK
6
CONTINUOUS
10
7.56157
20
-4.44788
11
7.56432
21
-4.44839
0
LINE
8
BLACK
6
CONTINUOUS
10
7.56432
20
-4.44839
11
7.56636
21
-4.4503
0
LINE
8
BLACK
6
CONTINUOUS
10
7.56636
20
-4.4503
11
7.56704
21
-4.45301
0
LINE
8
BLACK
6
CONTINUOUS
10
7.56704
20
-4.45301
11
7.56679
21
-4.45438
0
LINE
8
BLACK
6
CONTINUOUS
10
7.56679
20
-4.45438
11
7.5661
21
-4.45645
0
LINE
8
BLACK
6
CONTINUOUS
10
7.5661
20
-4.45645
11
7.56602
21
-4.4567
0
LINE
8
BLACK
6
CONTINUOUS
10
7.56602
20
-4.4567
11
7.56599
21
-4.45697
0
LINE
8
BLACK
6
CONTINUOUS
10
7.56599
20
-4.45697
11
7.56599
21
-4.45697
0
LINE
8
BLACK
6
CONTINUOUS
10
7.56599
20
-4.45697
11
7.56584
21
-4.45843
0
LINE
8
BLACK
6
CONTINUOUS
10
7.56584
20
-4.45843
11
7.56561
21
-4.46068
0
LINE
8
BLACK
6
CONTINUOUS
10
7.56561
20
-4.46068
11
7.56561
21
-4.4842
0
LINE
8
BLACK
6
CONTINUOUS
10
7.56561
20
-4.4842
11
7.56562
21
-4.48433
0
LINE
8
BLACK
6
CONTINUOUS
10
7.56562
20
-4.48433
11
7.56562
21
-4.48433
0
LINE
8
BLACK
6
CONTINUOUS
10
7.56562
20
-4.48433
11
7.5657
21
-4.4851
0
LINE
8
BLACK
6
CONTINUOUS
10
7.5657
20
-4.4851
11
7.56603
21
-4.48823
0
LINE
8
BLACK
6
CONTINUOUS
10
7.56603
20
-4.48823
11
7.56611
21
-4.48849
0
LINE
8
BLACK
6
CONTINUOUS
10
7.56611
20
-4.48849
11
7.568
21
-4.49415
0
LINE
8
BLACK
6
CONTINUOUS
10
7.568
20
-4.49415
11
7.56816
21
-4.49462
0
LINE
8
BLACK
6
CONTINUOUS
10
7.56816
20
-4.49462
11
7.56831
21
-4.49486
0
LINE
8
BLACK
6
CONTINUOUS
10
7.56831
20
-4.49486
11
7.56831
21
-4.49486
0
LINE
8
BLACK
6
CONTINUOUS
10
7.56831
20
-4.49486
11
7.57028
21
-4.49805
0
LINE
8
BLACK
6
CONTINUOUS
10
7.57028
20
-4.49805
11
7.5717
21
-4.50034
0
LINE
8
BLACK
6
CONTINUOUS
10
7.5717
20
-4.50034
11
7.57647
21
-4.5051
0
LINE
8
BLACK
6
CONTINUOUS
10
7.57647
20
-4.5051
11
7.57671
21
-4.50525
0
LINE
8
BLACK
6
CONTINUOUS
10
7.57671
20
-4.50525
11
7.57671
21
-4.50525
0
LINE
8
BLACK
6
CONTINUOUS
10
7.57671
20
-4.50525
11
7.58181
21
-4.50839
0
LINE
8
BLACK
6
CONTINUOUS
10
7.58181
20
-4.50839
11
7.5822
21
-4.50863
0
LINE
8
BLACK
6
CONTINUOUS
10
7.5822
20
-4.50863
11
7.58859
21
-4.51075
0
LINE
8
BLACK
6
CONTINUOUS
10
7.58859
20
-4.51075
11
7.58886
21
-4.51078
0
LINE
8
BLACK
6
CONTINUOUS
10
7.58886
20
-4.51078
11
7.58886
21
-4.51078
0
LINE
8
BLACK
6
CONTINUOUS
10
7.58886
20
-4.51078
11
7.59049
21
-4.51095
0
LINE
8
BLACK
6
CONTINUOUS
10
7.59049
20
-4.51095
11
7.59257
21
-4.51116
0
LINE
8
BLACK
6
CONTINUOUS
10
7.59257
20
-4.51116
11
7.61412
21
-4.51116
0
LINE
8
BLACK
6
CONTINUOUS
10
7.61412
20
-4.51116
11
7.61425
21
-4.51115
0
LINE
8
BLACK
6
CONTINUOUS
10
7.61425
20
-4.51115
11
7.61425
21
-4.51115
0
LINE
8
BLACK
6
CONTINUOUS
10
7.61425
20
-4.51115
11
7.61559
21
-4.51101
0
LINE
8
BLACK
6
CONTINUOUS
10
7.61559
20
-4.51101
11
7.61815
21
-4.51074
0
LINE
8
BLACK
6
CONTINUOUS
10
7.61815
20
-4.51074
11
7.62313
21
-4.50908
0
LINE
8
BLACK
6
CONTINUOUS
10
7.62313
20
-4.50908
11
7.62426
21
-4.5087
0
LINE
8
BLACK
6
CONTINUOUS
10
7.62426
20
-4.5087
11
7.62426
21
-4.5087
0
LINE
8
BLACK
6
CONTINUOUS
10
7.62426
20
-4.5087
11
7.62454
21
-4.50861
0
LINE
8
BLACK
6
CONTINUOUS
10
7.62454
20
-4.50861
11
7.62478
21
-4.50846
0
LINE
8
BLACK
6
CONTINUOUS
10
7.62478
20
-4.50846
11
7.63002
21
-4.50522
0
LINE
8
BLACK
6
CONTINUOUS
10
7.63002
20
-4.50522
11
7.63002
21
-4.50522
0
LINE
8
BLACK
6
CONTINUOUS
10
7.63002
20
-4.50522
11
7.63026
21
-4.50507
0
LINE
8
BLACK
6
CONTINUOUS
10
7.63026
20
-4.50507
11
7.63047
21
-4.50486
0
LINE
8
BLACK
6
CONTINUOUS
10
7.63047
20
-4.50486
11
7.63069
21
-4.50469
0
LINE
8
BLACK
6
CONTINUOUS
10
7.63069
20
-4.50469
11
7.63075
21
-4.50476
0
LINE
8
BLACK
6
CONTINUOUS
10
7.63075
20
-4.50476
11
7.6328
21
-4.50364
0
LINE
8
BLACK
6
CONTINUOUS
10
7.6328
20
-4.50364
11
7.63559
21
-4.50384
0
LINE
8
BLACK
6
CONTINUOUS
10
7.63559
20
-4.50384
11
7.63703
21
-4.50476
0
LINE
8
BLACK
6
CONTINUOUS
10
7.63703
20
-4.50476
11
7.63706
21
-4.50472
0
LINE
8
BLACK
6
CONTINUOUS
10
7.63706
20
-4.50472
11
7.63729
21
-4.5049
0
LINE
8
BLACK
6
CONTINUOUS
10
7.63729
20
-4.5049
11
7.63749
21
-4.5051
0
LINE
8
BLACK
6
CONTINUOUS
10
7.63749
20
-4.5051
11
7.63774
21
-4.50525
0
LINE
8
BLACK
6
CONTINUOUS
10
7.63774
20
-4.50525
11
7.63774
21
-4.50525
0
LINE
8
BLACK
6
CONTINUOUS
10
7.63774
20
-4.50525
11
7.64283
21
-4.50839
0
LINE
8
BLACK
6
CONTINUOUS
10
7.64283
20
-4.50839
11
7.64322
21
-4.50863
0
LINE
8
BLACK
6
CONTINUOUS
10
7.64322
20
-4.50863
11
7.64962
21
-4.51075
0
LINE
8
BLACK
6
CONTINUOUS
10
7.64962
20
-4.51075
11
7.64989
21
-4.51078
0
LINE
8
BLACK
6
CONTINUOUS
10
7.64989
20
-4.51078
11
7.64989
21
-4.51078
0
LINE
8
BLACK
6
CONTINUOUS
10
7.64989
20
-4.51078
11
7.65151
21
-4.51095
0
LINE
8
BLACK
6
CONTINUOUS
10
7.65151
20
-4.51095
11
7.65359
21
-4.51116
0
LINE
8
BLACK
6
CONTINUOUS
10
7.65359
20
-4.51116
11
7.67515
21
-4.51116
0
LINE
8
BLACK
6
CONTINUOUS
10
7.67515
20
-4.51116
11
7.67527
21
-4.51115
0
LINE
8
BLACK
6
CONTINUOUS
10
7.67527
20
-4.51115
11
7.67527
21
-4.51115
0
LINE
8
BLACK
6
CONTINUOUS
10
7.67527
20
-4.51115
11
7.67662
21
-4.51101
0
LINE
8
BLACK
6
CONTINUOUS
10
7.67662
20
-4.51101
11
7.67917
21
-4.51074
0
LINE
8
BLACK
6
CONTINUOUS
10
7.67917
20
-4.51074
11
7.68415
21
-4.50908
0
LINE
8
BLACK
6
CONTINUOUS
10
7.68415
20
-4.50908
11
7.68529
21
-4.5087
0
LINE
8
BLACK
6
CONTINUOUS
10
7.68529
20
-4.5087
11
7.68529
21
-4.5087
0
LINE
8
BLACK
6
CONTINUOUS
10
7.68529
20
-4.5087
11
7.68556
21
-4.50861
0
LINE
8
BLACK
6
CONTINUOUS
10
7.68556
20
-4.50861
11
7.68716
21
-4.50762
0
LINE
8
BLACK
6
CONTINUOUS
10
7.68716
20
-4.50762
11
7.68985
21
-4.50688
0
LINE
8
BLACK
6
CONTINUOUS
10
7.68985
20
-4.50688
11
7.69252
21
-4.50772
0
LINE
8
BLACK
6
CONTINUOUS
10
7.69252
20
-4.50772
11
7.69389
21
-4.50908
0
LINE
8
BLACK
6
CONTINUOUS
10
7.69389
20
-4.50908
11
7.69791
21
-4.51509
0
LINE
8
BLACK
6
CONTINUOUS
10
7.69791
20
-4.51509
11
7.70342
21
-4.52059
0
LINE
8
BLACK
6
CONTINUOUS
10
7.70342
20
-4.52059
11
7.70362
21
-4.52073
0
LINE
8
BLACK
6
CONTINUOUS
10
7.70362
20
-4.52073
11
7.70362
21
-4.52073
0
LINE
8
BLACK
6
CONTINUOUS
10
7.70362
20
-4.52073
11
7.70969
21
-4.52479
0
LINE
8
BLACK
6
CONTINUOUS
10
7.70969
20
-4.52479
11
7.70969
21
-4.52479
0
LINE
8
BLACK
6
CONTINUOUS
10
7.70969
20
-4.52479
11
7.70989
21
-4.52492
0
LINE
8
BLACK
6
CONTINUOUS
10
7.70989
20
-4.52492
11
7.71708
21
-4.52792
0
LINE
8
BLACK
6
CONTINUOUS
10
7.71708
20
-4.52792
11
7.71731
21
-4.52797
0
LINE
8
BLACK
6
CONTINUOUS
10
7.71731
20
-4.52797
11
7.71731
21
-4.52797
0
LINE
8
BLACK
6
CONTINUOUS
10
7.71731
20
-4.52797
11
7.72409
21
-4.52933
0
LINE
8
BLACK
6
CONTINUOUS
10
7.72409
20
-4.52933
11
7.72471
21
-4.52946
0
LINE
8
BLACK
6
CONTINUOUS
10
7.72471
20
-4.52946
11
7.72495
21
-4.52947
0
LINE
8
BLACK
6
CONTINUOUS
10
7.72495
20
-4.52947
11
7.75569
21
-4.52947
0
LINE
8
BLACK
6
CONTINUOUS
10
7.75569
20
-4.52947
11
7.75838
21
-4.53026
0
LINE
8
BLACK
6
CONTINUOUS
10
7.75838
20
-4.53026
11
7.76021
21
-4.53237
0
LINE
8
BLACK
6
CONTINUOUS
10
7.76021
20
-4.53237
11
7.7606
21
-4.53514
0
LINE
8
BLACK
6
CONTINUOUS
10
7.7606
20
-4.53514
11
7.75944
21
-4.53768
0
LINE
8
BLACK
6
CONTINUOUS
10
7.75944
20
-4.53768
11
7.7592
21
-4.53794
0
LINE
8
BLACK
6
CONTINUOUS
10
7.7592
20
-4.53794
11
7.70837
21
-4.58876
0
LINE
8
BLACK
6
CONTINUOUS
10
7.70837
20
-4.58876
11
7.70592
21
-4.5901
0
LINE
8
BLACK
6
CONTINUOUS
10
7.70592
20
-4.5901
11
7.70487
21
-4.59022
0
LINE
8
BLACK
6
CONTINUOUS
10
7.70487
20
-4.59022
11
7.60369
21
-4.59022
0
LINE
8
BLACK
6
CONTINUOUS
10
7.60369
20
-4.59022
11
7.60231
21
-4.59002
0
LINE
8
BLACK
6
CONTINUOUS
10
7.60231
20
-4.59002
11
7.59685
21
-4.58843
0
LINE
8
BLACK
6
CONTINUOUS
10
7.59685
20
-4.58843
11
7.59685
21
-4.58843
0
LINE
8
BLACK
6
CONTINUOUS
10
7.59685
20
-4.58843
11
7.59661
21
-4.58836
0
LINE
8
BLACK
6
CONTINUOUS
10
7.59661
20
-4.58836
11
7.59636
21
-4.58834
0
LINE
8
BLACK
6
CONTINUOUS
10
7.59636
20
-4.58834
11
7.59636
21
-4.58834
0
LINE
8
BLACK
6
CONTINUOUS
10
7.59636
20
-4.58834
11
7.59523
21
-4.58826
0
LINE
8
BLACK
6
CONTINUOUS
10
7.59523
20
-4.58826
11
7.59523
21
-4.58826
0
LINE
8
BLACK
6
CONTINUOUS
10
7.59523
20
-4.58826
11
7.59514
21
-4.58825
0
LINE
8
BLACK
6
CONTINUOUS
10
7.59514
20
-4.58825
11
7.54364
21
-4.58825
0
LINE
8
BLACK
6
CONTINUOUS
10
7.54364
20
-4.58825
11
7.54355
21
-4.58826
0
LINE
8
BLACK
6
CONTINUOUS
10
7.54355
20
-4.58826
11
7.54354
21
-4.58826
0
LINE
8
BLACK
6
CONTINUOUS
10
7.54354
20
-4.58826
11
7.54242
21
-4.58834
0
LINE
8
BLACK
6
CONTINUOUS
10
7.54242
20
-4.58834
11
7.54242
21
-4.58834
0
LINE
8
BLACK
6
CONTINUOUS
10
7.54242
20
-4.58834
11
7.54217
21
-4.58836
0
LINE
8
BLACK
6
CONTINUOUS
10
7.54217
20
-4.58836
11
7.53648
21
-4.59002
0
LINE
8
BLACK
6
CONTINUOUS
10
7.53648
20
-4.59002
11
7.53368
21
-4.59001
0
LINE
8
BLACK
6
CONTINUOUS
10
7.53368
20
-4.59001
11
7.53159
21
-4.58877
0
LINE
8
BLACK
6
CONTINUOUS
10
7.53159
20
-4.58877
11
7.52966
21
-4.58685
0
LINE
8
BLACK
6
CONTINUOUS
10
7.52966
20
-4.58685
11
7.52946
21
-4.58664
0
LINE
8
BLACK
6
CONTINUOUS
10
7.52946
20
-4.58664
11
7.52922
21
-4.58649
0
LINE
8
BLACK
6
CONTINUOUS
10
7.52922
20
-4.58649
11
7.52378
21
-4.58314
0
LINE
8
BLACK
6
CONTINUOUS
10
7.52378
20
-4.58314
11
7.52378
21
-4.58314
0
LINE
8
BLACK
6
CONTINUOUS
10
7.52378
20
-4.58314
11
7.52353
21
-4.58299
0
LINE
8
BLACK
6
CONTINUOUS
10
7.52353
20
-4.58299
11
7.51721
21
-4.58089
0
LINE
8
BLACK
6
CONTINUOUS
10
7.51721
20
-4.58089
11
7.51718
21
-4.58088
0
LINE
8
BLACK
6
CONTINUOUS
10
7.51718
20
-4.58088
11
7.51718
21
-4.58088
0
LINE
8
BLACK
6
CONTINUOUS
10
7.51718
20
-4.58088
11
7.51692
21
-4.5808
0
LINE
8
BLACK
6
CONTINUOUS
10
7.51692
20
-4.5808
11
7.51665
21
-4.58077
0
LINE
8
BLACK
6
CONTINUOUS
10
7.51665
20
-4.58077
11
7.51665
21
-4.58077
0
LINE
8
BLACK
6
CONTINUOUS
10
7.51665
20
-4.58077
11
7.51496
21
-4.58059
0
LINE
8
BLACK
6
CONTINUOUS
10
7.51496
20
-4.58059
11
7.51281
21
-4.58037
0
LINE
8
BLACK
6
CONTINUOUS
10
7.51281
20
-4.58037
11
7.47144
21
-4.58037
0
LINE
8
BLACK
6
CONTINUOUS
10
7.47144
20
-4.58037
11
7.47131
21
-4.58039
0
LINE
8
BLACK
6
CONTINUOUS
10
7.47131
20
-4.58039
11
7.47131
21
-4.58039
0
LINE
8
BLACK
6
CONTINUOUS
10
7.47131
20
-4.58039
11
7.46755
21
-4.58078
0
LINE
8
BLACK
6
CONTINUOUS
10
7.46755
20
-4.58078
11
7.46755
21
-4.58078
0
LINE
8
BLACK
6
CONTINUOUS
10
7.46755
20
-4.58078
11
7.46728
21
-4.58081
0
LINE
8
BLACK
6
CONTINUOUS
10
7.46728
20
-4.58081
11
7.46702
21
-4.58089
0
LINE
8
BLACK
6
CONTINUOUS
10
7.46702
20
-4.58089
11
7.46702
21
-4.58089
0
LINE
8
BLACK
6
CONTINUOUS
10
7.46702
20
-4.58089
11
7.46182
21
-4.58263
0
LINE
8
BLACK
6
CONTINUOUS
10
7.46182
20
-4.58263
11
7.46067
21
-4.58301
0
LINE
8
BLACK
6
CONTINUOUS
10
7.46067
20
-4.58301
11
7.45475
21
-4.58667
0
LINE
8
BLACK
6
CONTINUOUS
10
7.45475
20
-4.58667
11
7.44983
21
-4.5916
0
LINE
8
BLACK
6
CONTINUOUS
10
7.44983
20
-4.5916
11
7.44618
21
-4.59753
0
LINE
8
BLACK
6
CONTINUOUS
10
7.44618
20
-4.59753
11
7.44398
21
-4.60414
0
LINE
8
BLACK
6
CONTINUOUS
10
7.44398
20
-4.60414
11
7.44356
21
-4.60825
0
LINE
8
BLACK
6
CONTINUOUS
10
7.44356
20
-4.60825
11
7.44356
21
-4.63191
0
LINE
8
BLACK
6
CONTINUOUS
10
7.44356
20
-4.63191
11
7.44358
21
-4.63203
0
LINE
8
BLACK
6
CONTINUOUS
10
7.44358
20
-4.63203
11
7.44358
21
-4.63203
0
LINE
8
BLACK
6
CONTINUOUS
10
7.44358
20
-4.63203
11
7.44362
21
-4.63247
0
LINE
8
BLACK
6
CONTINUOUS
10
7.44362
20
-4.63247
11
7.444
21
-4.63607
0
LINE
8
BLACK
6
CONTINUOUS
10
7.444
20
-4.63607
11
7.44408
21
-4.63633
0
LINE
8
BLACK
6
CONTINUOUS
10
7.44408
20
-4.63633
11
7.44408
21
-4.63633
0
LINE
8
BLACK
6
CONTINUOUS
10
7.44408
20
-4.63633
11
7.4453
21
-4.63999
0
LINE
8
BLACK
6
CONTINUOUS
10
7.4453
20
-4.63999
11
7.4462
21
-4.64268
0
LINE
8
BLACK
6
CONTINUOUS
10
7.4462
20
-4.64268
11
7.44986
21
-4.6486
0
LINE
8
BLACK
6
CONTINUOUS
10
7.44986
20
-4.6486
11
7.45479
21
-4.65352
0
LINE
8
BLACK
6
CONTINUOUS
10
7.45479
20
-4.65352
11
7.45497
21
-4.65363
0
LINE
8
BLACK
6
CONTINUOUS
10
7.45497
20
-4.65363
11
7.45657
21
-4.65588
0
LINE
8
BLACK
6
CONTINUOUS
10
7.45657
20
-4.65588
11
7.4567
21
-4.65867
0
LINE
8
BLACK
6
CONTINUOUS
10
7.4567
20
-4.65867
11
7.45529
21
-4.66109
0
LINE
8
BLACK
6
CONTINUOUS
10
7.45529
20
-4.66109
11
7.45496
21
-4.66138
0
LINE
8
BLACK
6
CONTINUOUS
10
7.45496
20
-4.66138
11
7.45456
21
-4.6617
0
LINE
8
BLACK
6
CONTINUOUS
10
7.45456
20
-4.6617
11
7.45005
21
-4.66621
0
LINE
8
BLACK
6
CONTINUOUS
10
7.45005
20
-4.66621
11
7.44969
21
-4.66666
0
LINE
8
BLACK
6
CONTINUOUS
10
7.44969
20
-4.66666
11
7.44635
21
-4.6721
0
LINE
8
BLACK
6
CONTINUOUS
10
7.44635
20
-4.6721
11
7.4461
21
-4.67262
0
LINE
8
BLACK
6
CONTINUOUS
10
7.4461
20
-4.67262
11
7.44409
21
-4.67869
0
LINE
8
BLACK
6
CONTINUOUS
10
7.44409
20
-4.67869
11
7.44398
21
-4.67922
0
LINE
8
BLACK
6
CONTINUOUS
10
7.44398
20
-4.67922
11
7.4436
21
-4.68293
0
LINE
8
BLACK
6
CONTINUOUS
10
7.4436
20
-4.68293
11
7.44358
21
-4.68318
0
LINE
8
BLACK
6
CONTINUOUS
10
7.44358
20
-4.68318
11
7.44358
21
-4.68417
0
LINE
8
BLACK
6
CONTINUOUS
10
7.44358
20
-4.68417
11
7.44376
21
-4.68477
0
LINE
8
BLACK
6
CONTINUOUS
10
7.44376
20
-4.68477
11
7.44381
21
-4.68482
0
LINE
8
BLACK
6
CONTINUOUS
10
7.44381
20
-4.68482
11
7.44412
21
-4.68488
0
LINE
8
BLACK
6
CONTINUOUS
10
7.44412
20
-4.68488
11
7.46361
21
-4.68488
0
LINE
8
BLACK
6
CONTINUOUS
10
7.46361
20
-4.68488
11
7.46433
21
-4.68127
0
LINE
8
BLACK
6
CONTINUOUS
10
7.46433
20
-4.68127
11
7.46647
21
-4.67808
0
LINE
8
BLACK
6
CONTINUOUS
10
7.46647
20
-4.67808
11
7.46966
21
-4.67595
0
LINE
8
BLACK
6
CONTINUOUS
10
7.46966
20
-4.67595
11
7.47343
21
-4.6752
0
LINE
8
BLACK
6
CONTINUOUS
10
7.47343
20
-4.6752
11
7.51083
21
-4.6752
0
LINE
8
BLACK
6
CONTINUOUS
10
7.51083
20
-4.6752
11
7.51459
21
-4.67595
0
LINE
8
BLACK
6
CONTINUOUS
10
7.51459
20
-4.67595
11
7.51779
21
-4.67808
0
LINE
8
BLACK
6
CONTINUOUS
10
7.51779
20
-4.67808
11
7.51992
21
-4.68127
0
LINE
8
BLACK
6
CONTINUOUS
10
7.51992
20
-4.68127
11
7.52064
21
-4.68488
0
LINE
8
BLACK
6
CONTINUOUS
10
7.52064
20
-4.68488
11
7.54203
21
-4.68488
0
LINE
8
BLACK
6
CONTINUOUS
10
7.54203
20
-4.68488
11
7.54208
21
-4.6848
0
LINE
8
BLACK
6
CONTINUOUS
10
7.54208
20
-4.6848
11
7.544
21
-4.68352
0
LINE
8
BLACK
6
CONTINUOUS
10
7.544
20
-4.68352
11
7.54626
21
-4.68307
0
LINE
8
BLACK
6
CONTINUOUS
10
7.54626
20
-4.68307
11
7.55939
21
-4.68307
0
LINE
8
BLACK
6
CONTINUOUS
10
7.55939
20
-4.68307
11
7.55939
21
-4.66378
0
LINE
8
BLACK
6
CONTINUOUS
10
7.55939
20
-4.66378
11
7.55921
21
-4.66318
0
LINE
8
BLACK
6
CONTINUOUS
10
7.55921
20
-4.66318
11
7.55916
21
-4.66314
0
LINE
8
BLACK
6
CONTINUOUS
10
7.55916
20
-4.66314
11
7.55886
21
-4.66307
0
LINE
8
BLACK
6
CONTINUOUS
10
7.55886
20
-4.66307
11
7.54374
21
-4.66307
0
LINE
8
BLACK
6
CONTINUOUS
10
7.54374
20
-4.66307
11
7.54355
21
-4.66308
0
LINE
8
BLACK
6
CONTINUOUS
10
7.54355
20
-4.66308
11
7.54243
21
-4.66317
0
LINE
8
BLACK
6
CONTINUOUS
10
7.54243
20
-4.66317
11
7.54193
21
-4.66326
0
LINE
8
BLACK
6
CONTINUOUS
10
7.54193
20
-4.66326
11
7.53647
21
-4.66484
0
LINE
8
BLACK
6
CONTINUOUS
10
7.53647
20
-4.66484
11
7.53368
21
-4.66484
0
LINE
8
BLACK
6
CONTINUOUS
10
7.53368
20
-4.66484
11
7.53158
21
-4.66359
0
LINE
8
BLACK
6
CONTINUOUS
10
7.53158
20
-4.66359
11
7.52965
21
-4.66166
0
LINE
8
BLACK
6
CONTINUOUS
10
7.52965
20
-4.66166
11
7.5293
21
-4.66139
0
LINE
8
BLACK
6
CONTINUOUS
10
7.5293
20
-4.66139
11
7.52768
21
-4.65911
0
LINE
8
BLACK
6
CONTINUOUS
10
7.52768
20
-4.65911
11
7.52756
21
-4.65631
0
LINE
8
BLACK
6
CONTINUOUS
10
7.52756
20
-4.65631
11
7.52896
21
-4.6539
0
LINE
8
BLACK
6
CONTINUOUS
10
7.52896
20
-4.6539
11
7.52927
21
-4.65363
0
LINE
8
BLACK
6
CONTINUOUS
10
7.52927
20
-4.65363
11
7.5295
21
-4.65348
0
LINE
8
BLACK
6
CONTINUOUS
10
7.5295
20
-4.65348
11
7.53076
21
-4.65222
0
LINE
8
BLACK
6
CONTINUOUS
10
7.53076
20
-4.65222
11
7.53158
21
-4.6514
0
LINE
8
BLACK
6
CONTINUOUS
10
7.53158
20
-4.6514
11
7.53404
21
-4.65006
0
LINE
8
BLACK
6
CONTINUOUS
10
7.53404
20
-4.65006
11
7.53648
21
-4.65014
0
LINE
8
BLACK
6
CONTINUOUS
10
7.53648
20
-4.65014
11
7.54217
21
-4.65179
0
LINE
8
BLACK
6
CONTINUOUS
10
7.54217
20
-4.65179
11
7.54242
21
-4.65181
0
LINE
8
BLACK
6
CONTINUOUS
10
7.54242
20
-4.65181
11
7.54242
21
-4.65181
0
LINE
8
BLACK
6
CONTINUOUS
10
7.54242
20
-4.65181
11
7.54354
21
-4.6519
0
LINE
8
BLACK
6
CONTINUOUS
10
7.54354
20
-4.6519
11
7.54355
21
-4.6519
0
LINE
8
BLACK
6
CONTINUOUS
10
7.54355
20
-4.6519
11
7.54364
21
-4.65191
0
LINE
8
BLACK
6
CONTINUOUS
10
7.54364
20
-4.65191
11
7.58919
21
-4.65191
0
LINE
8
BLACK
6
CONTINUOUS
10
7.58919
20
-4.65191
11
7.59187
21
-4.6527
0
LINE
8
BLACK
6
CONTINUOUS
10
7.59187
20
-4.6527
11
7.59371
21
-4.65481
0
LINE
8
BLACK
6
CONTINUOUS
10
7.59371
20
-4.65481
11
7.59415
21
-4.65687
0
LINE
8
BLACK
6
CONTINUOUS
10
7.59415
20
-4.65687
11
7.59415
21
-4.65811
0
LINE
8
BLACK
6
CONTINUOUS
10
7.59415
20
-4.65811
11
7.59337
21
-4.66079
0
LINE
8
BLACK
6
CONTINUOUS
10
7.59337
20
-4.66079
11
7.59125
21
-4.66262
0
LINE
8
BLACK
6
CONTINUOUS
10
7.59125
20
-4.66262
11
7.58919
21
-4.66307
0
LINE
8
BLACK
6
CONTINUOUS
10
7.58919
20
-4.66307
11
7.5801
21
-4.66307
0
LINE
8
BLACK
6
CONTINUOUS
10
7.5801
20
-4.66307
11
7.5795
21
-4.66325
0
LINE
8
BLACK
6
CONTINUOUS
10
7.5795
20
-4.66325
11
7.57946
21
-4.6633
0
LINE
8
BLACK
6
CONTINUOUS
10
7.57946
20
-4.6633
11
7.57939
21
-4.6636
0
LINE
8
BLACK
6
CONTINUOUS
10
7.57939
20
-4.6636
11
7.57939
21
-4.68307
0
LINE
8
BLACK
6
CONTINUOUS
10
7.57939
20
-4.68307
11
7.59252
21
-4.68307
0
LINE
8
BLACK
6
CONTINUOUS
10
7.59252
20
-4.68307
11
7.59478
21
-4.68352
0
LINE
8
BLACK
6
CONTINUOUS
10
7.59478
20
-4.68352
11
7.5967
21
-4.6848
0
LINE
8
BLACK
6
CONTINUOUS
10
7.5967
20
-4.6848
11
7.59675
21
-4.68488
0
LINE
8
BLACK
6
CONTINUOUS
10
7.59675
20
-4.68488
11
7.60414
21
-4.68488
0
LINE
8
BLACK
6
CONTINUOUS
10
7.60414
20
-4.68488
11
7.60667
21
-4.68557
0
LINE
8
BLACK
6
CONTINUOUS
10
7.60667
20
-4.68557
11
7.6097
21
-4.68737
0
LINE
8
BLACK
6
CONTINUOUS
10
7.6097
20
-4.68737
11
7.61
21
-4.68745
0
LINE
8
BLACK
6
CONTINUOUS
10
7.61
20
-4.68745
11
7.61
21
-4.68745
0
LINE
8
BLACK
6
CONTINUOUS
10
7.61
20
-4.68745
11
7.61206
21
-4.68805
0
LINE
8
BLACK
6
CONTINUOUS
10
7.61206
20
-4.68805
11
7.61599
21
-4.6892
0
LINE
8
BLACK
6
CONTINUOUS
10
7.61599
20
-4.6892
11
7.61624
21
-4.68922
0
LINE
8
BLACK
6
CONTINUOUS
10
7.61624
20
-4.68922
11
7.61624
21
-4.68922
0
LINE
8
BLACK
6
CONTINUOUS
10
7.61624
20
-4.68922
11
7.61736
21
-4.6893
0
LINE
8
BLACK
6
CONTINUOUS
10
7.61736
20
-4.6893
11
7.61736
21
-4.6893
0
LINE
8
BLACK
6
CONTINUOUS
10
7.61736
20
-4.6893
11
7.61746
21
-4.68931
0
LINE
8
BLACK
6
CONTINUOUS
10
7.61746
20
-4.68931
11
7.63075
21
-4.68931
0
LINE
8
BLACK
6
CONTINUOUS
10
7.63075
20
-4.68931
11
7.63344
21
-4.6901
0
LINE
8
BLACK
6
CONTINUOUS
10
7.63344
20
-4.6901
11
7.63426
21
-4.69076
0
LINE
8
BLACK
6
CONTINUOUS
10
7.63426
20
-4.69076
11
7.67879
21
-4.73529
0
LINE
8
BLACK
6
CONTINUOUS
10
7.67879
20
-4.73529
11
7.68013
21
-4.73774
0
LINE
8
BLACK
6
CONTINUOUS
10
7.68013
20
-4.73774
11
7.67993
21
-4.74053
0
LINE
8
BLACK
6
CONTINUOUS
10
7.67993
20
-4.74053
11
7.67825
21
-4.74277
0
LINE
8
BLACK
6
CONTINUOUS
10
7.67825
20
-4.74277
11
7.67563
21
-4.74375
0
LINE
8
BLACK
6
CONTINUOUS
10
7.67563
20
-4.74375
11
7.67528
21
-4.74376
0
LINE
8
BLACK
6
CONTINUOUS
10
7.67528
20
-4.74376
11
7.51867
21
-4.74376
0
LINE
8
BLACK
6
CONTINUOUS
10
7.51867
20
-4.74376
11
7.51598
21
-4.74297
0
LINE
8
BLACK
6
CONTINUOUS
10
7.51598
20
-4.74297
11
7.51415
21
-4.74086
0
LINE
8
BLACK
6
CONTINUOUS
10
7.51415
20
-4.74086
11
7.51376
21
-4.73809
0
LINE
8
BLACK
6
CONTINUOUS
10
7.51376
20
-4.73809
11
7.51492
21
-4.73555
0
LINE
8
BLACK
6
CONTINUOUS
10
7.51492
20
-4.73555
11
7.5171
21
-4.73409
0
LINE
8
BLACK
6
CONTINUOUS
10
7.5171
20
-4.73409
11
7.5233
21
-4.73202
0
LINE
8
BLACK
6
CONTINUOUS
10
7.5233
20
-4.73202
11
7.52382
21
-4.73178
0
LINE
8
BLACK
6
CONTINUOUS
10
7.52382
20
-4.73178
11
7.52924
21
-4.72842
0
LINE
8
BLACK
6
CONTINUOUS
10
7.52924
20
-4.72842
11
7.52969
21
-4.72807
0
LINE
8
BLACK
6
CONTINUOUS
10
7.52969
20
-4.72807
11
7.53158
21
-4.72618
0
LINE
8
BLACK
6
CONTINUOUS
10
7.53158
20
-4.72618
11
7.53403
21
-4.72484
0
LINE
8
BLACK
6
CONTINUOUS
10
7.53403
20
-4.72484
11
7.53647
21
-4.72492
0
LINE
8
BLACK
6
CONTINUOUS
10
7.53647
20
-4.72492
11
7.54193
21
-4.72651
0
LINE
8
BLACK
6
CONTINUOUS
10
7.54193
20
-4.72651
11
7.54243
21
-4.7266
0
LINE
8
BLACK
6
CONTINUOUS
10
7.54243
20
-4.7266
11
7.54355
21
-4.72669
0
LINE
8
BLACK
6
CONTINUOUS
10
7.54355
20
-4.72669
11
7.54374
21
-4.72669
0
LINE
8
BLACK
6
CONTINUOUS
10
7.54374
20
-4.72669
11
7.55868
21
-4.72669
0
LINE
8
BLACK
6
CONTINUOUS
10
7.55868
20
-4.72669
11
7.55928
21
-4.72652
0
LINE
8
BLACK
6
CONTINUOUS
10
7.55928
20
-4.72652
11
7.55932
21
-4.72646
0
LINE
8
BLACK
6
CONTINUOUS
10
7.55932
20
-4.72646
11
7.55939
21
-4.72616
0
LINE
8
BLACK
6
CONTINUOUS
10
7.55939
20
-4.72616
11
7.55939
21
-4.70669
0
LINE
8
BLACK
6
CONTINUOUS
10
7.55939
20
-4.70669
11
7.54626
21
-4.70669
0
LINE
8
BLACK
6
CONTINUOUS
10
7.57962
20
-4.72663
11
7.57992
21
-4.72669
0
LINE
8
BLACK
6
CONTINUOUS
10
7.57992
20
-4.72669
11
7.59504
21
-4.72669
0
LINE
8
BLACK
6
CONTINUOUS
10
7.59504
20
-4.72669
11
7.59523
21
-4.72669
0
LINE
8
BLACK
6
CONTINUOUS
10
7.59523
20
-4.72669
11
7.59635
21
-4.7266
0
LINE
8
BLACK
6
CONTINUOUS
10
7.59635
20
-4.7266
11
7.59685
21
-4.72651
0
LINE
8
BLACK
6
CONTINUOUS
10
7.59685
20
-4.72651
11
7.60259
21
-4.72484
0
LINE
8
BLACK
6
CONTINUOUS
10
7.60259
20
-4.72484
11
7.60316
21
-4.72459
0
LINE
8
BLACK
6
CONTINUOUS
10
7.60316
20
-4.72459
11
7.60826
21
-4.72158
0
LINE
8
BLACK
6
CONTINUOUS
10
7.60826
20
-4.72158
11
7.60874
21
-4.7212
0
LINE
8
BLACK
6
CONTINUOUS
10
7.60874
20
-4.7212
11
7.61293
21
-4.71701
0
LINE
8
BLACK
6
CONTINUOUS
10
7.61293
20
-4.71701
11
7.61331
21
-4.71652
0
LINE
8
BLACK
6
CONTINUOUS
10
7.61331
20
-4.71652
11
7.61632
21
-4.71143
0
LINE
8
BLACK
6
CONTINUOUS
10
7.61632
20
-4.71143
11
7.61657
21
-4.71086
0
LINE
8
BLACK
6
CONTINUOUS
10
7.61657
20
-4.71086
11
7.61811
21
-4.70557
0
LINE
8
BLACK
6
CONTINUOUS
10
7.61811
20
-4.70557
11
7.61811
21
-4.70501
0
LINE
8
BLACK
6
CONTINUOUS
10
7.61811
20
-4.70501
11
7.61782
21
-4.70488
0
LINE
8
BLACK
6
CONTINUOUS
10
7.61782
20
-4.70488
11
7.59675
21
-4.70488
0
LINE
8
BLACK
6
CONTINUOUS
10
7.59675
20
-4.70488
11
7.5967
21
-4.70496
0
LINE
8
BLACK
6
CONTINUOUS
10
7.5967
20
-4.70496
11
7.59478
21
-4.70624
0
LINE
8
BLACK
6
CONTINUOUS
10
7.59478
20
-4.70624
11
7.59252
21
-4.70669
0
LINE
8
BLACK
6
CONTINUOUS
10
7.59252
20
-4.70669
11
7.57939
21
-4.70669
0
LINE
8
BLACK
6
CONTINUOUS
10
7.57939
20
-4.70669
11
7.57939
21
-4.72598
0
LINE
8
BLACK
6
CONTINUOUS
10
7.57939
20
-4.72598
11
7.57957
21
-4.72658
0
LINE
8
BLACK
6
CONTINUOUS
10
7.57957
20
-4.72658
11
7.57962
21
-4.72663
0
LINE
8
BLACK
6
CONTINUOUS
10
7.36259
20
-4.62525
11
7.3629
21
-4.62531
0
LINE
8
BLACK
6
CONTINUOUS
10
7.3629
20
-4.62531
11
7.36399
21
-4.62531
0
LINE
8
BLACK
6
CONTINUOUS
10
7.36399
20
-4.62531
11
7.36425
21
-4.6253
0
LINE
8
BLACK
6
CONTINUOUS
10
7.36425
20
-4.6253
11
7.36788
21
-4.62493
0
LINE
8
BLACK
6
CONTINUOUS
10
7.36788
20
-4.62493
11
7.3684
21
-4.62481
0
LINE
8
BLACK
6
CONTINUOUS
10
7.3684
20
-4.62481
11
7.37426
21
-4.62286
0
LINE
8
BLACK
6
CONTINUOUS
10
7.37426
20
-4.62286
11
7.37478
21
-4.62262
0
LINE
8
BLACK
6
CONTINUOUS
10
7.37478
20
-4.62262
11
7.38001
21
-4.61938
0
LINE
8
BLACK
6
CONTINUOUS
10
7.38001
20
-4.61938
11
7.38046
21
-4.61902
0
LINE
8
BLACK
6
CONTINUOUS
10
7.38046
20
-4.61902
11
7.3848
21
-4.61467
0
LINE
8
BLACK
6
CONTINUOUS
10
7.3848
20
-4.61467
11
7.38516
21
-4.61422
0
LINE
8
BLACK
6
CONTINUOUS
10
7.38516
20
-4.61422
11
7.38839
21
-4.60898
0
LINE
8
BLACK
6
CONTINUOUS
10
7.38839
20
-4.60898
11
7.38863
21
-4.60846
0
LINE
8
BLACK
6
CONTINUOUS
10
7.38863
20
-4.60846
11
7.39057
21
-4.60261
0
LINE
8
BLACK
6
CONTINUOUS
10
7.39057
20
-4.60261
11
7.39068
21
-4.60208
0
LINE
8
BLACK
6
CONTINUOUS
10
7.39068
20
-4.60208
11
7.39105
21
-4.5985
0
LINE
8
BLACK
6
CONTINUOUS
10
7.39105
20
-4.5985
11
7.39106
21
-4.5983
0
LINE
8
BLACK
6
CONTINUOUS
10
7.39106
20
-4.5983
11
7.39089
21
-4.59771
0
LINE
8
BLACK
6
CONTINUOUS
10
7.39089
20
-4.59771
11
7.39083
21
-4.59766
0
LINE
8
BLACK
6
CONTINUOUS
10
7.39083
20
-4.59766
11
7.39053
21
-4.5976
0
LINE
8
BLACK
6
CONTINUOUS
10
7.39053
20
-4.5976
11
7.37084
21
-4.5976
0
LINE
8
BLACK
6
CONTINUOUS
10
7.37084
20
-4.5976
11
7.37039
21
-4.59985
0
LINE
8
BLACK
6
CONTINUOUS
10
7.37039
20
-4.59985
11
7.36847
21
-4.60272
0
LINE
8
BLACK
6
CONTINUOUS
10
7.36847
20
-4.60272
11
7.36559
21
-4.60464
0
LINE
8
BLACK
6
CONTINUOUS
10
7.36559
20
-4.60464
11
7.36236
21
-4.60528
0
LINE
8
BLACK
6
CONTINUOUS
10
7.36236
20
-4.60528
11
7.36236
21
-4.6246
0
LINE
8
BLACK
6
CONTINUOUS
10
7.36236
20
-4.6246
11
7.36254
21
-4.6252
0
LINE
8
BLACK
6
CONTINUOUS
10
7.36254
20
-4.6252
11
7.36259
21
-4.62525
0
LINE
8
BLACK
6
CONTINUOUS
10
7.33913
20
-4.60464
11
7.33626
21
-4.60272
0
LINE
8
BLACK
6
CONTINUOUS
10
7.33626
20
-4.60272
11
7.33434
21
-4.59985
0
LINE
8
BLACK
6
CONTINUOUS
10
7.33434
20
-4.59985
11
7.33389
21
-4.5976
0
LINE
8
BLACK
6
CONTINUOUS
10
7.33389
20
-4.5976
11
7.31437
21
-4.5976
0
LINE
8
BLACK
6
CONTINUOUS
10
7.31437
20
-4.5976
11
7.31377
21
-4.59777
0
LINE
8
BLACK
6
CONTINUOUS
10
7.31377
20
-4.59777
11
7.31373
21
-4.59783
0
LINE
8
BLACK
6
CONTINUOUS
10
7.31373
20
-4.59783
11
7.31366
21
-4.59813
0
LINE
8
BLACK
6
CONTINUOUS
10
7.31366
20
-4.59813
11
7.31366
21
-4.59825
0
LINE
8
BLACK
6
CONTINUOUS
10
7.31366
20
-4.59825
11
7.31367
21
-4.5985
0
LINE
8
BLACK
6
CONTINUOUS
10
7.31367
20
-4.5985
11
7.31405
21
-4.60213
0
LINE
8
BLACK
6
CONTINUOUS
10
7.31405
20
-4.60213
11
7.31416
21
-4.60266
0
LINE
8
BLACK
6
CONTINUOUS
10
7.31416
20
-4.60266
11
7.31612
21
-4.60851
0
LINE
8
BLACK
6
CONTINUOUS
10
7.31612
20
-4.60851
11
7.31636
21
-4.60903
0
LINE
8
BLACK
6
CONTINUOUS
10
7.31636
20
-4.60903
11
7.3196
21
-4.61426
0
LINE
8
BLACK
6
CONTINUOUS
10
7.3196
20
-4.61426
11
7.31995
21
-4.61471
0
LINE
8
BLACK
6
CONTINUOUS
10
7.31995
20
-4.61471
11
7.32431
21
-4.61905
0
LINE
8
BLACK
6
CONTINUOUS
10
7.32431
20
-4.61905
11
7.32476
21
-4.61941
0
LINE
8
BLACK
6
CONTINUOUS
10
7.32476
20
-4.61941
11
7.33
21
-4.62264
0
LINE
8
BLACK
6
CONTINUOUS
10
7.33
20
-4.62264
11
7.33051
21
-4.62288
0
LINE
8
BLACK
6
CONTINUOUS
10
7.33051
20
-4.62288
11
7.33637
21
-4.62482
0
LINE
8
BLACK
6
CONTINUOUS
10
7.33637
20
-4.62482
11
7.3369
21
-4.62494
0
LINE
8
BLACK
6
CONTINUOUS
10
7.3369
20
-4.62494
11
7.34048
21
-4.6253
0
LINE
8
BLACK
6
CONTINUOUS
10
7.34048
20
-4.6253
11
7.34073
21
-4.62531
0
LINE
8
BLACK
6
CONTINUOUS
10
7.34073
20
-4.62531
11
7.34165
21
-4.62531
0
LINE
8
BLACK
6
CONTINUOUS
10
7.34165
20
-4.62531
11
7.34225
21
-4.62514
0
LINE
8
BLACK
6
CONTINUOUS
10
7.34225
20
-4.62514
11
7.3423
21
-4.62508
0
LINE
8
BLACK
6
CONTINUOUS
10
7.3423
20
-4.62508
11
7.34236
21
-4.62478
0
LINE
8
BLACK
6
CONTINUOUS
10
7.34236
20
-4.62478
11
7.34236
21
-4.60528
0
LINE
8
BLACK
6
CONTINUOUS
10
7.34236
20
-4.60528
11
7.33913
21
-4.60464
0
LINE
8
BLACK
6
CONTINUOUS
10
7.56586
20
-4.32458
11
7.56616
21
-4.32465
0
LINE
8
BLACK
6
CONTINUOUS
10
7.56616
20
-4.32465
11
7.58566
21
-4.32465
0
LINE
8
BLACK
6
CONTINUOUS
10
7.58566
20
-4.32465
11
7.5863
21
-4.32141
0
LINE
8
BLACK
6
CONTINUOUS
10
7.5863
20
-4.32141
11
7.58822
21
-4.31854
0
LINE
8
BLACK
6
CONTINUOUS
10
7.58822
20
-4.31854
11
7.5911
21
-4.31662
0
LINE
8
BLACK
6
CONTINUOUS
10
7.5911
20
-4.31662
11
7.59335
21
-4.31617
0
LINE
8
BLACK
6
CONTINUOUS
10
7.59335
20
-4.31617
11
7.59335
21
-4.29013
0
LINE
8
BLACK
6
CONTINUOUS
10
7.59335
20
-4.29013
11
7.5911
21
-4.28968
0
LINE
8
BLACK
6
CONTINUOUS
10
7.5911
20
-4.28968
11
7.58822
21
-4.28776
0
LINE
8
BLACK
6
CONTINUOUS
10
7.58822
20
-4.28776
11
7.5863
21
-4.28489
0
LINE
8
BLACK
6
CONTINUOUS
10
7.5863
20
-4.28489
11
7.58566
21
-4.28165
0
LINE
8
BLACK
6
CONTINUOUS
10
7.58566
20
-4.28165
11
7.56634
21
-4.28165
0
LINE
8
BLACK
6
CONTINUOUS
10
7.56634
20
-4.28165
11
7.56574
21
-4.28183
0
LINE
8
BLACK
6
CONTINUOUS
10
7.56574
20
-4.28183
11
7.5657
21
-4.28188
0
LINE
8
BLACK
6
CONTINUOUS
10
7.5657
20
-4.28188
11
7.56563
21
-4.28219
0
LINE
8
BLACK
6
CONTINUOUS
10
7.56563
20
-4.28219
11
7.56563
21
-4.28328
0
LINE
8
BLACK
6
CONTINUOUS
10
7.56563
20
-4.28328
11
7.56564
21
-4.28354
0
LINE
8
BLACK
6
CONTINUOUS
10
7.56564
20
-4.28354
11
7.56602
21
-4.28717
0
LINE
8
BLACK
6
CONTINUOUS
10
7.56602
20
-4.28717
11
7.56613
21
-4.2877
0
LINE
8
BLACK
6
CONTINUOUS
10
7.56613
20
-4.2877
11
7.56809
21
-4.29355
0
LINE
8
BLACK
6
CONTINUOUS
10
7.56809
20
-4.29355
11
7.56833
21
-4.29407
0
LINE
8
BLACK
6
CONTINUOUS
10
7.56833
20
-4.29407
11
7.57157
21
-4.2993
0
LINE
8
BLACK
6
CONTINUOUS
10
7.57157
20
-4.2993
11
7.5721
21
-4.29997
0
LINE
8
BLACK
6
CONTINUOUS
10
7.5721
20
-4.29997
11
7.57203
21
-4.30003
0
LINE
8
BLACK
6
CONTINUOUS
10
7.57203
20
-4.30003
11
7.57316
21
-4.30209
0
LINE
8
BLACK
6
CONTINUOUS
10
7.57316
20
-4.30209
11
7.57296
21
-4.30488
0
LINE
8
BLACK
6
CONTINUOUS
10
7.57296
20
-4.30488
11
7.57203
21
-4.30634
0
LINE
8
BLACK
6
CONTINUOUS
10
7.57203
20
-4.30634
11
7.57207
21
-4.30637
0
LINE
8
BLACK
6
CONTINUOUS
10
7.57207
20
-4.30637
11
7.57154
21
-4.30704
0
LINE
8
BLACK
6
CONTINUOUS
10
7.57154
20
-4.30704
11
7.56831
21
-4.31228
0
LINE
8
BLACK
6
CONTINUOUS
10
7.56831
20
-4.31228
11
7.56806
21
-4.3128
0
LINE
8
BLACK
6
CONTINUOUS
10
7.56806
20
-4.3128
11
7.56612
21
-4.31865
0
LINE
8
BLACK
6
CONTINUOUS
10
7.56612
20
-4.31865
11
7.56601
21
-4.31918
0
LINE
8
BLACK
6
CONTINUOUS
10
7.56601
20
-4.31918
11
7.56564
21
-4.32276
0
LINE
8
BLACK
6
CONTINUOUS
10
7.56564
20
-4.32276
11
7.56563
21
-4.32301
0
LINE
8
BLACK
6
CONTINUOUS
10
7.56563
20
-4.32301
11
7.56563
21
-4.32393
0
LINE
8
BLACK
6
CONTINUOUS
10
7.56563
20
-4.32393
11
7.56581
21
-4.32453
0
LINE
8
BLACK
6
CONTINUOUS
10
7.56581
20
-4.32453
11
7.56586
21
-4.32458
0
LINE
8
BLACK
6
CONTINUOUS
10
7.47234
20
-4.43117
11
7.47756
21
-4.43313
0
LINE
8
BLACK
6
CONTINUOUS
10
7.47756
20
-4.43313
11
7.48203
21
-4.43647
0
LINE
8
BLACK
6
CONTINUOUS
10
7.48203
20
-4.43647
11
7.48538
21
-4.44094
0
LINE
8
BLACK
6
CONTINUOUS
10
7.48538
20
-4.44094
11
7.48734
21
-4.44617
0
LINE
8
BLACK
6
CONTINUOUS
10
7.48734
20
-4.44617
11
7.4878
21
-4.45039
0
LINE
8
BLACK
6
CONTINUOUS
10
7.4878
20
-4.45039
11
7.4878
21
-4.48976
0
LINE
8
BLACK
6
CONTINUOUS
10
7.4878
20
-4.48976
11
7.48734
21
-4.49399
0
LINE
8
BLACK
6
CONTINUOUS
10
7.48734
20
-4.49399
11
7.48538
21
-4.49922
0
LINE
8
BLACK
6
CONTINUOUS
10
7.48538
20
-4.49922
11
7.48203
21
-4.50368
0
LINE
8
BLACK
6
CONTINUOUS
10
7.48203
20
-4.50368
11
7.47756
21
-4.50703
0
LINE
8
BLACK
6
CONTINUOUS
10
7.47756
20
-4.50703
11
7.47234
21
-4.50899
0
LINE
8
BLACK
6
CONTINUOUS
10
7.47234
20
-4.50899
11
7.46811
21
-4.50945
0
LINE
8
BLACK
6
CONTINUOUS
10
7.46811
20
-4.50945
11
7.42874
21
-4.50945
0
LINE
8
BLACK
6
CONTINUOUS
10
7.42874
20
-4.50945
11
7.42451
21
-4.50899
0
LINE
8
BLACK
6
CONTINUOUS
10
7.42451
20
-4.50899
11
7.41929
21
-4.50703
0
LINE
8
BLACK
6
CONTINUOUS
10
7.41929
20
-4.50703
11
7.4188
21
-4.50666
0
LINE
8
BLACK
6
CONTINUOUS
10
7.4188
20
-4.50666
11
7.39541
21
-4.53005
0
LINE
8
BLACK
6
CONTINUOUS
10
7.39541
20
-4.53005
11
7.39471
21
-4.53058
0
LINE
8
BLACK
6
CONTINUOUS
10
7.39471
20
-4.53058
11
7.39459
21
-4.53072
0
LINE
8
BLACK
6
CONTINUOUS
10
7.39459
20
-4.53072
11
7.39448
21
-4.53075
0
LINE
8
BLACK
6
CONTINUOUS
10
7.39448
20
-4.53075
11
7.39428
21
-4.5309
0
LINE
8
BLACK
6
CONTINUOUS
10
7.39428
20
-4.5309
11
7.39309
21
-4.53115
0
LINE
8
BLACK
6
CONTINUOUS
10
7.39309
20
-4.53115
11
7.39193
21
-4.5315
0
LINE
8
BLACK
6
CONTINUOUS
10
7.39193
20
-4.5315
11
7.37106
21
-4.5315
0
LINE
8
BLACK
6
CONTINUOUS
10
7.37106
20
-4.5315
11
7.37106
21
-4.53543
0
LINE
8
BLACK
6
CONTINUOUS
10
7.37106
20
-4.53543
11
7.37039
21
-4.53882
0
LINE
8
BLACK
6
CONTINUOUS
10
7.37039
20
-4.53882
11
7.36847
21
-4.5417
0
LINE
8
BLACK
6
CONTINUOUS
10
7.36847
20
-4.5417
11
7.36559
21
-4.54362
0
LINE
8
BLACK
6
CONTINUOUS
10
7.36559
20
-4.54362
11
7.3622
21
-4.54429
0
LINE
8
BLACK
6
CONTINUOUS
10
7.3622
20
-4.54429
11
7.34252
21
-4.54429
0
LINE
8
BLACK
6
CONTINUOUS
10
7.34252
20
-4.54429
11
7.33913
21
-4.54362
0
LINE
8
BLACK
6
CONTINUOUS
10
7.33913
20
-4.54362
11
7.33626
21
-4.5417
0
LINE
8
BLACK
6
CONTINUOUS
10
7.33626
20
-4.5417
11
7.33434
21
-4.53882
0
LINE
8
BLACK
6
CONTINUOUS
10
7.33434
20
-4.53882
11
7.33366
21
-4.53543
0
LINE
8
BLACK
6
CONTINUOUS
10
7.33366
20
-4.53543
11
7.33366
21
-4.51772
0
LINE
8
BLACK
6
CONTINUOUS
10
7.33366
20
-4.51772
11
7.33434
21
-4.51433
0
LINE
8
BLACK
6
CONTINUOUS
10
7.33434
20
-4.51433
11
7.33626
21
-4.51145
0
LINE
8
BLACK
6
CONTINUOUS
10
7.33626
20
-4.51145
11
7.33913
21
-4.50953
0
LINE
8
BLACK
6
CONTINUOUS
10
7.33913
20
-4.50953
11
7.34252
21
-4.50886
0
LINE
8
BLACK
6
CONTINUOUS
10
7.34252
20
-4.50886
11
7.3622
21
-4.50886
0
LINE
8
BLACK
6
CONTINUOUS
10
7.3622
20
-4.50886
11
7.36559
21
-4.50953
0
LINE
8
BLACK
6
CONTINUOUS
10
7.36559
20
-4.50953
11
7.36847
21
-4.51145
0
LINE
8
BLACK
6
CONTINUOUS
10
7.36847
20
-4.51145
11
7.37039
21
-4.51433
0
LINE
8
BLACK
6
CONTINUOUS
10
7.37039
20
-4.51433
11
7.37106
21
-4.51772
0
LINE
8
BLACK
6
CONTINUOUS
10
7.37106
20
-4.51772
11
7.37106
21
-4.52165
0
LINE
8
BLACK
6
CONTINUOUS
10
7.37106
20
-4.52165
11
7.38989
21
-4.52165
0
LINE
8
BLACK
6
CONTINUOUS
10
7.38989
20
-4.52165
11
7.41184
21
-4.4997
0
LINE
8
BLACK
6
CONTINUOUS
10
7.41184
20
-4.4997
11
7.41147
21
-4.49922
0
LINE
8
BLACK
6
CONTINUOUS
10
7.41147
20
-4.49922
11
7.40951
21
-4.49399
0
LINE
8
BLACK
6
CONTINUOUS
10
7.40951
20
-4.49399
11
7.40906
21
-4.48976
0
LINE
8
BLACK
6
CONTINUOUS
10
7.40906
20
-4.48976
11
7.40906
21
-4.45039
0
LINE
8
BLACK
6
CONTINUOUS
10
7.40906
20
-4.45039
11
7.40951
21
-4.44617
0
LINE
8
BLACK
6
CONTINUOUS
10
7.40951
20
-4.44617
11
7.41147
21
-4.44094
0
LINE
8
BLACK
6
CONTINUOUS
10
7.41147
20
-4.44094
11
7.41482
21
-4.43647
0
LINE
8
BLACK
6
CONTINUOUS
10
7.41482
20
-4.43647
11
7.41929
21
-4.43313
0
LINE
8
BLACK
6
CONTINUOUS
10
7.41929
20
-4.43313
11
7.42451
21
-4.43117
0
LINE
8
BLACK
6
CONTINUOUS
10
7.42451
20
-4.43117
11
7.42874
21
-4.43071
0
LINE
8
BLACK
6
CONTINUOUS
10
7.42874
20
-4.43071
11
7.46811
21
-4.43071
0
LINE
8
BLACK
6
CONTINUOUS
10
7.46811
20
-4.43071
11
7.47234
21
-4.43117
0
LINE
8
BLACK
6
CONTINUOUS
10
7.47234
20
-4.33117
11
7.47756
21
-4.33313
0
LINE
8
BLACK
6
CONTINUOUS
10
7.47756
20
-4.33313
11
7.48203
21
-4.33647
0
LINE
8
BLACK
6
CONTINUOUS
10
7.48203
20
-4.33647
11
7.48538
21
-4.34094
0
LINE
8
BLACK
6
CONTINUOUS
10
7.48538
20
-4.34094
11
7.48734
21
-4.34617
0
LINE
8
BLACK
6
CONTINUOUS
10
7.48734
20
-4.34617
11
7.4878
21
-4.35039
0
LINE
8
BLACK
6
CONTINUOUS
10
7.4878
20
-4.35039
11
7.4878
21
-4.38976
0
LINE
8
BLACK
6
CONTINUOUS
10
7.4878
20
-4.38976
11
7.48734
21
-4.39399
0
LINE
8
BLACK
6
CONTINUOUS
10
7.48734
20
-4.39399
11
7.48538
21
-4.39922
0
LINE
8
BLACK
6
CONTINUOUS
10
7.48538
20
-4.39922
11
7.48203
21
-4.40368
0
LINE
8
BLACK
6
CONTINUOUS
10
7.48203
20
-4.40368
11
7.47756
21
-4.40703
0
LINE
8
BLACK
6
CONTINUOUS
10
7.47756
20
-4.40703
11
7.47234
21
-4.40899
0
LINE
8
BLACK
6
CONTINUOUS
10
7.47234
20
-4.40899
11
7.46811
21
-4.40945
0
LINE
8
BLACK
6
CONTINUOUS
10
7.46811
20
-4.40945
11
7.42874
21
-4.40945
0
LINE
8
BLACK
6
CONTINUOUS
10
7.42874
20
-4.40945
11
7.42451
21
-4.40899
0
LINE
8
BLACK
6
CONTINUOUS
10
7.42451
20
-4.40899
11
7.41929
21
-4.40703
0
LINE
8
BLACK
6
CONTINUOUS
10
7.41929
20
-4.40703
11
7.41482
21
-4.40368
0
LINE
8
BLACK
6
CONTINUOUS
10
7.41482
20
-4.40368
11
7.41147
21
-4.39922
0
LINE
8
BLACK
6
CONTINUOUS
10
7.41147
20
-4.39922
11
7.40951
21
-4.39399
0
LINE
8
BLACK
6
CONTINUOUS
10
7.40951
20
-4.39399
11
7.40906
21
-4.38976
0
LINE
8
BLACK
6
CONTINUOUS
10
7.40906
20
-4.38976
11
7.40906
21
-4.35039
0
LINE
8
BLACK
6
CONTINUOUS
10
7.40906
20
-4.35039
11
7.40951
21
-4.34617
0
LINE
8
BLACK
6
CONTINUOUS
10
7.40951
20
-4.34617
11
7.41147
21
-4.34094
0
LINE
8
BLACK
6
CONTINUOUS
10
7.41147
20
-4.34094
11
7.41482
21
-4.33647
0
LINE
8
BLACK
6
CONTINUOUS
10
7.41482
20
-4.33647
11
7.41929
21
-4.33313
0
LINE
8
BLACK
6
CONTINUOUS
10
7.41929
20
-4.33313
11
7.42451
21
-4.33117
0
LINE
8
BLACK
6
CONTINUOUS
10
7.42451
20
-4.33117
11
7.42874
21
-4.33071
0
LINE
8
BLACK
6
CONTINUOUS
10
7.42874
20
-4.33071
11
7.46811
21
-4.33071
0
LINE
8
BLACK
6
CONTINUOUS
10
7.46811
20
-4.33071
11
7.47234
21
-4.33117
0
LINE
8
BLACK
6
CONTINUOUS
10
7.35969
20
-4.17095
11
7.36256
21
-4.17287
0
LINE
8
BLACK
6
CONTINUOUS
10
7.36256
20
-4.17287
11
7.36448
21
-4.17574
0
LINE
8
BLACK
6
CONTINUOUS
10
7.36448
20
-4.17574
11
7.36516
21
-4.17913
0
LINE
8
BLACK
6
CONTINUOUS
10
7.36516
20
-4.17913
11
7.36516
21
-4.19882
0
LINE
8
BLACK
6
CONTINUOUS
10
7.36516
20
-4.19882
11
7.36501
21
-4.19958
0
LINE
8
BLACK
6
CONTINUOUS
10
7.36501
20
-4.19958
11
7.40906
21
-4.24363
0
LINE
8
BLACK
6
CONTINUOUS
10
7.40906
20
-4.24363
11
7.40906
21
-4.23071
0
LINE
8
BLACK
6
CONTINUOUS
10
7.40906
20
-4.23071
11
7.4878
21
-4.23071
0
LINE
8
BLACK
6
CONTINUOUS
10
7.4878
20
-4.23071
11
7.4878
21
-4.30945
0
LINE
8
BLACK
6
CONTINUOUS
10
7.4878
20
-4.30945
11
7.40906
21
-4.30945
0
LINE
8
BLACK
6
CONTINUOUS
10
7.40906
20
-4.30945
11
7.40906
21
-4.25755
0
LINE
8
BLACK
6
CONTINUOUS
10
7.40906
20
-4.25755
11
7.3587
21
-4.2072
0
LINE
8
BLACK
6
CONTINUOUS
10
7.3587
20
-4.2072
11
7.3563
21
-4.20768
0
LINE
8
BLACK
6
CONTINUOUS
10
7.3563
20
-4.20768
11
7.33858
21
-4.20768
0
LINE
8
BLACK
6
CONTINUOUS
10
7.33858
20
-4.20768
11
7.33519
21
-4.207
0
LINE
8
BLACK
6
CONTINUOUS
10
7.33519
20
-4.207
11
7.33232
21
-4.20508
0
LINE
8
BLACK
6
CONTINUOUS
10
7.33232
20
-4.20508
11
7.3304
21
-4.20221
0
LINE
8
BLACK
6
CONTINUOUS
10
7.3304
20
-4.20221
11
7.32972
21
-4.19882
0
LINE
8
BLACK
6
CONTINUOUS
10
7.32972
20
-4.19882
11
7.32972
21
-4.17913
0
LINE
8
BLACK
6
CONTINUOUS
10
7.32972
20
-4.17913
11
7.3304
21
-4.17574
0
LINE
8
BLACK
6
CONTINUOUS
10
7.3304
20
-4.17574
11
7.33232
21
-4.17287
0
LINE
8
BLACK
6
CONTINUOUS
10
7.33232
20
-4.17287
11
7.33519
21
-4.17095
0
LINE
8
BLACK
6
CONTINUOUS
10
7.33519
20
-4.17095
11
7.33858
21
-4.17028
0
LINE
8
BLACK
6
CONTINUOUS
10
7.33858
20
-4.17028
11
7.3563
21
-4.17028
0
LINE
8
BLACK
6
CONTINUOUS
10
7.3563
20
-4.17028
11
7.35969
21
-4.17095
0
CIRCLE
8
BLACK
10
7.74606
20
-4.13386
40
0.00787402
0
CIRCLE
8
BLACK
10
7.74606
20
-4.01575
40
0.00787402
0
CIRCLE
8
BLACK
10
7.74606
20
-4.0748
40
0.00787402
0
CIRCLE
8
BLACK
10
7.90354
20
-4.20276
40
0.00787402
0
CIRCLE
8
BLACK
10
8.04134
20
-4.24213
40
0.00787402
  0
ENDSEC
  0
EOF
